Inchi_key,Smiles
RAEDEZWVLQSYAR-CLFYSBASSA-N,[O-]/[N+](=N\OCCl)N1CCOCC1
UTXDPIGHIUIJIS-UHFFFAOYSA-N,CC(CN)c1cnc[nH]1
ODJQKYXPKWQWNK-UHFFFAOYSA-N,O=C(O)CCSCCC(=O)O
BWUFFNRDKQQEQQ-GDVGLLTNSA-N,CC1SC(=O)[C@@H]2CCCN2C1=O
RSXWJXPKLRYMHW-UHFFFAOYSA-N,Cc1nc([N+](=O)[O-])cn1CCO
JWOSTXBESVWMJW-UHFFFAOYSA-N,NS(=O)(=O)OC1CCCCC1
RMIPQHUGPXYCNJ-UHFFFAOYSA-N,Sc1nc(-c2cnccn2)no1
HJJPJSXJAXAIPN-UHFFFAOYSA-N,COC(=O)C1=CCCN(C)C1
UIIIBRHUICCMAI-UHFFFAOYSA-N,C=CCS(=O)(=O)O
BVBHLUPLDQQCEO-UHFFFAOYSA-N,CC(Cn1ncccc1=O)C(=N)S
ZZKQYXZXRHAHKH-UHFFFAOYSA-N,O=C(O)CNC1=NCCCCC1
VHKABBARGFUYOF-UHFFFAOYSA-N,O=Cc1ccc2c(c1)NC(=O)CO2
PBMRQWSDPALSGJ-RXMQYKEDSA-N,C=C1C[C@@H]1CC(N)=O
ZHTYLJBFAGOFTI-UHFFFAOYSA-N,Cc1[nH]cc(CO)c(=O)c1O
POAJZJIIPONBQZ-UHFFFAOYSA-N,CSCc1cc(C(=O)O)[nH]n1
TWORTZAXDSRCIT-OCAPTIKFSA-N,OCC[C@]1(O)CC[C@@H](O)CC1
XIELUBTUPNHUBE-QPJJXVBHSA-N,C/[N+]([O-])=C\c1ccc([N+](=O)[O-])o1
YEKJABDQUZLZOA-UHFFFAOYSA-N,CNC(=O)C(N)c1ccccc1
CDUXWOGEFLHLAE-UHFFFAOYSA-N,CC(C)(C)C(=O)NC#N
BMDACKAPJVTQEU-UHFFFAOYSA-N,CC(C)CCc1n[nH]c(=O)o1
VETJNXLHVDPVOS-UHFFFAOYSA-N,O=C(O)c1cccc(OCCO)c1
WPOFILKHBZCUBY-UHFFFAOYSA-N,CCC(c1c[nH]cn1)C(N)C(=O)OC
DFMICROCHBNKJA-UHFFFAOYSA-N,CCCc1c(C(N)C(=O)O)cnn1O
HBROZNQEVUILML-UHFFFAOYSA-N,O=C(NO)c1ccccc1O
DJSJGNSOMVFVLJ-UHFFFAOYSA-N,Cc1ccc(NC(=N)NCCO)nc1
GGIDWPFJFKVALD-UHFFFAOYSA-N,CCOC(=O)ON1C(=O)CCC1=O
OJYQADLIYHRBEX-YRNVUSSQSA-N,CN(C)/C=N/NC(=O)c1ccncc1
PREXGTBZMLDXHV-UHFFFAOYSA-N,O=NN1CCCCO1
JFPOJFNCLXTSOD-UHFFFAOYSA-N,O=P(O)(O)Cc1ccncn1
NKWCGTOZTHZDHB-UHFFFAOYSA-N,O=C(O)c1c[nH]cn1
BABNDIHHFOPOOI-UHFFFAOYSA-N,Nc1cc(=O)[nH]c2c1CCC2
ZWWMMGWARKFOJP-ZJUUUORDSA-N,CC(C)C(=O)N1C[C@H]2CCCN[C@H]2C1
YBWLIIDAKFNRBL-UHFFFAOYSA-N,CC(=O)SCCN
WWUXRAWFAFPGPY-UHFFFAOYSA-N,CC(=O)c1cnc2nc(C)nn2c1C
NHYQQYMSESLQDX-UHFFFAOYSA-N,N#Cc1ncnc2[nH]cnc12
OYWFPLMLVSSSLE-UHFFFAOYSA-N,COc1ncnc2c1NC(=O)CS2
DMOYBIUAWCVPLF-UHFFFAOYSA-N,CC1(C)CC(=O)C(=[N+]=[N-])C(=O)C1
PBQZQTQFQFYBNJ-UHFFFAOYSA-N,CONC(=O)c1ccccc1
UPMLHDQEUSGTQG-PHIMTYICSA-N,CCN1C[C@H]2C[C@@H](C1)CN(C(C)=O)C2
DOYOPBSXEIZLRE-UHFFFAOYSA-N,O=C(O)c1cc[nH]c1
JSXCAZOHVKHONY-UHFFFAOYSA-N,Cc1cc(C)n2ncc(N)c2n1
WXDSVKZIHNLBES-UHFFFAOYSA-N,COC(=O)CCC(=O)N1CC1C
ULBUASDTRNVFPH-UHFFFAOYSA-N,CN(C)C(=O)c1cnn2c1OCCC2
KZEYOZKGIDUZLU-QLNVLWNGSA-N,CC(=O)/C=C/C(=C/[C@H](C)O)CO
DZLFRQHFFVRYEE-UHFFFAOYSA-N,NNC(=O)c1cc2ccccc2[nH]1
UAXMDBXWWFRSAK-YMVPXFTJSA-N,C[C@H]1C[C@@H]2OC(=O)[C@@H]3C(=O)OC[C@H]1[C@@H]32
QCKRAMDNVJZRBF-UHFFFAOYSA-N,O=C1CC(c2ccccc2)NCN1
QVBXPYTXSYFPBC-RNFRBKRXSA-N,CNC(=O)OC[C@H]1C[C@H]1N(C)C
ZIIBGHUPSHQDEW-UHFFFAOYSA-N,CCn1c(C)cc(O)cc1=O
RQFRQMMYBMWQBM-UXBLZVDNSA-N,CO/N=C/C1CN2CCC1CC2
BERUOTKXCOOJJM-DUXPYHPUSA-N,C/C(=C\C(=O)O)CO
IKPHLXTZBLLGCG-UHFFFAOYSA-N,O=C1c2ccccc2C(=O)c2[nH]nnc21
RBCVXENZZZVCFS-UHFFFAOYSA-N,CNC(=S)NNC(=O)C(C)(C)C
MDGKXYUMSAQTPL-UHFFFAOYSA-N,CON1C(=O)CC2(CCCC2)C1=O
GXHXWYPFYXTSRC-UHFFFAOYSA-N,Cc1nn(C)c2c1sc1nncn12
RYMYQAMZUWJAEO-UHFFFAOYSA-N,NS(=O)(=O)c1cc2ccccc2[nH]1
JBMBVWROWJGFMG-UHFFFAOYSA-N,Clc1ncc2[nH]cnc2n1
OCWIPIMYSTWDJI-UHFFFAOYSA-N,O=C(NO)c1ncccc1Cl
KMOUUZVZFBCRAM-UHFFFAOYSA-N,O=C1OC(=O)C2CC=CCC12
PZOIEPPCQPZUAP-UHFFFAOYSA-N,CCCCC(O)CN
BHTZCIGVYSJBQB-UHFFFAOYSA-N,CC(=O)c1cc[nH]n1
WAFDOCQYHNCLIC-UHFFFAOYSA-N,COCc1nnc(NC(C)=O)s1
WLECPZJERMBRKY-UHFFFAOYSA-N,CCCCP(=O)(O)CC(O)CN
ZJVBKUCVYUDUHK-SNAWJCMRSA-N,COC(=O)/C=C/C1=CN(C)CN1C
CWXYHOHYCJXYFQ-UHFFFAOYSA-N,O=C(O)CCNC(=O)c1ccccc1
WPZGDMHEBVYNLZ-VMPITWQZSA-N,CS(=O)(=O)/C(C#N)=C/c1ccc[nH]1
DVOSRLSVEOCANS-UHFFFAOYSA-N,O=[N+]([O-])OCCCCCO
ZJGXLWXYCZGAJX-UHFFFAOYSA-N,NC1=NC2(CCCO2)CCS1
JYLRGSILCSWRSY-UHFFFAOYSA-N,Cc1n[nH]c(NCCO)c1[N+](=O)[O-]
HQTYIRUSJRQGBS-UHFFFAOYSA-N,O=C1COC2(CCNCC2)C1
ZAKLKBFCSHJIRI-UHFFFAOYSA-N,O=C1OC(O)C(Cl)=C1Cl
GOIFAGYTACLHFG-UHFFFAOYSA-O,C[n+]1ccc(/C=N/O)c(F)c1
YHUAHVPZGNXPMS-UHFFFAOYSA-N,CCc1c(O)c(=O)ccn1C
FGVVTMRZYROCTH-UHFFFAOYSA-N,[O-][n+]1ccccc1S
GBQQIMAKWFXDDK-UHFFFAOYSA-N,Cc1ncn2c(=O)[nH]ncc12
PGRHXDWITVMQBC-UHFFFAOYSA-N,CC(=O)C1C(=O)C=C(C)OC1=O
CIKRUXXVSDQFHD-UHFFFAOYSA-N,O=C1C=C(C2CC=CCO2)C(O)O1
HIZMOSZXHSNYFG-UHFFFAOYSA-N,CC1=C(CO)C(C)(C)CC(=O)C1O
NBPIKJMMYBAHGS-UHFFFAOYSA-N,Cc1cc(C(=O)NCC(=O)O)c(C)o1
OIDIRWZVUWCCCO-UHFFFAOYSA-N,CC[n+]1ccccc1
HANLPTNWOHPPBT-UHFFFAOYSA-N,CC(C)C(CO)CC(=O)O
VUERQRKTYBIULR-UHFFFAOYSA-N,CCO[PH](=O)O
FBSFWRHWHYMIOG-UHFFFAOYSA-N,COC(=O)c1cc(O)c(O)c(O)c1
ALYNCZNDIQEVRV-UHFFFAOYSA-N,Nc1ccc(C(=O)O)cc1
MNWYXJXDGKCBFV-UHFFFAOYSA-N,Nc1nc(-c2cnccn2)ns1
NWARLDNUDONSGV-UHFFFAOYSA-N,Cc1cc(Cl)nc(NCCN)n1
KLYZILOJVQMYSK-UHFFFAOYSA-N,COc1ccc(OC)c(C(N)=O)c1
RJNJWHFSKNJCTB-UHFFFAOYSA-N,NC(=O)NCc1ccccc1
RUMORPMPZWAZOZ-UHFFFAOYSA-N,O=C1C=CC(NC(=O)CCl)C1
SRCBMONTDYZTOB-UHFFFAOYSA-N,CCN(COC)N=O
GGYVTHJIUNGKFZ-UHFFFAOYSA-N,CN1CCCCC1=O
JFUVIRBIEGGGAV-XBXARRHUSA-N,Nc1nnnn1/N=C/c1cccs1
PZKWQLXWCWIRGV-ZCFIWIBFSA-N,CCNC(=O)N[C@H](CC)CO
VQPCEYJOGDXUFW-FXBDTBDDSA-N,C[C@H]1CCC[C@]2(O[C@@H](O)C=CC2=O)O1
QHOOUEYCLVTBPU-UHFFFAOYSA-O,CC[N+](C)(C)CC(=O)O
UVSNFZAOYHOOJO-UHFFFAOYSA-N,Oc1ccc2[nH]nnc2c1
KAJYCRNJJRQNMU-WEVVVXLNSA-N,O=C(NO)N/N=C/c1ccccc1O
NAAZXRDKBDXLMS-UHFFFAOYSA-N,CC(=O)Nc1ccncc1N
FRGRBTVTBPOAIY-UHFFFAOYSA-N,O=C(NCCCl)SCCO
LWRZENUXXSTRBD-UHFFFAOYSA-N,CNC(C(=O)O)c1c(C)o[nH]c1=O
QEZPUQMNWKYVDS-UHFFFAOYSA-N,O=Cc1ccc(OCC(O)CO)cc1
ULXKXLZEOGLCRJ-UHFFFAOYSA-N,CCSCC(N)C(=O)O
OTVCGIWBAYNHOW-UHFFFAOYSA-N,CNC(=O)c1cccc(C(=O)NO)c1
LCTPUJDUSKCUMZ-YUMQZZPRSA-N,C[C@H]1CC2(CC[C@@H]1O)OCCO2
DTIFFHAURKBXJT-LURJTMIESA-N,FCc1cc(OC[C@@H]2CCN2)on1
IKJDIDUPEGBVKA-UHFFFAOYSA-N,O=c1[nH]c2ncccc2cc1O
OECTYKWYRCHAKR-UHFFFAOYSA-N,C1CC2OC2CC1C1CO1
DCDBUDNURLZBED-POYBYMJQSA-N,NC[C@@H]1C=C[C@H](c2c[nH]cn2)O1
OIRDBPQYVWXNSJ-UHFFFAOYSA-N,COS(=O)(=O)C(F)(F)F
VFSOLOWNRZXMRH-UHFFFAOYSA-N,O=C(Cc1cccc(F)c1)NO
SJDAOFMYBGFPOF-BJMVGYQFSA-N,O/N=C/c1nc(-c2ccncc2)no1
XKXCGXSHUNVFCT-UHFFFAOYSA-N,N/C(=N\O)c1ccccn1
BGKUWZFWNZFRMO-UHFFFAOYSA-N,NCC#Cc1cccnc1
BZZIJKWURTYMLH-UHFFFAOYSA-N,CN(C)C1=CC(=O)C(N(C)C)=CC1=O
YYZCEOGYVYXDPC-BJMVGYQFSA-N,C/C(=N\NC(N)=S)c1ccc[nH]1
DVKSJLWFAOFXDM-ONEGZZNKSA-N,O=C(O)/C=C/C(=O)Nc1cccnc1
YXLPJEYGHOYBND-UHFFFAOYSA-N,COc1cccc(N2CCC(=O)N2)c1
CXOGMMQKRNROKJ-UHFFFAOYSA-N,O=c1cccc2n1CC1CNCC21
DOPJTDJKZNWLRB-UHFFFAOYSA-N,Nc1ccc([N+](=O)[O-])cc1O
NHTGHBARYWONDQ-JTQLQIEISA-N,C[C@](N)(Cc1ccc(O)cc1)C(=O)O
WUJKUDYOBOSPIE-UHFFFAOYSA-N,CCOC(=O)C(C(=O)NO)C(C)C
ZKBWTTJXLBXQBL-RUDMXATFSA-N,Cc1ccc(/C=N/n2nnnc2N)o1
MGNRYCZKSOWXIP-UHFFFAOYSA-N,NCC1CC(=O)CC(=O)C1
CAHPJJJZLQXPKS-JTQLQIEISA-N,C[C@](N)(Cc1cccc(O)c1)C(=O)O
WDMDEGIRDMDAFZ-FWPZAIACSA-N,C=CC1C[C@H](N)[C@H](C(=O)O)C1
UVHFUQYTPWWZFB-UUFMJPOISA-N,CO/N=C(\C)[C@H]1CN2CC[C@H]1C2
BXTYDNLOFHBZFS-UHFFFAOYSA-N,COC(=O)C(Br)CF
ZMNVGQRKZUGOQF-BYPYZUCNSA-N,CSC(=S)N[C@H]1CCOC1=O
NQEWXLVDAVTOHM-UHFFFAOYSA-N,NNC(=O)c1cccc([N+](=O)[O-])c1
CVVDYLXTNDBWJC-UHFFFAOYSA-N,NC1CC=C(C(=O)O)C1
VBIWTALYKCUJQJ-UHFFFAOYSA-N,N=C(N)N1CCc2ccccc21
CORPZWBVJRCLMW-UHFFFAOYSA-N,NCCCc1cccnc1
KTEPQLOOQDLKHF-BQBZGAKWSA-N,C[C@H]1CNC[C@@H]1c1c[nH]cn1
FCBGYAWEDJSZGV-UWVGGRQHSA-N,N[C@H]1Cc2ccccc2C[C@H](O)C1=O
NSZLSZUYGCHLLY-UHFFFAOYSA-N,O=c1[nH]cnc2c1N1CCC2CC1
OVOOMKQEFDAYTF-UHFFFAOYSA-N,Cc1cc(C)nc(NCCC(=O)O)n1
NOIRTYMOEFHJRM-UHFFFAOYSA-N,COCN1C(=O)c2ccccc2C1=O
CGJMVNVWQHPASW-UHFFFAOYSA-N,NC(=O)c1cnc2ccccc2n1
JVMUEYFSUCQOKO-UHFFFAOYSA-N,NCCCNCCCCN1CC1
UBZIRRGOXVDJQB-UHFFFAOYSA-N,OC1c2ccccc2C(O)C2OC12
ZNQFZPCFVNOXJQ-UHFFFAOYSA-N,CC(=O)N(C)C(C)=O
ATFRCSUHHNRRLZ-UHFFFAOYSA-N,CNc1ncnn2cccc12
IOWZFEODXQZVRF-VNKDHWASSA-N,CC/C=C/C=C/OCC(O)CO
XVHNGLQDZFUCKO-UHFFFAOYSA-N,O=c1[nH]ccc2cnccc12
XEEYSDHEOQHCDA-UHFFFAOYSA-N,C=C(C)CS(=O)(=O)O
IHDSFYHRZSBSGS-UHFFFAOYSA-N,NC(C(=O)O)C1CC2C=CC1C2
FWNNQQDQXAMXMK-UHFFFAOYSA-N,CC(N)Cc1cc(O)c(O)cc1O
UEGOHPVSKUDFJE-UHFFFAOYSA-N,NCCc1c[nH]c(C(F)(F)F)n1
CFHPNABTZSOBQJ-UHFFFAOYSA-N,Cc1cccc(NC(=N)N=C(N)N)c1
JVGVDSSUAVXRDY-QMMMGPOBSA-N,O=C(O)[C@@H](O)Cc1ccc(O)cc1
XMBWDFGMSWQBCA-AHCXROLUSA-N,[123IH]
RMRXSWXCXDHSBA-UHFFFAOYSA-N,NCCc1nc[nH]c1Cl
DVLGIQNHKLWSRU-UHFFFAOYSA-N,COC(=O)c1c[nH]cn1
CXDZNCNRYCJVBG-UHFFFAOYSA-N,CC(N)P(=O)(O)CCC(=O)O
ZAKAONRTRWRIJT-UHFFFAOYSA-N,CCOC(=N)CC(=O)OCC
ZPIAUDCRBBFYAR-UHFFFAOYSA-N,N=C(N)Nc1ccc(NC(=N)N)cc1
YZGQDNOIGFBYKF-UHFFFAOYSA-N,CCOCC(=O)O
FJHZBXIXOWMDDQ-WZUFQYTHSA-N,N#C/C(=N/NC(=N)N)c1cccs1
CGQCWMIAEPEHNQ-QMMMGPOBSA-N,COc1cc([C@H](O)C(=O)O)ccc1O
DTQHBGFFKQIZOV-NSCUHMNNSA-N,Cn1ncc(/C=C/C#N)cc1=O
HQPMZDTTZSLKKL-UHFFFAOYSA-N,C/N=C(\S)c1nccnc1N
UVOPIJQQMRLUAD-UHFFFAOYSA-N,Cc1[nH]ccc(=O)c1O
AXFYFNCPONWUHW-UHFFFAOYSA-N,CC(C)(O)CC(=O)O
OCQICQZUUHJWGZ-BYPYZUCNSA-N,CC1(C)N[C@H](C(=O)O)CS1
GNOIPBMMFNIUFM-UHFFFAOYSA-N,CN(C)P(=O)(N(C)C)N(C)C
GWXABUXUVQEBBW-UHFFFAOYSA-N,OC1Cc2ccccc2N1
ZKMZPXWMMSBLNO-UHFFFAOYSA-N,O=C1CN2CCC1CC2
CBAZYOHUXOJCOD-UHFFFAOYSA-N,CCOc1noc2c1CCNCC2
QNAMAHPSRMVTQM-UHFFFAOYSA-N,CCCCc1cc(-c2nnn[nH]2)n[nH]1
VBOYONXEJMSAAT-UHFFFAOYSA-N,CC1=C(CO)C(=O)CC1
PHOJOSOUIAQEDH-UHFFFAOYSA-N,O=C(O)CCCCO
JYVXNLLUYHCIIH-ZCFIWIBFSA-N,C[C@@]1(O)CCOC(=O)C1
NQIDIIMAHJAXGD-UHFFFAOYSA-N,O=C(O)Cc1ccc(O)c(C(=O)O)c1
IVDFJHOHABJVEH-UHFFFAOYSA-N,CC(C)(O)C(C)(C)O
OIADDWVYJUDTDW-UHFFFAOYSA-N,CC1=NN2C(=O)CC(=O)N=C2S1
FCVQWDOQFWTHET-YFHOEESVSA-N,NC(=O)/C(=N\O)c1ccccc1
WGKWTPLXGGHZAR-UHFFFAOYSA-N,CC(C[PH](=O)C(C)N)C(=O)O
WYAUHKUSKIIGEI-UHFFFAOYSA-N,N#CSCC(=O)O
WDAATBIZVHOPMI-UHFFFAOYSA-N,COc1ccc(O)c(CCN)c1
JYSWEDYPQJOEPO-UHFFFAOYSA-N,Cc1cc(C)n(CC(=O)O)n1
JRHIBAUUJNOAAB-UHFFFAOYSA-N,Cc1cccnc1CC(O)C(=O)O
AAPGLCCSVSGLFH-UHFFFAOYSA-N,O=C1CCNC(=O)c2[nH]ccc21
INSWZAQOISIYDT-UHFFFAOYSA-N,c1cnc2nccn2c1
BFOLTCOQDQOJOY-UHFFFAOYSA-N,CCCNCP(=O)(O)CN
UJBOAPQQVIKFHR-UHFFFAOYSA-N,CC(C)C(=O)CP(=O)(O)O
TYFNBAWXKVCFMT-UHFFFAOYSA-N,NCC(O)c1ccc(O)c(F)c1
LLXJPNQWAGNDDN-UHFFFAOYSA-N,Nc1ccc2c(c1)CNC(=O)C2
LNHURPJLTHSVMU-UHFFFAOYSA-N,ON=C1C=CC(=NO)C=C1
OLNZOLAKUZHHFC-WDSKDSINSA-N,CCOC(=O)N[C@H]1CC[C@@H]1N
AZQFNDSMVBYRQK-UHFFFAOYSA-N,CN(N)CC(O)c1ccccc1
UNDFYAIFIIFDIC-ZETCQYMHSA-N,CC(C)C[C@@H]1NCCNC1=O
SRHWTZAMPFLHAX-IZZDOVSWSA-N,C/C(=N\NC(N)=S)c1ccncc1
JQBCKRZQAMELAD-UHFFFAOYSA-N,O=C1CCCN1O
LPJCMSSFNLGRJD-UHFFFAOYSA-N,CC(C)SCCNCCN
DFEMJYIRAXUQQB-UHFFFAOYSA-N,CCC1CCOC1=O
KFORAYOQBPRFHN-UHFFFAOYSA-N,CCc1cc(CN)c(O)c(CN)c1
MFIALBVUWLNEGU-UHFFFAOYSA-N,O=c1[nH]c2cnccc2cc1O
PFTRYAJJOLIQIG-UHFFFAOYSA-N,CC(NO)C(C)(C)NO
ZAJAQTYSTDTMCU-UHFFFAOYSA-N,Nc1cccc(S(=O)(=O)O)c1
IIGUXNQRQSATOU-UHFFFAOYSA-N,CCOC(=O)CN(C)N=O
HIBIJRSNVYGSBA-UHFFFAOYSA-N,N#Cc1ncn2ccc(=O)[nH]c12
RDFMDVXONNIGBC-LURJTMIESA-N,CCCCC[C@H](N)C(=O)O
GUCPYIYFQVTFSI-UHFFFAOYSA-N,COc1ccc(C(N)=O)cc1
FEPALPYILGLEJX-UHFFFAOYSA-N,CC(Oc1ccccc1F)C(=O)NN
JUVSRZCUMWZBFK-UHFFFAOYSA-N,Cc1ccc(N(CCO)CCO)cc1
MQVYDIFXDZQMRX-UHFFFAOYSA-N,Cc1nonc1CN(C)C
QSTZQJMQOOWRNP-UHFFFAOYSA-N,COC(=O)c1cc[n+](C)cc1
TUGSJNQAIMFEDY-UHFFFAOYSA-N,COC(=O)c1ccc(C(=O)OC)nc1
TXRCHGMTTXKTPE-NTSWFWBYSA-N,CCC[C@@H](O)[C@H](C)N
VJYCHPGHOKIDDH-UHFFFAOYSA-N,Nc1nc(CCC(=O)O)cs1
YLVVAWCDANPADI-UHFFFAOYSA-N,O=C1CN2Cc3ccccc3N=C2N1
JYJGRWODSHEFGY-UHFFFAOYSA-N,BrC1NC=CN1
CFMZSMGAMPBRBE-UHFFFAOYSA-N,O=C1c2ccccc2C(=O)N1O
BAEFCXUMOHTMRJ-UHFFFAOYSA-N,CC12C3C4C1C1C2C3C41CO
CBOPDFIRBQHXIG-LUAWRHEFSA-N,CO/N=C(/C#N)C1=CCCN(C)C1
HFLDFQPTMPEWII-UHFFFAOYSA-N,CC(C)c1noc(C2CN=CNC2)n1
YALMGFWDBZZMMB-UHFFFAOYSA-N,CN(C)CCCNCCC#N
PYEQXZOIQJWYAH-UHFFFAOYSA-N,O=C1C=CC(=O)C(Br)=C1
PERFWRNKWQXMCO-UHFFFAOYSA-N,CC(C)n1cc2c(N)ncnc2n1
KHEBQHMBQSIODT-UHFFFAOYSA-N,CNc1nccn2ccnc12
YAUZNKLMKRQDAM-UHFFFAOYSA-O,CNC(=O)OCC[N+](C)(C)C
RXBROZSQDAUFHD-UHFFFAOYSA-N,CC12C(=O)OC(=O)C1(C)C1C=CC2O1
NIHBOFIECFLYQB-UHFFFAOYSA-N,CC1CCN(CCCN=C(N)N)CC1
JUVQJNOEIVXUFQ-UHFFFAOYSA-N,Cc1nnc(NC2=NCCC2)o1
MLAOOSRHRBRHIZ-UHFFFAOYSA-N,Cn1ccc(=O)c(O)c1F
NRUOPZCNSMPDPG-YFKPBYRVSA-N,C[C@H](N)C(=S)N1CCSC1
ABSNGNUGFQIDDO-UHFFFAOYSA-N,N=C(N)NCc1ccccc1
GWZMWHWAWHPNHN-UHFFFAOYSA-N,C=CC(=O)OCC(C)O
HPKKEDGOBIXMHS-UHFFFAOYSA-N,COc1cccc(CC(N)=O)c1
KSBBJKNYPGSRAM-UHFFFAOYSA-N,CC(=O)Nc1nnc2n1CCS2
WPUARJMRQQUYAY-UHFFFAOYSA-N,COCC1Cn2cc([N+](=O)[O-])nc2O1
KLYVTOHAEIIQEP-UHFFFAOYSA-N,CC(C)(CO)SC1CC(=O)N1
DQLYTFPAEVJTFM-ZETCQYMHSA-N,N[C@H](C(=O)O)c1cccc(O)c1
WADZRHBGMFVDKY-UHFFFAOYSA-N,COC(=O)Nc1ccncc1N
YQGNRERLSAOKJL-UHFFFAOYSA-N,CCOC(=O)CC(=O)Nc1cc[nH]n1
GUOVBFFLXKJFEE-UHFFFAOYSA-N,O=C(O)c1ccc2[nH]nnc2c1
NSTPXGARCQOSAU-UHFFFAOYSA-N,O=CNC(Cc1ccccc1)C(=O)O
FJNCPBNCTRDXFB-UHFFFAOYSA-N,CCCCN(N=O)C(=N)N[N+](=O)[O-]
JUTHHQRVOOOAQP-RNFRBKRXSA-N,O=C1COC[C@H]2OCCC[C@H]2O1
ZLPVUISIXREHMY-NSCUHMNNSA-N,C/C=C/OC(=O)C1CN=CNC1
GOVNVPJYMDJYSR-UHFFFAOYSA-N,CC(=O)OCCCC(=O)O
KVSRWNPBUMDYOQ-RITPCOANSA-N,COC(=O)[C@@H]1[C@@H](C=O)C1(C)C
FTBBGQKRYUTLMP-UHFFFAOYSA-N,O=[N+]([O-])c1ccc[nH]1
SNQQJEJPJMXYTR-UHFFFAOYSA-N,COC(=O)c1cccc(C(=O)OC)n1
XJFIKRXIJXAJGH-UHFFFAOYSA-N,O=c1[nH]c2ccc(Cl)nc2[nH]1
WXNXCEHXYPACJF-UHFFFAOYSA-N,CC(=O)NC(CC(C)C)C(=O)O
LPBZKHDAKWWKDV-UHFFFAOYSA-N,Cc1nc2sccn2c1C(=O)NN
DKSPRNJUDCWTID-UHFFFAOYSA-N,C1c2c(-c3nnn[nH]3)n[nH]c2C2CC12
FVCKLOGYXTZIAN-NSCUHMNNSA-N,C/C=C/C#COC(=O)C1CN=CNC1
ULDDTFAPYWLDGF-UHFFFAOYSA-N,CCCCN/C(N)=N/O
HKOOXMFOFWEVGF-UHFFFAOYSA-N,NNc1ccccc1
YBSZXIUKDXSGSC-UHFFFAOYSA-N,Cc1cc(C)[n+]2nc(C)n(C)c2n1
PQJZHMCWDKOPQG-UHFFFAOYSA-N,O=C(O)C(=O)Nc1ccccc1
QPLOLKZREQUJTC-UHFFFAOYSA-N,Cc1ncn2c(N(C)C)nncc12
LYHHOFKJUMPEBV-UHFFFAOYSA-N,Cc1cc(=O)[nH]c(C2CCCNC2)n1
NBGMCAGDMQPEBF-UHFFFAOYSA-N,Cc1nc2nc(N)nc(N)c2nc1C
VTMATBHAKYANPP-UHFFFAOYSA-N,CN(C)CCCNC(=S)S
JHPVZICOKOUZCF-SNVBAGLBSA-N,CC(C)(C)[C@@]1(O)C[N+](C)(C)CCO1
JHTWYDHODRPLCW-RITPCOANSA-N,CC1=C[C@H](N)[C@H](C(=O)O)C1
JQCBHVKQBLOSBD-UHFFFAOYSA-N,N=C(N)Cc1cccc(C(=O)O)c1
RPYVIDQHSNAQAX-UHFFFAOYSA-N,C#CC1(O)CC(C)N(C)C(C)C1
GNUCLSFLDHLOBV-UHFFFAOYSA-N,NC(C(=O)O)C(O)c1cccs1
GXUAKXUIILGDKW-UHFFFAOYSA-N,COc1ccc(C(N)C(=O)O)cc1
MCWYKGGJUASALA-MROZADKFSA-N,C[C@@H](C(=O)O)[C@@H]1C[C@H]1N
QUXLCYFNVNNRBE-UHFFFAOYSA-N,Cc1cccc(N)n1
XIBUBTQSOGWALU-UHFFFAOYSA-N,CCCC1(CC)C(=O)NC(=O)NC1=O
RRJZGRCYRQRMEO-UHFFFAOYSA-N,CN(C)CCSS(=O)(=O)O
RTLDJXGEOSVJEX-UHFFFAOYSA-N,O=C(O)C(O)c1ccco1
JNCTYICYMGUAAK-UHFFFAOYSA-N,C#Cc1c(CO)cnc(C)c1O
CACLKPLCEQSUCF-UHFFFAOYSA-N,Cn1ncc2sc3nncn3c21
WICPORLNXBPBPR-UHFFFAOYSA-N,NC(=O)CCc1ccc(N)cc1
SGZFJWQQBHYNNF-UHFFFAOYSA-N,O=C1Nc2ccccc2C1O
ZSKDXMLMMQFHGW-JTQLQIEISA-N,OC[C@@H]1Cc2ccccc2CN1
VRIIGDREOCLUPJ-UHFFFAOYSA-N,CCOC(=O)NN1CC=CCC1
BNHMPHAWYKRSIF-UHFFFAOYSA-N,NC(CS)CCCCC(=O)O
OVPMVOVVCQTDEO-UHFFFAOYSA-N,CC(=O)C(=[N+]=[N-])C(=O)OC(C)(C)C#N
PTEMGJSNACOECE-UHFFFAOYSA-N,CC(=O)Nc1cc(NC(C)=O)ncn1
VQASKUSHBVDKGU-UHFFFAOYSA-N,CCC1(C)OC(=O)N(C)C1=O
OLNZOLAKUZHHFC-WDSKDSINSA-N,CCOC(=O)N[C@H]1CC[C@@H]1N
KTWYCDBFLVQSAE-UHFFFAOYSA-N,CC(=O)OCc1nnn2c1CCC2
CJQWLNNCQIHKHP-UHFFFAOYSA-N,CCOC(=O)CCS
QEESFGJMQBONPV-UHFFFAOYSA-N,C=C(NC(=O)C1CC1(C)C)C(=O)O
JASKMEUWYOXVFB-SSDOTTSWSA-N,NC[C@@H](CC(=O)O)Cc1ccco1
LTEPZFZSPZASKJ-UHFFFAOYSA-N,O=C(CCO)c1ccc(O)cc1
RHQDFWAXVIIEBN-UHFFFAOYSA-N,OCC(F)(F)F
WXPYBUNRDDNOHK-UHFFFAOYSA-N,CC1Cn2c([N+](=O)[O-])cnc2O1
STLLWMVKGSDWJT-UHFFFAOYSA-N,COc1ccccc1CNC(=N)N
OUNXXBYNOUBNPF-UHFFFAOYSA-N,Clc1ccc2nncn2n1
AKGUXECGGCUDCV-POHAHGRESA-N,NC(=O)N/N=C\c1ccccc1
JKUHZEQDSDGIBW-UHFFFAOYSA-N,CC1(C)CNC(=O)CC(C)(C)N1O
GPANNGWSSZJFPV-UHFFFAOYSA-N,O=C(O)CCCC1CCC(=O)N1
COSSAOQSSXDIQW-JGVFFNPUSA-N,C[C@H]1OC[C@@H](C[N+](C)(C)C)O1
REFCSLFSFZSHSF-UHFFFAOYSA-N,CC1(C)OC(C(=O)O)=CC1=O
IQWCBYSUUOFOMF-BENRWUELSA-N,CO/N=C(/C#N)C1CN2CCC1CC2
KNJPFVDARFWNET-IHWYPQMZSA-N,C/C=C\C(CN)CC(=O)O
NKWKQENSIQASKC-UHFFFAOYSA-N,N=C(CCl)NCCCCN
ITATYELQCJRCCK-UHFFFAOYSA-N,COC(=O)C(O)c1ccccc1
GLSUOACRAMLJIW-UHFFFAOYSA-N,C=C=CC(=O)OCC
JFCQEDHGNNZCLN-UHFFFAOYSA-N,O=C(O)CCCC(=O)O
YFYAZKRTXIUHMX-UHFFFAOYSA-N,CCCn1nnc(NC(=O)C(C)C)n1
RLHPGMQZQAPQMB-UHFFFAOYSA-N,N=C(N)Nc1ccc(O)cc1
JFHAMNVZHGKQDQ-UHFFFAOYSA-N,CCOC(=O)C1=C(C)NC(=O)NC1C
XUGCZDJCOYYMLB-RXMQYKEDSA-N,N[C@H](CC(=O)c1cccs1)C(=O)O
CNTRRBGETIJCNM-UHFFFAOYSA-N,CCCCNC(=O)OCCO
ZIRUVVYZSHKYCQ-PBKGFPTLSA-N,C/C=C/C#CC#C[C@H](O)CCO
YEEVOZHRRAHGLD-UHFFFAOYSA-N,O=C1CCC(=O)N1c1ncccn1
VLNBLDKJEZWHGP-UHFFFAOYSA-N,CC12OC1C1(O)CCCC1=CC2=O
FBOZMFXZEXWVJC-UHFFFAOYSA-N,CC(C)C1CC1(CN)c1nnn[nH]1
MBARKXJKNRDGRA-WNXMRAAYSA-N,CC/N=C(/C=N/O)N(C)C
QGNQEODJYRGEJX-UHFFFAOYSA-N,O=C1Cc2ccccc2C(=O)N1
MUBYTRYBVWQAKF-UHFFFAOYSA-N,CC1(O)C=CC(=O)C=C1
YHGDZQUUDOZXID-UHFFFAOYSA-N,N=C(N)C1OCc2ccccc2O1
BNHGNFYPZNDLAF-UHFFFAOYSA-N,N#CCC(N)=C(C#N)C#N
DZNVSQPEELWIFL-UHFFFAOYSA-N,CCn1cnc2c1C(=O)C=CC2=O
MGKKEVVRFCPKMQ-SYOAYPNSSA-N,C#CCO/N=C/[C@H]1CN2CC[C@H]1C2
QSMSJHRQUBQMKD-UHFFFAOYSA-N,CC(CO)C(C)C(=O)O
SDTFBAXSPXZDKC-UHFFFAOYSA-N,Nc1nc2ccccc2c(=O)[nH]1
FWZUNOYOVVKUNF-UHFFFAOYSA-N,C=CCOC(C)=O
DUKLUIAXHKCMQI-UHFFFAOYSA-N,O=C(O)C(Cl)(Cl)C(=O)O
CKFCYMDUKBIIHV-UHFFFAOYSA-N,CN(C)CCOC(=O)N(C)C
RYQHXWDFNMMYSD-UHFFFAOYSA-O,C[n+]1ccc(/C=N/O)cc1
MBGUEYZJLORBNG-UHFFFAOYSA-N,CCCOC(=O)C1(C)C=CC=[N+]1[O-]
DPGGDVPPQMXEOF-UHFFFAOYSA-N,Cn1cnc([N+](=O)[O-])c1S
BLKTWYUKESHQDJ-QMMMGPOBSA-N,CCNCC(=O)N1CCC[C@H]1C#N
AZBOTYZVVSPOGY-DTWKUNHWSA-N,Cc1cc([C@H]2C[C@H](CO)CN2C)on1
CVALVQJZQFHELD-UHFFFAOYSA-N,CC(=O)OC[n+]1ccccc1
JJDMKDXGNVJWCD-UHFFFAOYSA-N,NC(=O)c1cccc2[nH]cnc12
DAKDWRYLIPLFNB-UHFFFAOYSA-N,N#Cc1ccc(C(=O)NO)cc1
FYMKTGYXMFIGTR-UHFFFAOYSA-N,CCNCCCNCCCNCC
RVQKKYXTHSVLLB-UHFFFAOYSA-N,NCCn1ncc2ccc(O)cc21
CWSXPZYRFGYVBO-ZETCQYMHSA-N,CC(C)C[C@H](CN)Cc1nnn[nH]1
RWCIPYZWXPUGRM-UHFFFAOYSA-N,CCP(=O)(O)CCCN
WKBXDYPKIPBECR-UHFFFAOYSA-N,NCC1OCc2c1ccc(O)c2O
YSCJJOXSVFNSPY-UHFFFAOYSA-N,O=[N+]([O-])c1cccc(C2=NCCN2)c1
BPFXQVPDQWEYFA-YUMQZZPRSA-N,Cn1ncc([C@H]2CN3CC[C@H]2C3)n1
CNTKQZXDAYRFBY-UHFFFAOYSA-N,O=c1cc(O)c2ccc(O)c(O)c2o1
NTVVAXXCLZJWPT-UHFFFAOYSA-N,Nc1ccc(CC2=NCCN2)cc1
MVIPFBVXMASPHV-UHFFFAOYSA-N,CCC(CN)CC(=O)O
QWPCKAAAWDCDCW-VKHMYHEASA-N,N[C@@H](CCSN=O)C(=O)O
GCTMBEAVSLUTAW-UHFFFAOYSA-N,Nc1ccc2[nH]c(=O)cnc2c1
UQOFGTXDASPNLL-HLTSFMKQSA-N,C[C@H]1O[C@@H](C[N+](C)(C)C)C[C@@H]1O
DYUMBFTYRJMAFK-UHFFFAOYSA-N,N#Cc1ccc[nH]c1=O
HWJHRPKZRZGNDH-UHFFFAOYSA-N,CC(C)(C)NC(=O)NO
HYPMQJSKHPUPFW-UHFFFAOYSA-N,COC(=O)N1CCN=C1SC
PYKHJSHBCGXOGW-SREVYHEPSA-N,C/C(CCN(C)C)=N/O
WYHYNUWZLKTEEY-QDNHWIQGSA-N,[2H]C1C(C(=O)O)C([2H])C1C(=O)O
ZOULUQNTQXNCKL-RKDXNWHRSA-N,NCC[C@H]1CCC[C@H](CCN)N1
UHLKYVNSNIWKGX-UHFFFAOYSA-N,N=C(N)Nc1cccnc1
SDXKNLVFKYSEAE-UHFFFAOYSA-N,CCCNCCCCNC(C)=O
BVOLUTNLKJMNSA-UHFFFAOYSA-N,NC(=O)NN=C1CCn2cccc21
ZOQXZSBVIOSOGM-UHFFFAOYSA-N,O=C1CCCN1CC#CCN1CCC1
HURFIFVKMMRHHO-UHFFFAOYSA-N,COc1ccc(O)c(CN)c1
IOMZCWUHFGMSEJ-UHFFFAOYSA-N,NNc1ccc(S(=O)(=O)O)cc1
ABQHLJFPKHMBRJ-XFSBKJJWSA-N,O=C(O)/C(=N/O)C(F)(F)F
LOESLMDNPQYFOG-UHFFFAOYSA-N,O=C(O)CCc1ncc[nH]1
ZIPKWPPCKXBHEO-YFKPBYRVSA-N,N[C@H](CS)CCCC(=O)O
YEINQAJIPMWJID-UHFFFAOYSA-N,Cc1cc(C(=O)O)c(O)c(CO)n1
VIDVRVQOCVNHJG-UHFFFAOYSA-N,CN(C)C(=O)OCc1n(C)cc[n+]1C
UJLMQYCGYGVEFV-ZJUUUORDSA-N,O=C(CC1CC1)N1C[C@H]2CCN[C@H]2C1
KWHFVHRLIRLOLD-UHFFFAOYSA-N,CC(C(=O)O)C1SC(=O)NC1=O
VREWEZFRKMWHEA-UHFFFAOYSA-N,O=C(c1c[nH]cn1)C1CCNCC1
FEVIBJLRLZJFOR-UHFFFAOYSA-N,Cc1ccc(NC(=N)N)nc1
CDMPVNKBFKEZMV-UHFFFAOYSA-N,CCS(=O)(=O)c1nonc1C
CTSBUHPWELFRGB-VIFPVBQESA-N,O=C(O)[C@H](CO)NCc1ccccc1
FVIOLJXJPWNFRB-UHFFFAOYSA-N,Cc1nccnc1N(C)C
YYZCEOGYVYXDPC-YHYXMXQVSA-N,C/C(=N/NC(N)=S)c1ccc[nH]1
PVXJBKOQPCPILX-UHFFFAOYSA-N,COc1cccc(OCC(O)CO)c1
ZFPGARUNNKGOBB-UHFFFAOYSA-N,CCN1CCCC1=O
PMVJGZGFFBJYLQ-UHFFFAOYSA-N,O=C(CNOCc1ccccc1)NO
RRJOGGGKSTVZGQ-UHFFFAOYSA-N,N=C(N)NCc1ccc(O)cc1
SQPJPMMCBPDNJN-WCBMZHEXSA-N,CC(C)=C[C@H](O)[C@H](O)C1=CC(=O)OC1
WFIWHFWPQQSJDD-UHFFFAOYSA-N,NC(=O)c1c(O)cccc1O
GVOOYVOZPRROMP-SSDOTTSWSA-N,Fc1ncccc1OC[C@H]1CCN1
FZLIGRQKDXWIEQ-UHFFFAOYSA-N,Cc1cc(O)cc(=O)n1C
XLYMOEINVGRTEX-ONEGZZNKSA-N,CCOC(=O)/C=C/C(=O)O
PENAWPNXAHVARH-UHFFFAOYSA-N,CNC(=N)Nc1ccc(C(=O)O)cc1
RKBQPUFPJRCJKE-UHFFFAOYSA-N,Cc1c(N)cc(N)cc1C(=O)O
NVZINPVISUVPHW-UHFFFAOYSA-N,Cc1cccc(S(N)(=O)=O)c1
ONYIKZRNXOSDCH-DJWKRKHSSA-N,Cc1noc(/C=N\O)n1
YYUALTZHLJSXFR-UHFFFAOYSA-N,CC1CCC(=O)N1CC#CCN(C)C
OYYKDTUIUXKOQS-UHFFFAOYSA-N,N=C(N)Nc1ncccc1[N+](=O)[O-]
OCOHIHUGGMQQMV-UHFFFAOYSA-N,CCc1ccc(C(N)=O)cn1
DYVQTUZCXQZYGL-UHFFFAOYSA-N,O=C1CCCC(=O)C1C(=O)C1CC1
VLLNDFLBLMNWOM-UHFFFAOYSA-N,Cc1nnc(C23CCN(CC2)C3)o1
WWKWWGIKNDEUJE-UHFFFAOYSA-N,Nc1nc(=O)[nH]c2sccc12
JMWRIQIIDLNILM-RQJHMYQMSA-N,C=CC[C@H]1CN[C@H](C(=O)O)C1
AXRCJZJVVZUOHN-UHFFFAOYSA-N,O=C(O)c1ccc2c(c1)no[n+]2[O-]
JNGWGQUYLVSFND-UHFFFAOYSA-N,CC1(c2ccccc2)NC(=O)NC1=O
XLYBWYJEEHPZMQ-UHFFFAOYSA-N,Nn1c(S)nnc1-c1ccco1
ZLAAPNRAYFZHNK-UHFFFAOYSA-N,CNC(=O)Nc1ccccn1
DNJFTXKSFAMXQF-UHFFFAOYSA-N,CN1CCC=C(C(=O)O)C1
AAQCEQKLOPOEPG-UHFFFAOYSA-N,c1ccc(-c2cnn3nnnc3n2)cc1
QNEXFJFTGQBXBJ-UHFFFAOYSA-N,CC(COc1ccccc1)NN
PLIKAWJENQZMHA-UHFFFAOYSA-N,Nc1ccc(O)cc1
XPAWJQUCISBPJW-ONNFQVAWSA-N,C/C=N/OCC(O)CNC(C)C
NEQGOOOOLVHDDF-UHFFFAOYSA-N,CN(C)C(=O)N(CCCl)N=O
QWVNYYTZIQWSRS-UHFFFAOYSA-O,CCCC[N+](C)(C)CC(=O)O
BELUKKYRXNKAEK-VIFPVBQESA-N,CN1CCC[C@H]1COc1cnccn1
AOIHJKREJFPKDL-BYPYZUCNSA-N,N[C@H](CS)CCC(=O)O
HGCAUCAWEADMPM-RXMQYKEDSA-N,CC(C)C[C@H](N)P(=O)(O)O
CLTMYNWFSDZKKI-UHFFFAOYSA-N,NCc1ccccc1C(=O)O
NUPZIDZMIWEQNX-VHSXEESVSA-N,CC[C@H]1COC[C@@H](C[N+](C)(C)C)O1
VHNQIURBCCNWDN-UHFFFAOYSA-N,Nc1cccc(N)n1
CSISQILZUHMAJB-UHFFFAOYSA-N,COc1ccc(C(=N)N)cc1
SDYOVMHXYNKROV-UHFFFAOYSA-N,Cn1ncc(C(=O)O)c1Cl
OIRUKBOUGSUYNE-UHFFFAOYSA-N,CCc1c(C)[n+]([O-])c2c([n+]1[O-])CCC2
OAXIKPHHQBZTRO-UHFFFAOYSA-N,Cc1cc(C)n2nnnc2c1C#N
JZKXXXDKRQWDET-UHFFFAOYSA-N,NC(Cc1cccc(O)c1)C(=O)O
GOILPRCCOREWQE-UHFFFAOYSA-N,COc1ncnc2nc[nH]c12
HDLWINONZUFKQV-QMMMGPOBSA-N,O=C([C@@H]1CCCN1)N1CCCC1
QLPVTIQQFGWSQQ-UHFFFAOYSA-N,NCCC(=O)c1ccccc1N
SILNNFMWIMZVEQ-UHFFFAOYSA-N,O=c1[nH]c2ccccc2[nH]1
WBLPIVIXQOFTPQ-UHFFFAOYSA-N,CCCC1OC1(CC)C(N)=O
ZHHCLIRTNOSAPB-UHFFFAOYSA-N,CCC(C)N1CCNCC1
UNFHOAZOCIELCW-UHFFFAOYSA-N,O=C1CC(=O)Nc2ccccc2N1
LRCXRAABFLIVAI-UHFFFAOYSA-N,NCC(O)c1cccc(O)c1
GTCCGKPBSJZVRZ-UHFFFAOYSA-N,CC(O)CC(C)O
UPSSEYSCZSETBN-UHFFFAOYSA-N,C[S+]([O-])CC(=O)c1ccncc1
ONDNDTMAYANFKN-LURJTMIESA-N,NCCCC[C@H](N)CS
XNLCXLPLUFBBQX-UHFFFAOYSA-O,CC(C)[N+](C)(C)CC(=O)O
KGVWWFCEYXERAE-UHFFFAOYSA-N,C=CC[N+](C)(C)C
XWHHYOYVRVGJJY-MRVPVSSYSA-N,N[C@H](Cc1ccc(F)cc1)C(=O)O
SIYFLNPSVXWXGY-UHFFFAOYSA-N,O=C1CCN(C(=O)C(Cl)Cl)N1
NXTJGIBOVGESBV-UHFFFAOYSA-N,O=C(O)CNC(=O)c1cccs1
KWETYTFGFLMCQO-KSUZBYAFSA-N,C[C@H](O)/C=C(/C=C/[C@H](C)O)CO
JIWAGFGPBKDFQN-UHFFFAOYSA-N,CC1CN(N=O)CC(C)N1N=O
SOPASBFWKHVOQL-UHFFFAOYSA-N,CNCC(O)c1ccc(F)c(O)c1
LGEXGKUJMFHVSY-UHFFFAOYSA-N,CNc1nc(NC)nc(NC)n1
NRMZSBDXMQBQSP-UHFFFAOYSA-N,CCCCNc1cc(N)nc(=O)[nH]1
DXUWUHDVNDSMPT-UHFFFAOYSA-N,CNC(=O)c1c(C)noc1C
DRVCEVBLUHRJSO-DTWKUNHWSA-N,C[N+](C)(C)C[C@H]1CC[C@@H](O)C1
KUDUQBURMYMBIJ-UHFFFAOYSA-N,C=CC(=O)OCCOC(=O)C=C
MHMSTPWWRMNOQQ-UHFFFAOYSA-N,O=C(CNCc1ccccc1)NO
HFIMLFRJUJSWHZ-SEZDTBSWSA-N,C[C@@H]1C[C@H]1C(=O)N1CC2CNCC2C1
VCLPIANZRDFFDO-UHFFFAOYSA-N,CCCCNC(=O)CCCN
GNICYWBQFNWTEP-KPKJPENVSA-N,C/C(=N\O)C(=O)NCc1ccncc1
VIVLBCLZNBHPGE-UHFFFAOYSA-N,COCCCN(C)C
WAQXCJDLNSZZSS-UHFFFAOYSA-N,Nc1cc(-n2cccn2)ncn1
YVPMIGCVKYQACC-UHFFFAOYSA-N,CC1CN=C(N)C1C
SVKOUMMNDQKYPA-XVMARJQXSA-N,C[C@H]1C[C@@H]2CN[C@H](C1)O2
YNYAYWLBAHXHLL-UHFFFAOYSA-N,COc1cc(C(O)CN)ccc1O
VTMJKPGFERYGJF-UHFFFAOYSA-N,NC(C(=O)O)c1ccc(C(=O)O)cc1
YRGYYQCOWUULNF-UHFFFAOYSA-N,Cc1cc(O)[nH]c(=O)c1C#N
ANPBNAUKOUYEGJ-UHFFFAOYSA-N,CS(=O)(=O)c1ccc(C(=N)N)cc1
ONFMFRKYPWSNLG-KXUCPTDWSA-N,C[C@@H]1O[C@H](C[N+](C)(C)C)CO[C@@H]1C
CNYPMMIFPKZDGI-UHFFFAOYSA-N,Cc1nnn(C23CCCN(CC2)C3)n1
ZVXQITNIMKKBBE-UHFFFAOYSA-N,c1nc(NC2CC2)c2nc[nH]c2n1
OALGJRFKRSTPTN-UHFFFAOYSA-N,O=c1cc2c(n[nH]1)CCCO2
PFBNSWWZXGYJSV-HYXAFXHYSA-N,CCOC(=O)/C=C\n1ccnc1
SFRKFKTUSAUZMI-UHFFFAOYSA-N,CC1CC(=O)N2CCSC2=N1
NAGJZTKCGNOGPW-UHFFFAOYSA-N,OP(O)(=S)S
SZKGBSCQYWWPMO-UHFFFAOYSA-N,CC1(C)NCCN2C(=O)CSC21
UQIOCSKMYXCWPN-UHFFFAOYSA-N,N=C(N)NC(=O)NCc1ccccc1
IWHMHIGCZDANJP-BQBZGAKWSA-N,COC1=NO[C@H]([C@@H]2CCCN2)C1
GJJPLKJBULCRQI-UHFFFAOYSA-O,O=C(O)C[n+]1ccccc1
CSYZCWLVFOWQRK-UHFFFAOYSA-N,O=C1NCCc2cc(O)c(O)cc21
UAQVHNZEONHPQG-ZETCQYMHSA-N,C[C@H](NC(=O)c1ccccc1)C(=O)O
GCCITEYZWDUSEN-UHFFFAOYSA-N,Cc1[nH]nc(C(=O)O)c1F
IXVPCJUAKDVYKX-UHFFFAOYSA-N,O=C(O)C(=O)c1ccco1
MBRFGGHJIHPHGK-UHFFFAOYSA-N,c1cncc(C2=NCCN2)c1
CLUWOWRTHNNBBU-UHFFFAOYSA-N,CSCCC=O
WZANXVXLOKIMAM-SSDOTTSWSA-N,N[C@@H]1Cc2cccc3[nH]c(=O)n(c23)C1
GSFLSJRVNIXWKZ-UHFFFAOYSA-N,CC(Oc1ccccc1)C(=O)NN
QKCNMYZGZIKYHA-UHFFFAOYSA-N,CCc1nnc(S)[nH]1
RMGQCZQEHAVQDV-COBSHVIPSA-N,CNC(=O)O[C@@H]1CN2CCC1C2
HAWLEDDGXGWVSH-UHFFFAOYSA-N,CC(C)CC(N)[PH](=O)O
SAYAVQYFEUOMBG-HACHORDNSA-N,CN1CCC2CC1C[C@@H](O)C2
ROZCUVMFXOURIS-UHFFFAOYSA-N,NS(=O)(=O)CCc1ccccc1
LBZUJSQLLVDWDQ-UHFFFAOYSA-N,CN(C)CCNC(=O)c1ccccc1
CEPDWEWFQRUWPP-UHFFFAOYSA-N,COC(=O)Cc1ccc(O)c(N)c1
SRDQSYZOPRMHHM-UHFFFAOYSA-N,Cc1c(C)[n+]([O-])c2ccccc2[n+]1[O-]
YAJRWHPHVXTDOV-UHFFFAOYSA-N,N#Cc1ccc(NC(=O)CF)cn1
IBGNUSRLIIGHBS-UHFFFAOYSA-N,NC(=O)c1nnc(Cl)s1
ZFHFDZCWLKLJPP-SCSAIBSYSA-N,C=C1C(=O)OC[C@H]1C
OEEPAVHGOFHGOB-UWTATZPHSA-N,O=C(O)[C@H]1CS1
XREUWQRXKYLCEK-UHFFFAOYSA-N,Cc1nn(O)cc1C1CCNCC1
QSEALXFPOAYSEI-UHFFFAOYSA-N,O=c1[nH]nc(Cc2ccccc2)o1
YCOFRPYSZKIPBQ-UHFFFAOYSA-N,C=C(C)C1(O)OC(=O)C=C1OC
ULHLQCLIZGYXEV-JTQLQIEISA-N,C[N+](C)(C)[C@H](C(=O)[O-])c1ccccc1
DVJDVAAMNXVEST-UHFFFAOYSA-N,Cn1nncc1C1CN2CCC1CC2
DUOJRBRFWMBOOS-UHFFFAOYSA-N,Cc1ccnc(SCC(N)=O)n1
JKLZCQWVERBDEZ-UHFFFAOYSA-N,CN1C(=O)CSC1=S
BEPNJPZENSWTLL-UHFFFAOYSA-N,CC1=C(C)C(=O)c2nn(C)nc2C1=O
UHGRVODUKSZAKV-UHFFFAOYSA-N,NCCCCSCCCN
CYHOMWAPJJPNMW-DHBOJHSNSA-N,CN1[C@@H]2CC[C@H]1CC(O)C2
UGYXPZQILZRKJJ-UHFFFAOYSA-N,Cc1nc[nH]c1CCN
WBIAZONFXLIADH-UHFFFAOYSA-N,CCOC(=O)P(=O)(O)O
FSHFDVYLIXYUED-UHFFFAOYSA-N,CC(C)C[N+]1(CCO)CC1
VLPSTMLLXBVEAF-MRVPVSSYSA-N,CN1CCC[C@@H]1c1cc(CO)no1
BYWPUNIXQZJWRS-AIGBEWNKSA-N,C[C@H]1[C@H]2OC[C@@H]3[C@@H]1C[C@H](O)[C@@]3(C)O2
VTFVJLCBMVBAPX-UHFFFAOYSA-N,Cn1ccc(=O)n2nccc12
XHWKNGLLYBNSBG-MQWKRIRWSA-N,CCC1CC(=O)N([C@@H](CC)C(N)=O)C1
TVVRFUOKLKGUKT-UHFFFAOYSA-N,O=C1c2ccccc2C(=O)C2OC12
IKQCSJBQLWJEPU-UHFFFAOYSA-N,O=S(=O)(O)c1cc(O)ccc1O
KXWIXAUYMFNOKC-UHFFFAOYSA-N,COCCNc1ncnc2nc[nH]c12
NZNPMUUOXMZCBF-UHFFFAOYSA-N,O=C(O)CCn1nnc2ccccc21
APFSBOCBNKHACW-WDSKDSINSA-N,C=CC[C@@H](C[C@H](N)C(=O)O)C(=O)O
NYYQBSUCPHNFQS-UHFFFAOYSA-N,COc1cc(=O)oc(CO)c1C
RPKPVJSNXSZTPK-UHFFFAOYSA-N,O=Cc1cn(-c2ccc(O)cc2)nn1
ZPCBWFNVTDNYTB-UHFFFAOYSA-N,Cn1ccc2c(=O)[nH]c(N)nc21
IQZCKZOEVWQZMK-UHFFFAOYSA-N,OC1CCCN(C(=S)S)C1
GFIPINBJCGELKW-UHFFFAOYSA-N,N#Cc1c[nH]c2ncnc(N)c12
QBEGNPNWEWSLRI-UHFFFAOYSA-N,CCOc1cc(C)ncc1C(N)=O
MFNJGDMJKJLUGC-UHFFFAOYSA-N,CCc1[nH]nc(C(=O)O)c1C
UODZHRGDSPLRMD-UHFFFAOYSA-N,NCCCCNCCCCN
ZZTRDOMIHBHZAE-FPLPWBNLSA-N,CC1(C)C/C(=C(/C#N)C(N)=O)CCO1
XSXYESVZDBAKKT-UHFFFAOYSA-N,NNC(=O)c1ccccc1O
BNGFPYLLQCQZQF-UHFFFAOYSA-N,CNc1nncc2[nH]cnc12
MTWDGUWQZYXGTQ-VOTSOKGWSA-N,NNC(=O)/C=C/c1ccccc1
FQXYFKQHFGHHCC-UHFFFAOYSA-O,CC[N+](C)(CC)CC(=O)O
NRDZGEYPUXJDMD-UHFFFAOYSA-N,CNc1cc(N)nc(NC)c1
JCRJWRXBHMKBDQ-UHFFFAOYSA-N,CC1COCCN1C(=S)S
FUWHCTSQIAULAK-UHFFFAOYSA-N,O=C(O)c1ccc(CCO)cc1
RKYMKZBWOFGDLO-UHFFFAOYSA-N,Nc1cc(=O)[nH]n1-c1ccccn1
CJLYVUNRUJYSGI-HJWRWDBZSA-N,CNC(=O)N(C)/N=N\CCCl
AVFYHMHFDOZJCP-UHFFFAOYSA-N,C#Cn1ccnc1C#CCOC
YUPDDGVCFCGZDD-UHFFFAOYSA-N,CCc1c(O)c(=O)ccn1CCCO
CRISWXPNFWRXSH-NUTRPMROSA-N,N#[11C]C(O)c1ccc(O)c(O)c1
IHJUECRFYCQBMW-UHFFFAOYSA-N,CC(C)(O)C#CC(C)(C)O
KKAWRARRTNILEQ-UHFFFAOYSA-N,CC(C)(C)OC(=O)CP(=O)(O)O
YZYSRFCRVIIRAE-ZHACJKMWSA-N,CC#CCO/N=C1\CN2CCC1C2
SDQJTWBNWQABLE-UHFFFAOYSA-N,O=c1[nH]c(=O)c2ccccc2[nH]1
LDGMRKNTWPEJFY-UHFFFAOYSA-N,CCCC[N+]1(CCO)CC1
KGVWWFCEYXERAE-UHFFFAOYSA-N,C=CC[N+](C)(C)C
DPBJAVGHACCNRL-UHFFFAOYSA-N,C=CC(=O)OCCN(C)C
JCUOJPUDVPCBHL-BYPYZUCNSA-N,Sc1nnc([C@@H]2CCCN2)o1
JEHGATQUCUYHJL-UHFFFAOYSA-N,O=C(O)c1ccncc1O
IMOHZKRUHQOEHN-DHZHZOJOSA-N,O=C(/C=N/O)NCCN1CCCCC1
PACRSWXGHWAUJZ-UHFFFAOYSA-N,CCCCn1cc(CO)[n+](C)n1
SYXGGMOJCHZAAY-UHFFFAOYSA-N,O=C1CCN(Cc2ccccc2)C1=O
QXUSFQCJGVVVJR-RQJHMYQMSA-N,C#CC[C@H]1CN[C@H](C(=O)O)C1
QASONRSLKVKRRW-UHFFFAOYSA-N,Nc1ccc(N2CC3CC2CN3)cn1
PVHMARGUGAHOHZ-UHFFFAOYSA-N,C#CCOc1ccccc1C(N)=O
GUSZQTIIJIPCLX-UHFFFAOYSA-N,Cc1cn(C2CCCO2)c(=O)nc1N
XNNPAWRINYCIHL-UHFFFAOYSA-N,CC1(C)CC(C(N)=O)C(C)(C)N1[O]
DRICAGNNBBKCCF-UHFFFAOYSA-N,Nc1c2ccccc2nc(=S)n1N
SCSROOBIOOCHHI-UHFFFAOYSA-N,O=Cc1cc([N+](=O)[O-])cc(O)c1O
GGAOVRIMJZTBKL-UHFFFAOYSA-N,NC(C=C(F)F)CCC(=O)O
GEFQWZLICWMTKF-YQFNKJDISA-N,CC(N)[C@H](O)c1ccc(O)c(O)c1
XXIOWTNNQMLLIA-DTWKUNHWSA-N,C[C@H]1CO[C@H](C[N+](C)(C)C)CO1
SPFBMNKRQFPDGH-UHFFFAOYSA-N,Nc1cc(-c2nn[nH]n2)ccc1F
XBTQMVNOVUGQPW-UHFFFAOYSA-N,Cc1ccc(-c2n[nH]c(=O)n2N)cc1
JCIKVKWNYHGCIB-MRVPVSSYSA-N,C[N+](C)(C)C[C@@H]1COCCO1
HOUULULIIYVIAL-UHFFFAOYSA-N,NCCC#Cc1cccnc1
JKNKNWJNCOJPLI-UHFFFAOYSA-N,O=C1OC(O)c2ccccc21
IAIWVQXQOWNYOU-BAQGIRSFSA-N,NC(=O)N/N=C\c1ccc([N+](=O)[O-])o1
QNDFYLBDUWCFJO-UHFFFAOYSA-N,Nc1ccc(F)c(N)c1
BCSQOCJZQYFKBZ-UHFFFAOYSA-N,Cc1nn2c(N)csc2nc1=O
CXUMFNFPQYKODT-UHFFFAOYSA-N,CCn1c(C)cc(=O)c(O)c1CO
CQFQZOOEUPGOSM-UHFFFAOYSA-N,CNn1c(N)nc2ccccc21
UHUHFYCRHYLQCN-UHFFFAOYSA-N,C1CCN=C(Nc2nn[nH]n2)CC1
FXYQRYGWWZKUFV-UHFFFAOYSA-N,NNc1ccc(Cl)nn1
DCWKRPJLVIHGCZ-UHFFFAOYSA-N,c1cncc(OC2CCNC2)c1
YSWWAKJDYMKMGU-UHFFFAOYSA-N,O=c1c(O)c(-c2ccccc2)c1=O
SDYIZAANGZBOSO-UHFFFAOYSA-N,COc1cccc(C(N)=O)c1OC
ZRXZRRDYAAJOFH-UHFFFAOYSA-N,NC1Cc2ccccc2OC1=O
COSSAOQSSXDIQW-HTQZYQBOSA-N,C[C@@H]1OC[C@@H](C[N+](C)(C)C)O1
HMBNQNDUEFFFNZ-UHFFFAOYSA-N,C=COCCCCO
XOIYZMDJFLKIEI-UHFFFAOYSA-N,NS(=O)(=O)Oc1ccccc1
ZJRBRKUGRKKZOO-UHFFFAOYSA-N,OCc1ncccc1O
DRTFEXPENUDDLJ-KDXUFGMBSA-N,C[C@@H]1C[C@H](C)[C@@H](C)O[C@@]1(O)CO
DOYJWZYLOQTRFQ-UHFFFAOYSA-N,O=C1C(O)CCN1C1CCCCC1
BRXPUVKBOVEUEM-UHFFFAOYSA-N,N#CC1=C2CCCCC2(O)NC1=O
IFVRGSVHHSCKIS-UHFFFAOYSA-N,NC(CCN1CCCCC1)=NO
OFCNXPDARWKPPY-UHFFFAOYSA-N,O=c1[nH]cnc2[nH]ncc12
UBVBXMAWHHHZFH-RVRFMXCPSA-N,N=[11C](N)NCCc1cc(O)ccc1F
CSISQILZUHMAJB-UHFFFAOYSA-N,COc1ccc(C(=N)N)cc1
BVGBBSAQOQTNGF-UHFFFAOYSA-N,NC(C(=O)O)c1ccsc1
RUOJZAUFBMNUDX-UHFFFAOYSA-N,CC1COC(=O)O1
JVBJCTDZLAGDTF-UHFFFAOYSA-N,NC(=O)c1nnsc1-c1ccco1
HJZAIMHRCPGGNJ-QMMMGPOBSA-N,O=[N+]([O-])O[C@@H](CO)c1ccccc1
CEXQIXFKTKRYBB-UHFFFAOYSA-N,c1cncc(NC2=NCCN2)c1
KANVIORDKVKQHX-UHFFFAOYSA-N,CP(=O)(O)c1cc(O)cc(O)c1
CWPDWGWHFVCTQM-UHFFFAOYSA-N,CC1CN(N=O)C(=O)O1
KFNRJXCQEJIBER-UHFFFAOYSA-N,NC1C=CC=C(C(=O)O)C1
YLPBKFNURJMKTE-PHDIDXHHSA-N,O=C1C[C@H]2OCCC[C@H]2O1
XMZREPQOKJAWPQ-JXMROGBWSA-O,C=CC[n+]1cccc(/C=N/O)c1
ZLOQOYIWTGOTQI-UHFFFAOYSA-N,CC1Cc2[nH]nc(-c3nn[nH]n3)c2C1
OFGDOKIPNNXVCF-UHFFFAOYSA-N,CCNc1cc(=O)[nH]c(=O)[nH]1
ZXGXTTFJFGHGTL-UHFFFAOYSA-N,O=c1[nH]sc2c1CNCC2
OYKZRWMTIDKLKT-UHFFFAOYSA-N,Cc1cc[n+](CC#N)cc1
HLUIYGVTAGXCRZ-UHFFFAOYSA-N,CN(C)c1ccc(C(N)=O)cn1
QCUPYFTWJOZAOB-UHFFFAOYSA-N,CC=C(CC)C(=O)NC(N)=O
VAUYYPSVXBBKLK-DAFODLJHSA-N,NC/C=C(\CCl)C(=O)O
XLQIGLBALJNHKR-UHFFFAOYSA-N,COC(=O)c1ccncc1N
AYAUWVRAUCDBFR-ONEGZZNKSA-N,CCCOC(=O)/C=C/C(=O)O
FJRIICKTBNVAAY-UHFFFAOYSA-N,Nc1c(Nc2cccnc2)c(=O)c1=O
PTAIFTWNKAGNFS-UHFFFAOYSA-N,CC(C)(C)c1nc(N)[nH]c(=O)n1
KAGGMRWAYDOFES-ZCFIWIBFSA-N,N[C@H](CCSCCCF)C(=O)O
PMRYVIKBURPHAH-UHFFFAOYSA-N,Cn1ccnc1S
UKYSDDJUIYHEHO-UHFFFAOYSA-N,Cc1n[nH]c(=O)n1Nc1ccccc1
QBRXAOMAJRIUBJ-UHFFFAOYSA-N,CNC(=O)CCCCCNC(C)=O
ZUXVZGNVGRXENQ-UHFFFAOYSA-N,CCC(=O)n1ncc2c(=O)[nH]cnc21
YICMXCDJSOOXSM-UHFFFAOYSA-N,O=C(O)c1[nH]nc2c1COCC2
TZHVYFBSLOMRCU-YFKPBYRVSA-N,C[C@H](N)C(=O)OC(C)(C)C
NERNEXMEYQFFHU-UHFFFAOYSA-N,O=C1NC(=O)C2(CCCCC2)N1
YLDIYJYSKDFPDJ-ALCCZGGFSA-N,[O-]/[N+](=N\O)N1CCCC1
CBTOHKIGSPTQTO-UHFFFAOYSA-N,Cc1n[nH]c(=O)n1Cc1ccco1
LBZDEGAIDVFUHM-UHFFFAOYSA-N,O=C1COc2ccccc2CN1
RPHZSTQXRNQSIG-UHFFFAOYSA-N,COc1ccc([N+](=O)[O-])c[n+]1C
VHBBMEXIWWKUNY-MRVPVSSYSA-N,C[C@@H]1OCC2(CCN(C)CC2)O1
QAYICIQNSGETAS-UHFFFAOYSA-N,CN1CSC(=S)N(C)C1
XCYWDFDMXREMCT-UHFFFAOYSA-N,CC(C)(C(=O)O)n1cncn1
VIRWKAJWTKAIMA-UHFFFAOYSA-N,CC(=O)OCCCl
WRRMDSARIILZLU-UHFFFAOYSA-N,CC(C)NNC(=O)c1ccccc1N
FDKXTQMXEQVLRF-ZHACJKMWSA-N,CN(C)/N=N/c1[nH]cnc1C(N)=O
GPTBZHNSJACGDU-SNVBAGLBSA-N,C#Cc1cncc(O[C@@H]2CCNC2)c1
PXELSCOPADHBHR-UHFFFAOYSA-N,CSc1nnc(S)n1N
MGAVNXSDVHUDAJ-UHFFFAOYSA-N,C=C1CC(COC(C)=O)OC1=O
QIJPWSGHURHDHJ-ZBHICJROSA-N,CCCC1N[C@H](C(=O)O)CS1
MWNZUHRKNPCRKY-UHFFFAOYSA-N,CC1=NC2CCSCC2C(=O)N1
LAVARTIQQDZFNT-UHFFFAOYSA-N,COCC(C)OCC(C)OC(C)=O
HLOZADHABGBYKE-UHFFFAOYSA-N,NNC(=O)c1cnc2ccccc2n1
HBIYNXFRHGXYNY-BJMVGYQFSA-N,Cc1ccn(C)c1/C=N/NC(=N)NO
FBWPWWWZWKPJFL-UHFFFAOYSA-N,COc1cc(C(O)CO)ccc1O
VRGHSYHERKHVHD-UHFFFAOYSA-N,C[N+](C)(C)CCSS(C)(=O)=O
QUUIEUHVHMNXRT-UHFFFAOYSA-N,CC(C)C(O)C#CC(C)(C)O
JMLWVOVCQLQVJI-UHFFFAOYSA-N,NCC(=O)Nn1ccc2ccccc21
GWKLNCUXOUHWLL-UHFFFAOYSA-N,N=C(N)NCCc1ccccc1
LVGMMVAWLISWJD-UHFFFAOYSA-N,NC1CCN(c2cccnc2)C1
WYMOPTUEZWGCKJ-UHFFFAOYSA-N,O=C(O)CCCc1c[nH]cn1
JHRKPNVDOPKCMX-UHFFFAOYSA-N,CC12CN3CN(C1)CC(C)(C3)C2=NO
JVHGZUMMCUZPHC-UHFFFAOYSA-N,O=c1ccc(O)ccc1O
SNLSQAFFALEHGJ-UHFFFAOYSA-N,NOCc1ccccc1O
SJRPBOIYIJEXKQ-VIFPVBQESA-N,NCc1cncc(OC[C@@H]2CCN2)c1
CMTNHTJUNZPFMW-UHFFFAOYSA-N,Cc1n[nH]c(O)c1C
HTPKGNSSLQBQRI-WEVVVXLNSA-N,O=C(NO)N/N=C/c1cccnc1
HYXWOVSEEKCMOC-WEVVVXLNSA-N,CNC(=S)N/N=C/c1ccco1
CCFAGRVEHSCROQ-UHFFFAOYSA-N,OCC(O)C(O)c1ccccc1
PJDFLNIOAUIZSL-UHFFFAOYSA-N,C=CC(N)CCC(=O)O
ZWUROWZCQQHVIQ-UHFFFAOYSA-N,O=C(NN1CCOCC1)c1ccco1
FZIYKQZBEAJXLJ-UHFFFAOYSA-N,O=c1[nH]c2c(c(O)c1[N+](=O)[O-])CCC2
VEDPMPOSMIIBBR-UHFFFAOYSA-N,CNC(=O)OCCC(C)N(C)C
IHJHBENHAPEINI-SNAWJCMRSA-N,COC(=O)/C=C/C(=O)c1cccnc1
TXILEUYNMYGOLO-UHFFFAOYSA-N,O=C1C=CC(=O)c2c1nc[nH]c2=O
DWWOWEVEYNNOIT-WDSKDSINSA-N,CC(C)OC(=O)[C@H]1C[C@@H]1C(=O)O
KNARVBXGIRZZRK-HTQZYQBOSA-N,C[C@H](C#N)N(C)C(=O)[C@@H](N)C(C)(C)C
ATDGTVJJHBUTRL-UHFFFAOYSA-N,N#CBr
DEYMOQSHMQAAFX-UHFFFAOYSA-N,NC(=O)CCCCCO
GGAWXSMRRDXBKS-UHFFFAOYSA-N,CCCC(O)(CC(=O)O)CC(=O)O
IKLKJTFARODVHU-UHFFFAOYSA-N,O=C1NC2(CCCCO2)CO1
YXXVUCJIQAMZSQ-UHFFFAOYSA-N,Cc1c(CN)o[nH]c1=O
JVVDCSIOVVWLMN-NQMVMOMDSA-N,CC(C)[C@H]1CO[C@@H]2O[C@H](C)CC(=O)N21
VHWSFLJKPUEMJW-UHFFFAOYSA-N,NCc1ccc(C(=O)O)s1
IXOBWMNTICTXOJ-JTQLQIEISA-N,N#CC[C@@]1(O)C(=O)Nc2ccccc21
NMTCCVZABWWGSB-UHFFFAOYSA-N,CN(C)c1nc2ccccc2[nH]1
YFMPSMITLLBENU-UHFFFAOYSA-N,NCc1ccc(O)c(O)c1
XYVILBTXXYZRJG-UHFFFAOYSA-N,CCn1ccc(=O)n2nc(C)cc12
ZGDPMMNCASKHKU-UHFFFAOYSA-N,N#Cc1cnn2cc[nH]c12
SQWYSZZSXTXVLQ-UHFFFAOYSA-N,O=C(O)C(=O)CC(=O)c1nccs1
KYWMCFOWDYFYLV-UHFFFAOYSA-N,O=C(O)c1ncc[nH]1
UBHJGMUGSKDVDO-UHFFFAOYSA-N,C#CCNNCc1ccccc1
JTEWXLMHFCOPAX-UHFFFAOYSA-N,CCC1COC(N)=N1
JFICWBJQMVMQJL-UHFFFAOYSA-N,NC(=O)C1Cc2cc3c(cc21)OCO3
VQZRXBOTCNWNLM-UHFFFAOYSA-N,Cc1nc(C)nc(N)n1
HQGJDZOAHPIJMI-UHFFFAOYSA-N,O=C1OCCN2Oc3ccccc3C12
STFMKRBMUMYLTM-UHFFFAOYSA-N,O=C1NCC2NCCc3cccc1c32
RPHKINMPYFJSCF-UHFFFAOYSA-N,Nc1cc(N)cc(N)c1
YBPAYPRLUDCSEY-UHFFFAOYSA-N,NC(=O)Cc1ccc(O)cc1
CEXQIXFKTKRYBB-UHFFFAOYSA-N,c1cncc(NC2=NCCN2)c1
VADVRIAPCDFQJU-YFKPBYRVSA-N,CC(C)(C)SC[C@H](N)C(=O)O
REUNOXHTPWSRBV-UHFFFAOYSA-N,Nc1nc(N)c2c(N)cccc2n1
UCCVCCAWSDESJE-UHFFFAOYSA-N,CC1=CC(=O)C(N2CC2)=CC1=O
LVPLGMIOSVEITG-RKDXNWHRSA-N,NNC(=O)[C@@H]1C[C@@H]1c1ccccc1
ULDDTFAPYWLDGF-UHFFFAOYSA-N,CCCCN/C(N)=N/O
UGFILLIGHGZLHE-UHFFFAOYSA-N,COC(=O)Cc1ccc(O)c(O)c1
HVNDNXAQURYIMM-UHFFFAOYSA-N,N#Cc1c(-c2ccco2)no[n+]1[O-]
ITIIRROMYLIKFO-UHFFFAOYSA-N,COC(C(=O)O)c1c(C)o[nH]c1=O
WOXWUZCRWJWTRT-UHFFFAOYSA-N,NC1(C(=O)O)CCCCC1
BWKMGYQJPOAASG-VIFPVBQESA-N,O=C(O)[C@@H]1Cc2ccccc2CN1
YDXXODUTMJQYED-UHFFFAOYSA-N,O=c1c2c(c1=O)-c1ccccc1CN2
VQYIJHJVYPQOST-UHFFFAOYSA-N,CN1CN2CCCN3CCCC(=N1)C32
BWYSIRTZMFWEOO-UHFFFAOYSA-N,O=C1CN2Cc3ccncc3N=C2N1
TXQWFIVRZNOPCK-UHFFFAOYSA-N,NCc1ccncc1
UORYAOZFMGBGAC-UHFFFAOYSA-N,CN(N)S(=O)(=O)c1ccccc1
HPBPYAVNZRYWLD-ZETCQYMHSA-N,CN1C[C@@H](C[N+](C)(C)C)OC1=O
SBWTUWFTYZFCSZ-UHFFFAOYSA-N,Cc1nc([N+](=O)[O-])c(C(=O)O)n1C
KSPQDMRTZZYQLM-UHFFFAOYSA-N,O=C(O)CNC(=O)c1ccco1
KQTMKEHKXBCEMK-UHFFFAOYSA-N,C=CCOc1ncnc2[nH]cnc12
HBECYYFDLZZMPL-UHFFFAOYSA-N,C=C1C(=O)C2(C)OC2(C)C1C(=O)O
PWHUPFOHNXWYSH-UHFFFAOYSA-N,NC(=O)NCc1cccnc1
COSYQYFCEAMLKE-UHFFFAOYSA-N,N=C(N)c1ccc(CCO)cc1
UXSRDBONEIZHCE-UHFFFAOYSA-N,CNc1ncnc(NC)c1[N+](=O)[O-]
HMVFITKXZCNKSS-UHFFFAOYSA-N,COCCN(C)C
VLCFOSLTBCJPAO-UHFFFAOYSA-N,O=C(CCc1ccc(O)cc1)NO
VEWZXPAMIBRPDO-UHFFFAOYSA-N,CC1CN(C)C(=N)S1
IDVVQLXLSWIVFL-UHFFFAOYSA-N,CCN1CC[N+]2(CCCC2)CC1
IZQAUUVBKYXMET-UHFFFAOYSA-N,NCCBr
AXFABVAPHSWFMD-UHFFFAOYSA-N,O=c1cc(Cl)nc[nH]1
VKPPFDPXZWFDFA-UHFFFAOYSA-N,NCCCl
MJHCBNPVMDFHJQ-UHFFFAOYSA-N,CNC(=O)C1=CCCC1
UNEXDAIMKPVMLS-CBAPKCEASA-N,CCOC(=O)[C@]1(C)C[C@H](C)C=[N+]1[O-]
SELRRFFYIRYVTM-UHFFFAOYSA-N,N=c1snc(N)n1-c1ccccn1
QCUPYFTWJOZAOB-HYXAFXHYSA-N,C/C=C(/CC)C(=O)NC(N)=O
CVVDYLXTNDBWJC-YFKPBYRVSA-N,N[C@H]1CC=C(C(=O)O)C1
JOICOUCDZBPSHL-UHFFFAOYSA-N,c1cc[n+](C[n+]2ccccc2)cc1
RKVBMQAVJSPNFZ-UHFFFAOYSA-N,C=C1CN(C2=NCCO2)C1
LGNSOKKCXYBTOL-LURJTMIESA-N,CC(C)C[C@H](N)CN
JWPGJSVJDAJRLW-UHFFFAOYSA-N,N=C(N)N1CCc2ccccc2C1
PVWHGWKVBXVRQC-UHFFFAOYSA-N,Nc1ncnc2c1nc1n2CCCC1
DOEFUIMTXWAGKN-KQQUZDAGSA-N,CC(=N\O)/C(CN(C)C)=N/O
HKLZABNBARUZMN-UHFFFAOYSA-N,CNCCOc1cccnc1
JXVOJRFIZVMYKD-UHFFFAOYSA-N,Nc1cc(F)[nH]c(=O)c1
NNNNJRNVSNNCGK-UHFFFAOYSA-N,Cc1noc(C(=O)O)n1
VYFYYTLLBUKUHU-UHFFFAOYSA-N,NCCc1ccc(O)c(O)c1
GVNHOISKXMSMPX-UHFFFAOYSA-N,CCCCN(CCO)CCO
VSRQFTDAABHPFF-UHFFFAOYSA-N,CC(C)Cc1cc(C(=O)NN)ccn1
SRNSUEFQKGIEPL-UHFFFAOYSA-N,CC(=O)OC1CCC2OOC1O2
WFFZGYRTVIPBFN-UHFFFAOYSA-N,O=C1Cc2ccccc2C1=O
SUMFUTVGQFEHRJ-UHFFFAOYSA-N,Nc1nc(-c2ccccn2)no1
CVPLOAPCCDDPGU-UHFFFAOYSA-N,CN1CCN(C2=CC(=O)CC2)CC1
AYGIKKUNSIUPMN-UHFFFAOYSA-N,O=C(O)CCc1nnc(S)[nH]1
PVLUBQFJUMTXOO-UHFFFAOYSA-N,CC(=O)O/N=C(\N)c1cccnc1
AZHGGDCFQPMANU-UHFFFAOYSA-N,O=C1CNC(=O)c2ccccc2N1
UCSCCSDEGMOIQL-UHFFFAOYSA-N,COc1cccc(OC)c1C(=O)NO
JSKWGKQVODJEEJ-UHFFFAOYSA-N,CCN(C)CC#CCN1CCCC1=O
YNDCHCKPYHFVAW-UHFFFAOYSA-N,CN1CCCC1COc1cncnc1
AHHGOBRUDALIPK-QMMMGPOBSA-N,NC[C@H](CC(=O)O)c1ccc(O)cc1
OCTALGFQZRBHBD-UHFFFAOYSA-N,Cn1c(=O)c(=O)oc2ccccc21
LJBWEZVYRBKOCI-UHFFFAOYSA-N,Nc1ccc2nc(N)nc(N)c2c1
XNZJITNOOLAVMB-UHFFFAOYSA-N,CC(C#Cc1ccco1)N(O)C(N)=O
NBMFDNRJHLWVHY-WDEREUQCSA-N,OCC[C@H](O)[C@H](O)Cc1ccccc1
PIFNPHGMSQOHSQ-UHFFFAOYSA-N,COC(=O)C1CCCC(N)=N1
FDBDETBIRVYJIJ-UHFFFAOYSA-N,CCn1cnc2c(N)nc(N)nc21
HDPSONAKHMNQPA-UHFFFAOYSA-N,O=C(O)c1cc(O)c(O)c([N+](=O)[O-])c1
YNDCHCKPYHFVAW-VIFPVBQESA-N,CN1CCC[C@H]1COc1cncnc1
NWIPHMJDAVGBOX-UHFFFAOYSA-N,O=C(NC1CCNCC1)C1CC1
OOJZCXFXPZGUBJ-RITPCOANSA-N,C=C1C[C@@H]1C[C@H](N)C(=O)O
ROCWONVWEMBXNL-UHFFFAOYSA-N,Cc1ccc(OCC(=O)NO)cc1
WMWUQLMRNQGYEY-UHFFFAOYSA-N,CN(C)c1nc(N)nc(CCl)n1
HMWDILXJWAOEJT-GXSJLCMTSA-N,c1cncc(N2C[C@@H]3CCN[C@@H]3C2)c1
PWZFWKUHDMFIAL-UHFFFAOYSA-N,Cn1ncc2c1CCCC2=O
AWHZTVUDUKYSTH-JGVFFNPUSA-N,CCCC[C@@H]1C(=O)N[C@@H]1C(C)=O
PMPQRINMBYHVSP-MDZDMXLPSA-N,NC(=N/Cl)/N=N/C(N)=N\Cl
FSLBEAMEKOKDTN-UHFFFAOYSA-O,C[n+]1ccn(CCC#N)c1/C=N/O
MRKZNCISKCWGLP-KPKJPENVSA-N,C/C(=N\NC(=N)N)c1ccccc1
BVRKOQJETMBIDK-UHFFFAOYSA-N,CNC(=O)C(N)Cc1ccccc1
CWSKYDZRSSRXQA-DTWKUNHWSA-N,C[C@H]1COC[C@@H](C[N+](C)(C)C)O1
NERNEXMEYQFFHU-KWCOIAHCSA-N,O=C1N[11C](=O)C2(CCCCC2)N1
IKMZGACFMXZAAT-UHFFFAOYSA-N,Cc1ccnc(N)c1[N+](=O)[O-]
SFLSHLFXELFNJZ-CMIMLBRMSA-N,[3H][C@](O)(CN)c1ccc(O)c(O)c1
BSGKWQAJXQPUTE-UHFFFAOYSA-N,COc1noc2c1C[N+](C)(C)CC2
WHKRHBLAJFYZKF-UHFFFAOYSA-N,COc1ccc(CO)cc1O
MGJSTMLRSUCUET-MLWJPKLSSA-N,CC(C)C[C@H](N)C(C)O
SGASAPRGFSSJCC-UHFFFAOYSA-N,C#CC1Cc2ccccc2C(N)=N1
IABHWYRRXGOAKL-UHFFFAOYSA-N,CCNc1nc(C#N)nc(NCC)n1
VZTGWJFIMGVKSN-UHFFFAOYSA-O,C=C(C)C(=O)NCCC[N+](C)(C)C
LFLOMAIEONDOLV-UHFFFAOYSA-N,O=C(O)C(=O)c1ccccc1C(=O)O
PUCLWILRXDULKY-CLTKARDFSA-N,N#C/C=C(/N)N1CCCC1
NHZMQXZHNVQTQA-UHFFFAOYSA-N,Cc1ncc(CO)c(CN)c1O
OBOOPWDQTYAVEJ-UHFFFAOYSA-N,Cn1cc(C(=O)O)c(Cl)n1
XXJSUOZPETWXPH-UHFFFAOYSA-N,COc1cccc(CON)c1O
IOIXDXPZPWZYMM-UHFFFAOYSA-N,O=c1[nH]c2ccncc2cc1O
YHZVXWISURHQRS-UHFFFAOYSA-N,O=C(CC(O)c1cccc(O)c1)NO
VKYNUXVHEIKKND-UHFFFAOYSA-O,C[N+]1(CC(=O)O)CCCC1
USQHEVWOPJDAAX-RITPCOANSA-N,N[C@H]1CCCC[C@H]1C(=O)O
UTMDJGPRCLQPBT-UHFFFAOYSA-N,O=[N+]([O-])c1cccc2[nH]nnc12
LLLPDUXGHXIXIW-UHFFFAOYSA-N,O=CNc1ccccc1C(=O)O
JHKCSRBLMSDCML-UHFFFAOYSA-N,CC(=O)NS(=O)(=O)c1ccccc1
ATMKRNOIEXCWPQ-HTQZYQBOSA-N,Cc1nc([C@@H]2CN3CC[C@@H]2C3)no1
ZINBYEVHNDIYBV-DUXPYHPUSA-N,NC(=O)/C=C/c1ccc(O)c(O)c1
IZDLWDMGIRBDIA-ONNFQVAWSA-N,CO/C=C/C#CC1(O)CCN(C)CC1
PAUJITBZUCOBIJ-UHFFFAOYSA-N,CC1(C)CNc2nc(N)[nH]c(=O)c2N1
QOUDZMWPQSGONB-NTSWFWBYSA-N,N[C@@H]1C=CC[C@H](C(=O)O)C1
KHBQMWCZKVMBLN-UHFFFAOYSA-N,NS(=O)(=O)c1ccccc1
PHNKNJUOTGXFNU-UHFFFAOYSA-N,Cc1nc(C(=O)O)c(C)nc1CO
IWHLYPDWHHPVAA-UHFFFAOYSA-N,O=C(O)CCCCCO
JWYOAMOZLZXDER-UHNVWZDZSA-N,N[C@H]1CCC[C@H]1C(=O)O
DCJAWPYJSRHQRN-UHFFFAOYSA-N,Cc1c(O)c(=O)ccn1CCC(=O)O
ABNFNHUEWPDNCU-UHFFFAOYSA-N,N#CN1C2CCC1CC(=O)C2
ABKWRNOGFQFNRG-UHFFFAOYSA-N,CNC1=NCC(C(=O)O)CC1
RWPYOAUYOSFJQV-JVVVGQRLSA-N,CC(=O)OC1CCN([11CH3])CC1
FNWHLSBILGQQPG-NSCUHMNNSA-N,Cn1c(/C=C/C=O)cnc1[N+](=O)[O-]
IKGBJMGGNGHTRK-UHFFFAOYSA-N,C/N=C(\S)NCCCn1ccnc1
VQPCEYJOGDXUFW-UHFFFAOYSA-N,CC1CCCC2(OC(O)C=CC2=O)O1
KCLFMGVQBHTBJW-UHFFFAOYSA-N,NCC(Br)CC(=O)O
PEYGUQISYVTMGO-UHFFFAOYSA-N,CNCCc1c(C)n[nH]c1C
KWHYPGGBFHXFLD-UHFFFAOYSA-N,C=CCc1c(C)[nH]c(=O)[nH]c1=O
QUZIMSUFTNYBSR-RUDMXATFSA-N,Cc1ccsc1/C=N/NC(=O)CO
ZMDWVDOBEGZQJC-UHFFFAOYSA-N,NC(=O)CCN1CCCCC1
CHYIHEFDRMNERM-UHFFFAOYSA-N,C=CCNc1nc(C)nc(OC)n1
FSYKBAWAYYELHH-UHFFFAOYSA-N,CCCc1cc(=O)[nH]c(N)n1
KBUWQCXQODASRJ-UHFFFAOYSA-N,Cc1ccc(O)[nH]c1=O
MKXDCLLPQDWCDQ-UHFFFAOYSA-N,N=C(N)CCCC(=O)O
MHLXKTVVNZEGPG-UHFFFAOYSA-N,O=CC(=O)Nc1ccccc1
HABHUTWTLGRDDU-UHFFFAOYSA-N,O=C(O)CCCCC(=O)C(=O)O
UCTWMZQNUQWSLP-UTDSSMFPSA-N,[11CH3]NC[C@H](O)c1ccc(O)c(O)c1
DTQUBNMARYWEPV-UHFFFAOYSA-N,NCCCC(N)C(=O)N1CCCCC1
MASWIRTUXFZGAF-UHFFFAOYSA-N,O=C1OCc2cc(O)cc(O)c21
ZBCWTLICDDQSBT-UHFFFAOYSA-N,CC(=N)NCCCc1c[nH]cn1
BOTREHHXSQGWTR-UHFFFAOYSA-N,O=C(O)C1CCOC1
WNZDAVHXNPEVHT-UHFFFAOYSA-N,CC(=O)Nc1[nH]c(C#N)nc1C#N
WQBCZTUSIWRNDW-UHFFFAOYSA-N,CC(C)C(C)C(N)=O
XPGJDPLFMWNERF-SSDOTTSWSA-N,CN(CC#N)C(=O)[C@@H](N)C(C)(C)C
ILNYJNNAHWOTDX-UHFFFAOYSA-N,CNC(=O)Nc1cc(C)nn1C
GZAFGMBZLBZENP-UHFFFAOYSA-N,CCSCC(=O)NCC(=O)OC
AIFYCUKWFYJXJO-YFKPBYRVSA-N,CC(C)N[C@@H](CS)C(=O)O
AZUHIVLOSAPWDM-UHFFFAOYSA-N,c1c[nH]c(-c2ncc[nH]2)n1
FZSZKMMXRBDBQI-UHFFFAOYSA-N,CCNC(=O)N1CCC(N(C)C)C1
KOMXDDRATCALPT-AOOOYVTPSA-N,c1cncc(N2C[C@H]3CNC[C@H]3C2)c1
FJVAQPINJBFBLI-UHFFFAOYSA-N,Cn1cnc2ccccc2c1=O
OSAKXIAFCPXTGN-UHFFFAOYSA-N,C#CC1(C#C)C=CC(=O)C(C#N)=C1
VRHPVAHXPQMOJZ-MRVPVSSYSA-N,C[C@@H](N)C(=O)NCc1ccccc1
AEKVVFWCBKEYSC-UHFFFAOYSA-N,CCC1Cn2cc([N+](=O)[O-])nc2O1
DCWBFOYEQOBQRC-UHFFFAOYSA-N,CCOc1nc2cnccc2c(=O)[nH]1
REBREQWNQBGGHA-UHFFFAOYSA-N,N=c1[cH-][n+](-c2ccc(Cl)cc2)no1
BYIORJAACCWFPU-UHFFFAOYSA-N,Nc1cncc(C(=O)O)c1
WXTMDXOMEHJXQO-UHFFFAOYSA-N,O=C(O)c1cc(O)ccc1O
KRCHFWVMXGGVKG-UHFFFAOYSA-N,Cc1ncn(C2CN3CCC2CC3)n1
PNTBLQOLHRQIRT-UHFFFAOYSA-N,N=C(N)Nc1ccccc1N
JYOLNFDUUMHDIP-JTQLQIEISA-N,C[N+]1(C)CCC[C@H]1CN1CCCC1=O
JPKKMFOXWKNEEN-UHFFFAOYSA-N,CC(O)C[N+](C)(C)C
VMSRCTIIPRWCGJ-UHFFFAOYSA-N,NC1(P(=O)(O)O)CCCCC1
ZUUATXHRJFHSGO-UHFFFAOYSA-N,NC(=NO)c1ccncc1
RXFZQWIYCJKAMJ-UHFFFAOYSA-N,C[N+](C)=CCl
DILMDBKVKPVPRX-UHFFFAOYSA-N,NC1=NCCN1c1ccccc1
VYGDBUNFMFHVLJ-RNFRBKRXSA-N,C[C@@H]1C[C@H](c2cc(=O)[nH]o2)CCN1
VQUMBATZKYCPFB-UHFFFAOYSA-N,O=[PH](O)c1cccs1
XXJWXESWEXIICW-UHFFFAOYSA-N,CCOCCOCCO
ULXKXLZEOGLCRJ-BYPYZUCNSA-N,CCSC[C@H](N)C(=O)O
UEUMMYRZUZKMRI-UHFFFAOYSA-N,CCc1n[nH]c(=O)n1CC
OJVAMHKKJGICOG-UHFFFAOYSA-N,CC(=O)CCC(C)=O
ATGXWWBLMHSRBT-UHFFFAOYSA-N,Cc1cc(C)n(-c2ncncn2)n1
HEFDTDAUQOACPX-UHFFFAOYSA-N,O=c1c2ccccc2[nH]n1CCCO
MRABAEUHTLLEML-UHFFFAOYSA-N,CCCCOC(=O)C(C)O
YCCILVSKPBXVIP-UHFFFAOYSA-N,OCCc1ccc(O)cc1
OHNSRYBTSVDDKA-YHYXMXQVSA-N,NC(=S)N/N=C\c1ccccc1O
TXDDMDVTPDDPIM-UHFFFAOYSA-N,N=C(N)NCc1cccc(C(=O)O)c1
WVORFKPUSXTJGQ-KPKJPENVSA-N,C/C(=N\O)C(=O)NCc1ccccn1
BEUOAZQMTOKUSK-UHFFFAOYSA-N,CN(C)c1nc(N)c2nccnc2n1
PVMLJDLTWMGZAH-UHFFFAOYSA-N,c1ccc(-c2nc[nH]n2)nc1
FUHVYJBSPHDDNU-UHFFFAOYSA-N,NCc1ccc(C(=O)O)o1
RPHHSSICXHMIAH-UHFFFAOYSA-N,C#CCSc1n[nH]c(N)n1
QVAXOQASZGMAHE-UHFFFAOYSA-N,Cn1c(N)nc2ncnc-2c1S
OUYCCCASQSFEME-UHFFFAOYSA-N,NC(Cc1ccc(O)cc1)C(=O)O
ACDAPUOXXWLLSC-UHFFFAOYSA-N,Cc1cccnc1CO
BEZMDAXHYKPOKZ-UHFFFAOYSA-N,C=CC1(C)OC(C(=O)O)=CC1=O
SWOXNMHOSSSHGX-UHFFFAOYSA-N,Cc1ccc(C#N)c(N)[n+]1[O-]
QETAIGUMYQMEEU-UHFFFAOYSA-N,C/N=C(\N)SCCC(=O)O
XKLVLDXNZDIDKQ-UHFFFAOYSA-N,CCCCNN
QOVHHJPYJVDSFZ-VZUCSPMQSA-N,N=C(NO)N/N=C/c1ccccc1F
KTFVTXOFNRNPRW-UHFFFAOYSA-N,CN1CCSCC1=N
VGVLMHYNQBMKKH-UHFFFAOYSA-N,O=C1OC2C=CC1C1(CCOC1=O)C2
INKKUCBCVJHWGB-UHFFFAOYSA-N,COc1c([N+](=O)[O-])ccc(N)c1N
ZZIYLVCIMJMLLL-UHFFFAOYSA-N,COC(=O)C1=CC2CCN(C1)C2
YPEWWOUWRRQBAX-UHFFFAOYSA-N,CC(=O)CC(=O)N(C)C
NPVOJIUIIYMCKF-UHFFFAOYSA-N,O=c1[nH]c2ccccc2n2cnnc12
MSIAFRBGOYFCND-QMMMGPOBSA-N,NC[C@H](O)C1CCCCC1
HEEFKHNBQNJSOD-UHFFFAOYSA-N,NNC(=O)c1ccccc1S
XLUAWXQORJEMBD-HTQZYQBOSA-N,CC(C)[C@H]1NC(=O)[C@H]2CCCN2C1=O
MYUNWHTZYXUCIK-WEVVVXLNSA-N,N/N=C/c1ccccc1O
KNRFNTVMEIIKEB-UHFFFAOYSA-N,O=C1CCC2=C(CCCC2=O)N1
AWGDLJRTHWLHLC-UHFFFAOYSA-N,Cn1cnc(C2CN3CCC2CC3)n1
GCYJJPOBYJQNHH-UHFFFAOYSA-N,COC(=O)CNC(=O)c1cccs1
YQTVZXSITWEQOW-UHFFFAOYSA-N,CCCCNC(=O)C(C)(C)O
QECABVMKPMRCRZ-UHFFFAOYSA-N,COP(=O)(O)C(C)=O
COEMULFSIHJMSY-UHFFFAOYSA-N,Cc1cc2[nH]c(=S)[nH]c(=O)n2n1
IGWFXUHNYJCMLQ-UHFFFAOYSA-N,C#CCCc1c[nH]cn1
RAOAWTKYEHBLHT-ZETCQYMHSA-N,O=C(O)[C@@H](O)Cc1ccccn1
RVIFJBCICWXUDU-UHFFFAOYSA-N,O=C1NC2C=CC=CCC12
NYYRICOQLICPPN-VKHMYHEASA-N,O=C(O)[C@H](CCS)NC(F)F
JTXBXRUUZPKRQY-UHFFFAOYSA-N,CCCCNC1=C2C(=O)NN=C2CO1
RCHYKGVWNCSGEM-UHFFFAOYSA-N,CCc1c(C)c2nncn2[nH]c1=O
VRSAQOMEXLWLBL-UHFFFAOYSA-N,CC(=O)N1C(C)CN(N=O)CC1C
OPBDMDPBJKVMNL-UHFFFAOYSA-N,CCOC(=O)CC(=O)c1cnccn1
LIPRKYKMVQPYPG-UHFFFAOYSA-N,O=c1occcc1O
XIUCEANTZSXBQQ-UHFFFAOYSA-N,C[N+](C)(C)CC(O)CCl
GCQCFUIIUZPJEN-UHFFFAOYSA-N,CCCCN(C)C(=N)NO
YKCAPWJWQQTXTB-UHFFFAOYSA-N,C=CS(=O)(=O)CCC(C)=O
DRIHXDIRNKVFMV-UHFFFAOYSA-N,COc1c(C)n(CCO)ccc1=O
YAOAMZOGXBMLFQ-UHFFFAOYSA-N,N=C(N)NCCCCCCCN
KNARVBXGIRZZRK-JGVFFNPUSA-N,C[C@@H](C#N)N(C)C(=O)[C@@H](N)C(C)(C)C
ITZPACRJRZVNPM-UXBLZVDNSA-O,O=C(O)CC[n+]1cccc(/C=N/O)c1
QMMRASFENXALBB-UHFFFAOYSA-N,NC(=O)c1cccc(C(N)CS)c1
AYKYXWQEBUNJCN-UHFFFAOYSA-N,CC1=CC(=O)OC1=O
SHBYTOJQOCOSPG-UHFFFAOYSA-N,OCC12C3C4C5C3C1C5C42
CKTUXQBZPWBFDX-UHFFFAOYSA-N,NC1CCCC(C(=O)O)C1
YMMXHEYLRHNXAB-RMKNXTFCSA-N,CO/N=C/C1=CCCN(C)C1
JUWXVUUDMQADMC-UHFFFAOYSA-N,O=C1OCC2CCC(O)CC12
PTOLTJFHLFAGNX-UHFFFAOYSA-N,Cc1nccc2nncnc12
LDIJKUBTLZTFRG-UHFFFAOYSA-N,c1cnc2ccnn2c1
RZHOEAGQLCOHEV-XVNBXDOJSA-N,CC1(C)N=C(/C=N/O)C=[N+]1[O-]
CDRZRHVVRYSBPD-UHFFFAOYSA-N,O=C(NC1CC1)c1ncc([N+](=O)[O-])[nH]1
NEJBWENICROWTO-SFYZADRCSA-N,COC(=O)[C@@H]1C=C[C@H](NC(C)=O)C1
ZXRLWHGLEJGMNO-UHFFFAOYSA-N,O=Cc1cncs1
DPOREOOGDLINFI-UHFFFAOYSA-N,N=C(N)C(O)c1ccc2c(c1)OCO2
VHGPDNZJZXWUDY-UHFFFAOYSA-N,O=P(O)(O)CCc1cccnc1
NYMDIRYPHOOUDB-UHFFFAOYSA-N,N#Cc1cccc(NC(=O)C(=O)O)c1
QSJNRTCJVPCSHR-FARCUNLSSA-N,C/C=N/c1cc[nH]c(=O)n1
APCAETLUMQRTDK-UHFFFAOYSA-N,COc1cc(C(=O)O)nc(OC)n1
GPDGFLUBBBVCJX-UHFFFAOYSA-N,C#CCN(C)C(=O)c1cccn1C
VCDGTEZSUNFOKA-UHFFFAOYSA-N,O=Cc1ccc(OCCO)cc1
HTWVUABWSVFZBF-UHFFFAOYSA-N,CC(=O)Nc1nnc2n1CCCS2
IODGAONBTQRGGG-LURJTMIESA-N,CC[C@@H](C(=O)O)N1CCCC1=O
RLRXYCOJGGRMQS-UHFFFAOYSA-N,CNCCc1[nH]cnc1C
ZDESJBRGHYINNN-UHFFFAOYSA-N,Cn1c(N)cccc1=N
GZBUMTPCIKCWFW-UHFFFAOYSA-N,CC[N+](CC)(CC)CCO
OKJUBHQJVNBSOG-UHFFFAOYSA-N,CC(C)(CN)c1cnc[nH]1
GATNOFPXSDHULC-UHFFFAOYSA-N,CCP(=O)(O)O
LRVLAHKIQWPWCY-UHFFFAOYSA-N,Nc1ccc(C2OC(=O)NC2=O)cc1
RWCMOQXHIDWDDJ-ZETCQYMHSA-N,O=C(O)[C@@H](O)c1ccc(F)cc1
ALLUGGDOETVHSP-UHFFFAOYSA-N,N#Cc1cnc(C#N)c(Cl)n1
PKLPQOJFHFGVBS-UHFFFAOYSA-N,CC(=O)c1c(O)cc(C)oc1=O
QDYMCFLCMGVGMD-UHFFFAOYSA-O,C[N+](C)(CCF)CCCC(=O)O
AYPJVXQBVHCUCJ-UHFFFAOYSA-N,CCOC(=O)CCCO
VTJAFLLRROFQPM-UHFFFAOYSA-N,C[N+]1(C)CC=C(N2CCOCC2)CC1
VHRGRCVQAFMJIZ-UHFFFAOYSA-N,NCCCCCN
AVZOEZMUNZGWLN-UHFFFAOYSA-N,COC1(OC)C=CC(=O)C=C1
HSXNXTGUYOUXQI-UHFFFAOYSA-N,OCCCNC(=S)S
MWYPZOYBCYPALN-UHFFFAOYSA-N,CCCCP(=O)(O)CC(=O)CN
OSFDSLRVYKUBOP-UHFFFAOYSA-N,CCCn1cnc2c(=O)[nH]c(N)nc21
BANRXGCIPOQDMR-UHFFFAOYSA-N,Cc1c(O)ccoc1=O
PVOSECZBLPUJLZ-UHFFFAOYSA-N,c1ccc2c(c1)NCC1CNCCN21
AOPRXJXHLWYPQR-UHFFFAOYSA-N,NC(=O)COc1ccccc1
ZHBHKCFTFMIUEB-BJMVGYQFSA-N,Cc1cccc(/C=N/N=C(\N)NO)n1
AEPZRULXCKGTFI-YFKPBYRVSA-N,O=C1N2CCC[C@H]2CS1(=O)=O
GSVFENCKYURWTI-UHFFFAOYSA-N,CCNc1ncnc2[nH]cnc12
QJMFTAWMXPHJTG-UHFFFAOYSA-N,Cc1nsnc1OC(=O)N(C)C
OEUQNXWWSVIUTP-UHFFFAOYSA-N,O=C(O)CCc1ccc(C(=O)O)nc1
DSWLRNLRVBAVFC-UHFFFAOYSA-N,C[S+]([O-])CC(=O)c1ccccn1
BCUBVIUYBHOZBQ-UHFFFAOYSA-N,c1ncc2c(n1)C1CCC(C2)N1
XNQIOISZPFVUFG-UHFFFAOYSA-N,CC(N)Cc1cnc[nH]1
UBGHOIDVCMBBEP-UHFFFAOYSA-N,CC(=O)NCc1cccc(CN)c1
UMLBRIIKPQMRIO-UHFFFAOYSA-O,CCOC[n+]1ccn(C)c1/C=N/O
KKLDLTCISAWVLM-UHFFFAOYSA-N,c1cncc(Cc2nn[nH]n2)c1
UYSDSONCNFNDQL-UHFFFAOYSA-N,Cc1cc(NCCO)n2nccc2n1
QGIHERZYTKZKLL-UHFFFAOYSA-N,CCC1(C)SC(N)=NN1C(C)=O
SUYYYBBFOLGROC-UHFFFAOYSA-N,CC1Oc2ccc(N)cc2NC1=O
VTHRQKSLPFJQHN-UHFFFAOYSA-N,N#CCCOCCOCCC#N
MOSFSUKRPKTXFU-UHFFFAOYSA-N,COc1cccnc1C(=O)NO
OUZCWDMJTKYHCA-UHFFFAOYSA-N,Cc1nnc(S)[nH]1
OSCGPKRHGOYTDV-VZUCSPMQSA-N,CC/C=N/OCC(O)CNC(C)C
JOOXCMJARBKPKM-UHFFFAOYSA-N,CC(=O)CCC(=O)O
JBSRTZUQAXYSQB-UHFFFAOYSA-N,NCC1OCCc2c1ccc(O)c2O
POMHUWAQEADJGB-SJEUGXSHSA-N,N[C@]1(C(=O)O)C[C@H](CF)C1
PMNGHOKWUMBSLB-BIIVOSGPSA-N,O=C(O)[C@@H]1[C@H]2CCC[C@@H]1NCC2
ADLADNOVIJYIMA-UHFFFAOYSA-N,O=NN1CCC(=O)CC1
FWJKNZONDWOGMI-UHFFFAOYSA-N,CCC1(CC)C(=O)NC(=O)N(C)C1=O
KXBQNNGKLMZFGJ-UHFFFAOYSA-N,O=c1c2ccccc2[nH]n1CCO
ZGHKBXCWIZHPBZ-PSASIEDQSA-N,c1cncc(N2C[C@H]3C[C@@H]2CN3)c1
AGKYMAODIKREIE-UHFFFAOYSA-N,O=c1[nH]cnc2c1-c1cccn1CC2
SZAYXOZJQJXPTC-IZZDOVSWSA-N,CN(C)/C=N/C(=O)c1cnccn1
HYBZNNIIQAYWEF-UHFFFAOYSA-N,CC(=O)C1=CCCN(C)C1
CAWJAXDBKJJVPC-UHFFFAOYSA-N,CC(C)(C#N)NNC(=O)c1ccco1
LKAHLPBXLNUNQZ-UHFFFAOYSA-N,C#CC[N+](C)(CC#C)CC#C
YDJLYZDTIUKJQI-UHFFFAOYSA-N,CCC1CN=C(N)C1
WJVVPYVGCDWJKB-UHFFFAOYSA-N,NC(=O)c1cccc2c1OCC2
CSGQJHQYWJLPKY-UHFFFAOYSA-N,O=C(O)c1cc(O)[nH]c(=O)c1
SUSIQENTYZSKAW-WEVVVXLNSA-N,Cn1cccc1/C=N/NC(N)=S
FWDROTDBZOBNLC-UHFFFAOYSA-N,Nc1nccc(NC2CCNCC2)n1
DGUCIYYHBBSKNE-UHFFFAOYSA-N,CC1OCC2(CCCNC2)O1
DXRVRACCHWIPJB-UHFFFAOYSA-N,CCOC(=O)c1nnsc1NN
HZBFYDISTFMZTO-UHFFFAOYSA-N,NC(=O)c1cc(F)cc2c1OCC2
ZBIIKTYRXGHZSP-UHFFFAOYSA-N,CC(C)NC(=O)P(=O)(O)O
QNOLKZYYKHPKJQ-UHFFFAOYSA-N,CCON(CC)N=O
PFYCHDZKRMJBFY-UHFFFAOYSA-N,c1cncc(CN2CC3CC2CN3)c1
XQVLSVGTENBRFH-UHFFFAOYSA-N,C/N=C(\NC#N)Nc1cccnc1
QCJUNFLLMLBZLR-UHFFFAOYSA-N,C/N=C(\S)c1ncccc1N
CEMZBWPSKYISTN-YFKPBYRVSA-N,COC(=O)[C@@H](N)C(C)C
MHRDCHHESNJQIS-UHFFFAOYSA-N,CC(CS)C(=O)O
JKNCOURZONDCGV-UHFFFAOYSA-N,C=C(C)C(=O)OCCN(C)C
SVEPUZNLROGYNZ-UHFFFAOYSA-N,NCc1ccc([N+](=O)[O-])cc1[N+](=O)[O-]
LMECNVOGESXMGV-UMJHXOGRSA-N,NCC1C[C@]1(C(N)=O)c1ccccc1
RGKLWAHLGYLIKT-UHFFFAOYSA-N,Sc1ncnc2nn[nH]c12
KQEVEDHJIGSXDK-UHFFFAOYSA-N,[O-]c1c[n+](-c2ccccc2)no1
KIUHZRUPPGAVPY-UHFFFAOYSA-N,O=NN1CC=CCC1
ZLEFGZRMMRINET-UHFFFAOYSA-N,Cc1cc(=N)sn1C
PWPOIJNVVZDGIH-VITGYUQNSA-N,CCOC1OC(=O)[C@H]2[C@@H]1[C@@H]1CC[C@H]2O1
DCSDZQBAHAJINH-UHFFFAOYSA-N,NC(=S)NN=C1C=CCCC1
KBXXIYHLBDJZSW-VIFPVBQESA-N,CCCNCC(=O)N1CCC[C@H]1C#N
GSFUNLAUWYNNCT-UHFFFAOYSA-N,Cc1nc2cnccn2c1O
NKSXTZQHEAIDSX-UHFFFAOYSA-N,Nc1n[nH]c(Cc2ccccn2)n1
PRQUBDQDCAULSW-UHFFFAOYSA-N,c1ccc(-c2c[nH]nn2)nc1
QACYJJJFKRYOJD-UHFFFAOYSA-N,CC(O)CC#CCCO
BGLCATULDGAIDO-UHFFFAOYSA-N,Nc1nnc2cncc(Cl)n12
PIDRHKDECUFWTG-UHFFFAOYSA-N,C[n+]1ccsc1
XTWQGFNPJUNTFD-UHFFFAOYSA-N,NC1CCc2n[nH]cc2C1
STZIVELXXMZOFY-UHFFFAOYSA-N,O=c1nc2c3c(ccc2n[nH]1)=CCCC=3
QNLBKZNRCKYYRB-UHFFFAOYSA-N,CNc1nccnc1C
YCQNUDLIFJZIKT-UHFFFAOYSA-N,Cc1cc(=O)n2c(n1)SCOC2
LBVZINOLAFTARU-UHFFFAOYSA-N,CNC(=O)CBr
HZVJFZZXNQLMQB-UHFFFAOYSA-N,CC1CCc2nc(N)[nH]c(=O)c2C1
JIPSHGIBKGDJHE-UHFFFAOYSA-N,Cc1ccn(C)c(=N)c1
DIDVRNLWJBGGQJ-UHFFFAOYSA-N,CCOC(=O)C1=C(C)NC(=O)NC1
XWMLEYINWKGSAC-UHFFFAOYSA-N,CN(C)c1ccc(C(=O)O)cn1
GQEHSBNMBDRPNR-UHFFFAOYSA-N,CC(C)N1CCNC1=S
MYXVAUFDDVSDIF-UHFFFAOYSA-N,Cc1nc2[nH]c3c(c(=O)n2n1)CCC3
HWINKOAWQWLCBL-UHFFFAOYSA-N,COc1cccc2c1[nH]c(=O)n2O
LVRFTAZAXQPQHI-UHFFFAOYSA-N,CC(C)CC(O)C(=O)O
DABFKTHTXOELJF-UHFFFAOYSA-N,CCCN1C(=O)C=CC1=O
KHDDBIBKNPILFG-UHFFFAOYSA-N,O=C(O)CC(CC(=O)O)n1cccc1
SDNBIUWXOAETLE-UHFFFAOYSA-N,CNC1Cc2ccc(O)c(O)c2C1
WOFFHNPACQWVAV-UHFFFAOYSA-N,Nc1ccnc(-c2cc[n+]([O-])cc2)n1
JVUOHGAGHQZZJW-UHFFFAOYSA-N,CNC(=O)CCc1ccc(O)c(O)c1
OSCTXCOERRNGLW-SREVYHEPSA-N,O=C(/C=C\c1ccccc1)NCCO
DCUKVUVLSDGDEZ-UHFFFAOYSA-N,CCN(N=O)C(C)OC
NDVNHAJMXQWLSL-UHFFFAOYSA-N,CCNc1ncnc2c1nnn2CC
ALYNCZNDIQEVRV-UHFFFAOYSA-N,Nc1ccc(C(=O)O)cc1
COAVYXJTHCOFKX-UHFFFAOYSA-N,CC(C)C(O)(CCO)CC(=O)O
JUZLMRLZYMOOMY-XQRVVYSFSA-N,CN(C)/C=C1/C=C(C=O)OC1=O
