Smiles,InchiKeys,experimental_value
CC1CCCN1CCc1cc2cc(-c3cncc(C#N)c3)ccc2o1,UGELZTGBPPXJPE-UHFFFAOYSA-N,1
COc1ncc(-c2ccc(C3CC(N4CCCC4C)C3)cc2)cn1,DLNFWRTZALVTSJ-UHFFFAOYSA-N,1
COc1ncc(-c2ccc3cc(CCN4CCCC4C)ccc3c2)cn1,GCDHZFDHJDQKFR-UHFFFAOYSA-N,1
CC1CCCN1C1CC(c2ccc(-c3cncnc3)cc2)C1,XRYDMMOPQTWUSE-UHFFFAOYSA-N,1
O=C1NCN(c2ccccc2)C12CC[N+](CCCC(c1ccc(F)cc1)c1ccc(F)cc1)CC2,GFORFEKVQXJTEI-UHFFFAOYSA-N,1
O=C(NC1CCN(Cc2ccc3c(c2)OCO3)CC1)c1cc(=O)c2cc(F)ccc2o1,HHCYCBKPWYJVEB-UHFFFAOYSA-N,1
COC(=O)C1C(OC(=O)c2ccccc2)CC2CCC1N2C,ZPUCINDJVBIVPJ-UHFFFAOYSA-N,1
CC1CCCN1CCc1ccc2cc(-n3ncccc3=O)ccc2c1,YBHLETUAEBDXIP-UHFFFAOYSA-N,1
Fc1ccc(-n2cc(C3CCN(CCN4CCNC4=S)CC3)c3ccccc32)cc1,UDRWVFGKMDCPTL-UHFFFAOYSA-N,1
CN1CCN(CCCN(C(=O)Nc2ccc(F)c(Cl)c2)C2CCC3(c4cccc(N)c4)CC23)CC1,XNXZHSREQUABAF-UHFFFAOYSA-N,1
C[N+]1CCCC1CCOC(C)(c1ccccc1)c1ccc(Cl)cc1,OGQHWELSDGZYOF-UHFFFAOYSA-N,1
CC(C(=O)NC1(c2ccccc2)CCC(N2CCC(c3ccc(F)cc3)CC2)CC1)c1cc(C(F)(F)F)cc(C(F)(F)F)c1,LKUBJXGOOGUQGP-UHFFFAOYSA-N,1
CC(C)C1(C(=O)NCc2cc(C(F)(F)F)cc(C(F)(F)F)c2)CCC(N2CCC(c3ccc(F)cc3)CC2)C1,YEQFSCLZXBNXBX-UHFFFAOYSA-N,1
Cc1ccc(O)c(C(CCN(C(C)C)C(C)C)c2ccccc2)c1,OOGJQPCLVADCPB-UHFFFAOYSA-N,1
Cc1ccc(O)c(C(CC[N+](C(C)C)C(C)C)c2ccccc2)c1,WGOANEPMJOTKQS-UHFFFAOYSA-N,1
COc1ccc(CC[N+](C)CCCN(C(=O)c2ccc([N+](=O)[O-])cc2)c2ccc(OC)c(OC)c2)cc1OC,JVNWKLHXJYUXET-UHFFFAOYSA-N,1
O=C1NCCN1CCN1CCC(C2CN(c3ccc(F)cc3)c3ccccc32)CC1,MJIFNEGWZJIOKW-UHFFFAOYSA-N,1
Cc1cc(-c2ccc3c(c2)CCN(CCCSc2nnc(-c4ccc(Cl)cc4)n2C)CC3)no1,LOGDXDWDCZTLOS-UHFFFAOYSA-N,1
O=C(c1ccc(O)cc1OCC(O)CN1CCC2(CC1)Cc1cc(Cl)ccc1O2)N1CC(O)CO1,HQINFIWNVUIGOE-UHFFFAOYSA-N,1
Clc1ccc(C(c2ccc(Cl)cc2)n2cc[n+](CC(OCc3ccc(Cl)cc3Cl)c3ccc(Cl)cc3Cl)c2)cc1,CTKNMSVWMRRCPW-UHFFFAOYSA-N,1
Oc1ccc(CC[N+]2CCC(Nc3nc4ccccc4n3Cc3ccc(F)cc3)CC2)cc1,MLWLNEPGPPVSDC-UHFFFAOYSA-N,1
CCOC(=O)C1=CC2(CC)CCC[N+]3CCc4c(n1c1ccccc41)C32,MEXIBBKUPJTJRY-UHFFFAOYSA-N,1
Cc1cnc(-c2ccc3c(c2)CCN(CCCSc2nnc(-c4ccc5[nH]ccc5c4)n2C)CC3)o1,VBQPFBIQLMTMNM-UHFFFAOYSA-N,1
COc1ccccc1-c1nnc(SCCCN2CCc3ccc(-c4cc(C)on4)cc3CC2)n1C,PKAXIMFUJIQFKS-UHFFFAOYSA-N,1
Cc1nc2ccccc2n1C1CC2COCC(C1)N2C,KICCGGGRQKPBIH-UHFFFAOYSA-N,1
COc1cc(N)c(Cl)cc1C(=O)NC1CCC(CCCOc2ccc(F)cc2)CC1OC,FVGPHGAWVQFSPG-UHFFFAOYSA-N,1
CC(C)C1(C(=O)NCc2cc(C(F)(F)F)cc(C(F)(F)F)c2)CCC(N2CCC(c3cccc(F)c3)CC2)C1,ILPQLCKGOBBIPI-UHFFFAOYSA-N,1
CC(C)(O)C1(C(=O)NCc2cc(C(F)(F)F)cc(C(F)(F)F)c2)CCC(N2CCC(c3ccc(F)cc3)CC2)C1,JEUSLIAZMCQUCV-UHFFFAOYSA-N,1
Cc1cc(-c2ccc3c(c2)CCN(CCCSc2nnc(-c4ccccc4Cl)n2C)CC3)no1,OVGUUSWJYHCFLN-UHFFFAOYSA-N,1
CC(C)C1(C(=O)NCc2cc(C(F)(F)F)cc(C(F)(F)F)c2)CCC(N2CCC(c3cccc(O)c3)CC2)C1,LCQVKIHGMHPFIJ-UHFFFAOYSA-N,1
CCOC(=O)CC1CN(S(=O)(=O)c2cc3cc(Cl)ccc3[nH]2)CC(=O)N1Cc1ccc(C(=N)N(C)C)cc1,JEKPFWUXURUETD-UHFFFAOYSA-N,1
CCCCNCCC(O)c1cc2c(Cl)cc(Cl)cc2c2cc(C(F)(F)F)ccc12,FYHCHSNOXWVJJT-UHFFFAOYSA-N,1
Cc1cc(-c2ccc3c(c2)CCN(CCCSc2nnc(-c4cccc(Cl)c4)n2C)CC3)no1,DEIXGWIQADAVTO-UHFFFAOYSA-N,1
N#Cc1ccc2cc1Oc1ccc3c(c1)C(CC3)N1CCC(NCc3cncn3C2)C1=O,DFXJFEAHWLUMQK-UHFFFAOYSA-N,1
CC(C)(C)OC(=O)N1CC2CC(CN(CC(O)COc3ccc(C#N)cc3)C2)C1,FFDOXSIZJSGXOQ-UHFFFAOYSA-N,1
CC(C)(C)c1ccc(C(O)CCCN2CCC(C(O)(c3ccccc3)c3ccccc3)CC2)cc1,GUGOEEXESWIERI-UHFFFAOYSA-N,1
CCCCCCCCC(=O)NCc1ccc(CC(O)CO)c(OC)c1,ZPRQZUALRQVYOJ-UHFFFAOYSA-N,1
CCOc1cc(CCN2CCC(Nc3nc4ccccc4o3)CC2)ccc1OC,LMTKAUFXBCGCJZ-UHFFFAOYSA-N,1
CC1CCCN1C1CC(c2ccc(-c3ccc(C#N)cc3)cc2)C1,DQUUMUHVZGIZNI-UHFFFAOYSA-N,1
Fc1ccc2c(C3CNCCC3F)c(-c3cccc4ccccc34)[nH]c2c1,XWGNKABGVNJFEL-UHFFFAOYSA-N,1
Fc1ccc2c(C3CNCCC3F)c(-c3cccc4ccccc34)[nH]c2c1,XWGNKABGVNJFEL-UHFFFAOYSA-N,1
CC1CCCN1CCc1ccc2cc(-c3ccc(C#N)cc3)ccc2c1,AULXVGJBLMFJCV-UHFFFAOYSA-N,1
CC(C)C1(C(=O)NCc2cc(C(F)(F)F)cc(C(F)(F)F)c2)CCC(N2CCC(c3ccncn3)CC2)C1,VAKGFJFMMQQEIE-UHFFFAOYSA-N,1
COc1ccc(CCN(C)CCCC(C#N)(c2ccc(OC)c(OC)c2)C(C)C)cc1OC,SGTNSNPWRIOYBX-UHFFFAOYSA-N,1
COc1ccc(CCN(CCCC(C)(C#N)c2ccc(OC)c(OC)c2)C(C)C)cc1OC,VYLABSMQLHGDJB-UHFFFAOYSA-N,1
N#Cc1ccc(Cn2cncc2CCNC2CCN(c3ccccc3)C2=O)cc1,SBIMUGAYTIMITB-UHFFFAOYSA-N,1
N#Cc1ccc2cc1Oc1ccc3c(c1)C(CCO3)N1CCC(NCc3cncn3C2)C1=O,OBKQMZCTGOCMFK-UHFFFAOYSA-N,1
CCc1nc2ccc3c(c2s1)CCN(CCCSc1nnc(-c2cccc4nc(C)ccc24)n1C)CC3,ZLAONGKKHFSBFL-UHFFFAOYSA-N,1
O=c1[nH]c2ccccc2n1CCCCN1CCC(n2c(=O)[nH]c3ccc(Cl)cc32)CC1,KVHVIXZNQRDNNU-UHFFFAOYSA-N,1
CN(C(=O)c1ccc(-c2ccc(C(F)(F)F)cc2)cc1)C1CCN(C(=O)N(C)C2CCN(CCCc3ccc(Cl)cc3)C2)C1,CZSUCMAQMLGPBX-UHFFFAOYSA-N,1
CCN(CCc1ccc(Cl)c(Cl)c1)CC(O)COc1ccc(NS(C)(=O)=O)cc1,KHLCOSGYTJPDNE-UHFFFAOYSA-N,1
CC[N+](CC)CCOc1ccc(C(=C(Cl)c2ccccc2)c2ccccc2)cc1,SEAREBDZGMUOLJ-UHFFFAOYSA-N,1
CC(C)C1(C(=O)NCc2cc(C(F)(F)F)cc(C(F)(F)F)c2)CCC(N2CCC(c3cc(Cl)ncn3)CC2)C1,ZUQHPBCHCUTNSK-UHFFFAOYSA-N,1
CCCC[N+](Cc1cncn1Cc1ccc(C#N)cc1)C1CCN(Cc2ccccc2)C1=O,GNRZWIIEHAXFFH-UHFFFAOYSA-N,1
N#Cc1ccc(Cn2cncc2C[N+](CC[N+]2CCOCC2)C2CCN(Cc3cccc(Cl)c3)C2=O)cc1,KOCNCYHZFRVCOW-UHFFFAOYSA-N,1
CC(C)(Cc1ccc2ccccc2c1)NCC(O)COc1cccc(Cl)c1C#N,PZUJQWHTIRWCID-UHFFFAOYSA-N,1
CC1CCCN1CCc1cc2cc(-c3ccc(C#N)cc3)ccc2o1,KFHYZKCRXNRKRC-UHFFFAOYSA-N,1
CCCCN(CCCC)CCC(O)c1cc2c(Cl)cc(Cl)cc2c2c1=CCC(C(F)(F)F)C=2,LEKUJLQQZVXLAU-UHFFFAOYSA-N,1
CCCCN(CCCC)CCC(O)c1cc2c(Cl)cc(Cl)cc2c2cc(C(F)(F)F)ccc12,FOHHNHSLJDZUGQ-UHFFFAOYSA-N,1
Fc1ccc(-n2cc(C3CCNCC3)c3ccc(Cl)cc32)cc1,MKWVUUFAZUWDSJ-UHFFFAOYSA-N,1
CN(CCN(C)[S+2](O)(O)c1ccc(N[S+2](C)(O)O)cc1)c1nc2ccccc2n1C,JAQYIKMJEHZODL-UHFFFAOYSA-N,1
COc1cccc(C2CCN(C3CCC(C(=O)NCc4cc(C(F)(F)F)cc(C(F)(F)F)c4)(C(C)C)C3)CC2)c1,ZLIAFORUHVKWQY-UHFFFAOYSA-N,1
CC(C)C1(C(=O)NCc2cc(C(F)(F)F)cc(C(F)(F)F)c2)CCC(N2CCC(c3cccnc3)CC2)C1,NCJKKRRMGQPBBA-UHFFFAOYSA-N,1
C[N+]1CC[N+](CCCN2c3ccccc3Sc3ccc(C(F)(F)F)cc32)CC1,JGGRYQAHJOLGSU-UHFFFAOYSA-N,1
Cc1cc(-c2ccc3c(c2)CCN(CCCSc2nnc(-c4ccccn4)n2C)CC3)no1,PZBTVBSLNQDOCG-UHFFFAOYSA-N,1
Cc1cc(-c2ccc3c(c2)CCN(CCCSc2nnc(-c4cccn4C)n2C)CC3)no1,AZIHSCHAYYVWIY-UHFFFAOYSA-N,1
Cc1cc(-c2ccc3c(c2)CCN(CCCSc2nnc(-c4ccc(F)c(F)c4)n2C)CC3)n(C)n1,KEOZDNQHXGUGES-UHFFFAOYSA-N,1
Cc1ccn2c3c(nc2c1)CCN(CCCSc1nnc(-c2cccc4nc(C)ccc24)n1C)CC3,NAFIXABLSKOHPB-UHFFFAOYSA-N,1
COc1ccc(C2CCN(CCC3CCOc4ccccc43)CC2)cc1OC,UIZPEXQHMIZQPQ-UHFFFAOYSA-N,1
c1ccc(C[N+]2CCCC(c3c(-c4ccccc4)[nH]c4ccccc34)C2)cc1,IUUXSMYSJYIRRG-UHFFFAOYSA-N,1
CC(C(=O)NC1(c2ccccc2)CCC(N2CCC3(CCC(=O)O3)CC2)CC1)c1cc(C(F)(F)F)cc(C(F)(F)F)c1,RXSMNWVUQNFEGE-UHFFFAOYSA-N,1
Cc1cc(-c2ccc3c(c2)CCN(CCCSc2nnc(-c4ccc5nc(C)c(C)nc5c4)n2C)CC3)no1,VSUKSHADZRDBII-UHFFFAOYSA-N,1
C=CC1CN2CCC1CC2C(O)c1ccnc2ccc(OC)cc12,LOUPRKONTZGTKE-UHFFFAOYSA-N,1
O=C1C(c2cc(C(F)(F)F)cc(C(F)(F)F)c2)CCN1C1(c2ccccc2)CCC(N2CCC3(CCOC3)CC2)CC1,MVXMOYOFQUJRHY-UHFFFAOYSA-N,1
CN(C1CCN(c2nc3ccccc3n2Cc2ccc(F)cc2)CC1)C1NC=CC(=O)N1,DRGSZTLTIYQWJD-UHFFFAOYSA-N,1
COc1cc2c(cc1OC)C(CC(O)c1ccc(Cl)cc1)N(C)CC2,MSXJZHUTIDWQBZ-UHFFFAOYSA-N,1
CC1(c2cc(C(F)(F)F)cc(C(F)(F)F)c2)CCN(C2(c3ccccc3)CCC(N3CCC4(CCOC4)CC3)CC2)C1=O,JZEQFVDLSUHIOP-UHFFFAOYSA-N,1
CN(CCc1ccc(Cl)c(Cl)c1)CC(O)COc1ccc(NS(C)(=O)=O)cc1,BQBSHJUQVIWEFM-UHFFFAOYSA-N,1
CC(C)(C)c1ccc(C(O)CCCN2CCC(C(O)(c3ccccc3)c3ccccc3)CC2)cc1,GUGOEEXESWIERI-UHFFFAOYSA-N,1
CCn1nc(Cc2ccc(-c3ccccc3)cc2)cc1C1CCN(CC2CN(C(C(=O)O)C3CCCCC3)CC2c2cccc(F)c2)CC1,SXKNFGNGCSTXQU-UHFFFAOYSA-N,1
CC(=O)c1cccc(NC(=O)NC2CCCCC2CN2CCCC(Cc3ccc(F)cc3)C2)c1,ASRDPULQBHFPGU-UHFFFAOYSA-N,1
CCNC1CCN(CC(=O)Nc2cc(-n3nc(C)cc3C)nc(-c3ccc(C)o3)n2)C1,KMMAIJQUGOQJIO-UHFFFAOYSA-N,1
CS(=O)(=O)Nc1ccc(OCC(O)CN(CCc2ccc(Cl)c(Cl)c2)Cc2ccccc2)cc1,XQPLBOPPSBAOCM-UHFFFAOYSA-N,1
CCCNCC(O)COc1ccccc1C(=O)CCc1ccccc1,JWHAUXFOSRPERK-UHFFFAOYSA-N,1
CCC[S+]([O-])CCC[N+](CC)CC(O)COc1ccc(C#N)cc1,ZMIXNTFGXGIDHD-UHFFFAOYSA-N,1
CNCCC(Oc1ccc(C(F)(F)F)cc1)c1ccccc1,RTHCYVBBDHJXIQ-UHFFFAOYSA-N,1
N#Cc1ccc(Cn2cncc2C[N+](CCC[NH])C2CCN(Cc3cccc(Cl)c3)C2=O)cc1,FNOOCAJCXVWPOF-UHFFFAOYSA-N,1
Fc1ccc2c(C3CNCCC3F)c(-c3ccc4ccccc4c3)[nH]c2c1,DAUSNPVLXKKGNQ-UHFFFAOYSA-N,1
Fc1ccc2c(C3CNCCC3F)c(-c3ccc4ccccc4c3)[nH]c2c1,DAUSNPVLXKKGNQ-UHFFFAOYSA-N,1
Cc1ccc2c(-c3nnc(SCCCN4CCc5ccc(-c6cc(C)on6)cc5CC4)n3C)cccc2n1,RFIKMECJVGIKGU-UHFFFAOYSA-N,1
CC1CCCN1CCCOc1ccc(N2CCN(C(=O)c3cc(F)cc(F)c3)CC2=O)cc1,AGSWPZXGFSITHZ-UHFFFAOYSA-N,1
CN1CCCCC1CCN1c2ccccc2Sc2ccc([S+](C)[O-])cc21,SLVMESMUVMCQIY-UHFFFAOYSA-N,1
C[N+]1CCCCC1CCN1c2ccccc2Sc2ccc([S+](C)[O-])cc21,ZMSOBBRPDJQSNR-UHFFFAOYSA-N,1
CN1CCN(CCCCN2C(=O)CN(N=Cc3ccc(-c4ccc(Cl)cc4)o3)C2=O)CC1,MREBEPTUUMTTIA-UHFFFAOYSA-N,1
CC(C(=O)NC1(c2ccccc2)CCC(N2CCC3(CCOC3)CC2)CC1)c1cc(C(F)(F)F)cc(C(F)(F)F)c1,LDVRAJSZIPKJHL-UHFFFAOYSA-N,1
Cc1cc(C)n(-c2cc(NC(=O)CN3CCC(N(C)C)C3)nc(-c3ccc(C)o3)n2)n1,FJQPCZJPOCTEEK-UHFFFAOYSA-N,1
CC(C)C1(C(=O)NCc2cc(C(F)(F)F)cc(C(F)(F)F)c2)CCC(N2CCC(c3cnccn3)CC2)C1,AZJYWGPAABBHMB-UHFFFAOYSA-N,1
C=CC1CN2CCC1CC2C(O)c1ccnc2ccc(OC)cc12,LOUPRKONTZGTKE-UHFFFAOYSA-N,1
[NH]CCC(O)c1cc2c(Cl)cc(Cl)cc2c2cc(C(F)(F)F)ccc12,QMEYMCGPEYQIJC-UHFFFAOYSA-N,1
CC(=O)c1cccc(-c2cccc(-n3cc(C(=O)Nc4c(Cl)cncc4Cl)c(=O)c4cccnc43)c2)c1,ADEIAEFCLQCOPY-UHFFFAOYSA-N,1
CS(=O)(=O)Nc1ccc(OCC(O)CNCCc2ccc(Cl)c(Cl)c2)cc1,GEFDXUZHLNJUMR-UHFFFAOYSA-N,1
COc1ccc(C(O)CC2c3cc(OC)c(OC)cc3CCN2C)cc1,BFMVLFRBLSHGFU-UHFFFAOYSA-N,1
CCC(=C(c1ccccc1)c1ccc(OCCN(C)C)cc1)c1ccccc1,NKANXQFJJICGDU-UHFFFAOYSA-N,1
CS(=O)(=O)Nc1ccc(OCC(O)CN(CCc2ccc(Cl)c(Cl)c2)Cc2cccc(O)c2)cc1,GCGKFTIWTCUWFE-UHFFFAOYSA-N,1
Cc1ccc2c(-c3nnc(SCCCN4CCc5ccc(-c6ncc(C)o6)cc5CC4)n3C)cccc2n1,PXLGTQTYMBVHFH-UHFFFAOYSA-N,1
Cc1ccc2c(-c3nnc(SCCCN4CCc5ccc6oc(-c7cc(C)nn7C)nc6c5CC4)n3C)cccc2n1,NZPLLWYDJFVQEH-UHFFFAOYSA-N,1
Cc1cc(-c2nc3c4c(ccc3o2)CCN(CCCSc2nnc(-c3ocnc3C)n2C)CC4)n(C)n1,KHTUQDQSUXMHQA-UHFFFAOYSA-N,1
O=C1C(c2cc(C(F)(F)F)cc(C(F)(F)F)c2)CCCN1C1(c2ccccc2)CCC(N2CCC3(CCOC3)CC2)CC1,ANNTYLPRTLHHJC-UHFFFAOYSA-N,1
Cc1nccn1CC1CCc2c(c3ccccc3n2C)C1=O,FELGMEQIXOGIFQ-UHFFFAOYSA-N,1
CS(=O)(=O)Nc1ccc(OCC(O)CN(CCc2ccc(Cl)c(Cl)c2)Cc2ccccc2O)cc1,PVNKTEVKLYEYIV-UHFFFAOYSA-N,1
CC(C)(O)C1(C(=O)NCc2cc(C(F)(F)F)cc(C(F)(F)F)c2)CCC(N2CCC(c3cncnc3)CC2)C1,YIQYJBKGDDWABP-UHFFFAOYSA-N,1
NC(CC(=O)N1CCCC1C(=O)NCc1ccc(C(F)(F)F)cc1)Cc1ccccc1F,BCERHNLMUQCEJQ-UHFFFAOYSA-N,1
O=C(Nc1ccccc1)c1[nH]c2cc(F)ccc2c1C1CNCCC1F,WSWLUEDPQUZWSK-UHFFFAOYSA-N,1
Fc1ccc2c(C3CNCCC3F)c(C3CCCCCC3)[nH]c2c1,DDHVVNWORMJVLB-UHFFFAOYSA-N,1
O=C(Nc1ccccc1)c1[nH]c2cc(F)ccc2c1C1CNCCC1F,WSWLUEDPQUZWSK-UHFFFAOYSA-N,1
CC(=O)C1=NN2c3cc(F)ccc3OCC2C1(CCCN)c1ccccc1,RZCZKNPTZMHVSH-UHFFFAOYSA-N,1
COC1(c2cc(C(F)(F)F)cc(C(F)(F)F)c2)CCN(C2(c3ccccc3)CCC(N3CCC4(CCOC4)CC3)CC2)C1=O,WCNNBKIYWOWYQW-UHFFFAOYSA-N,1
CN(C)C1CCC(c2ccccc2)(N2CCC(c3cc(C(F)(F)F)cc(C(F)(F)F)c3)C2=O)CC1,WDABUKHQRJDQAX-UHFFFAOYSA-N,1
CCCCc1oc2ccccc2c1C(=O)c1cc(I)c(OCC[N+](CC)CC)c(I)c1,SSEQSOKGNDFROE-UHFFFAOYSA-N,1
CCn1nc(Cc2ccc(C#N)cc2)cc1C1CCN(CC2CN(C(C(=O)O)C(C)(C)C)CC2c2cccc(F)c2)CC1,OLUONKODHNDKJM-UHFFFAOYSA-N,1
CCC1C2CC3C4N(C)c5ccccc5C45CC(C2C5O)N3C1O,CJDRUOGAGYHKKD-UHFFFAOYSA-N,1
CCC1C2CC3C4N(C)c5ccccc5C45CC(C2C5O)N3C1O,CJDRUOGAGYHKKD-UHFFFAOYSA-N,1
CC(C(O)c1ccc2c(c1)CCC(=O)N2)N1CCC(O)(c2ccc(Cl)cc2)CC1,NFGNMJPMZYHRDW-UHFFFAOYSA-N,1
Cc1cc(C)n(-c2cc(NC(=O)CN3CCC(CN(C)C)C3)nc(-c3ccc(C)o3)n2)n1,UAAYMUFGVDVSAW-UHFFFAOYSA-N,0
C=CC1CN2CCC1CC2C(C)(O)c1ccnc2ccc(OC)cc12,DNZPRATYNIWQSM-UHFFFAOYSA-N,0
FC1CCNCC1c1c(-c2ccccc2)[nH]c2ccccc12,QAMSRCBRYCCTDQ-UHFFFAOYSA-N,0
N#Cc1ccc(Cn2cncc2C[N+](CC[N+]2CCNCC2)C2CCN(Cc3cccc(Cl)c3)C2=O)cc1,IQPFJRBMUWFJBI-UHFFFAOYSA-N,0
COc1cccc(C(O)C2CCN(CCc3ccc(F)cc3)CC2)c1OC,HXTGXYRHXAGCFP-UHFFFAOYSA-N,0
CC(c1ccc(-c2ccc(F)cc2)cc1)C(N)C(=O)N1CCC(F)C1,BFIKQYQPKFNDJQ-UHFFFAOYSA-N,0
FC1CCNCC1c1c(-c2ccccc2)[nH]c2ccccc12,QAMSRCBRYCCTDQ-UHFFFAOYSA-N,0
CN1CCN(Cc2ccc3c(c2)Cc2c(-c4csc(C#CCOc5ccccc5)c4)n[nH]c2-3)CC1,JPKSISIJPSXDLA-UHFFFAOYSA-N,0
CC(O)(c1ccccc1)C1C=CC(C(c2cc[n+](O)cc2)c2ccc(OC(F)F)c(OC(F)F)c2)=CN1,MNZDOBBBEUPYAL-UHFFFAOYSA-N,0
CCOC(=O)C1C(OC(=O)c2ccccc2)CC2CCC1N2C,NMPOSNRHZIWLLL-UHFFFAOYSA-N,0
CN(C)C(=O)C(c1ccc(-c2ccc(F)cc2)cc1)C(N)C(=O)N1CCCC1,YEPCEIRFLLOWNI-UHFFFAOYSA-N,0
CN1CCC(N(C)C(=O)N2CC(c3cc(F)ccc3F)=CC2c2ccccc2)CC1,ZQSDLUMGBYOLJF-UHFFFAOYSA-N,0
CS(=O)(=O)Nc1ccc(OCC(O)CN(CCc2ccc(Cl)c(Cl)c2)Cc2ccccc2F)cc1,REAHNDOSRQJMDW-UHFFFAOYSA-N,0
CCOC(=O)C1C(OC(=O)c2ccccc2)CC2CCC1N2C,NMPOSNRHZIWLLL-UHFFFAOYSA-N,0
N#Cc1c(Cl)cccc1OCC(O)CN1CCCC1Cc1ccccc1,HSTMYWDURDPUMY-UHFFFAOYSA-N,0
Fc1ccc(-c2[nH]c3cc(F)ccc3c2C2CCCNC2)cc1,VMCOPKACEUYYIT-UHFFFAOYSA-N,0
CN(C(=O)N1CC(c2cc(F)ccc2F)=CC1c1ccccc1)C1CCNCC1,NKLVBHMAIMEVEH-UHFFFAOYSA-N,0
CN(CCCN)C(=O)N1CC(c2cc(F)ccc2F)=CC1c1ccccc1,QRNZXNUHQIYSQV-UHFFFAOYSA-N,0
Cc1oc(-c2ccc(Cl)cc2)nc1CCOc1cccc(CC2C(=O)N(c3ccc(C(C)(C)C)cc3)C2C(=O)O)c1,JTGDXZKJMAMXST-UHFFFAOYSA-N,0
CS(=O)(=O)Nc1ccc(OCC(O)CNCCc2ccc(Cl)cc2)cc1,VMIBLDKZGHZFMI-UHFFFAOYSA-N,0
FC1CCNCC1c1c(-c2ccccc2)[nH]c2cc(Cl)ccc12,KVZUKTSYJONTHS-UHFFFAOYSA-N,0
FC1CCNCC1c1c(-c2ccccc2)[nH]c2cc(Cl)ccc12,KVZUKTSYJONTHS-UHFFFAOYSA-N,0
O=C1NCC(c2ccccc2)C12CCN(C1CCCCC1c1ccccc1)CC2,MMAYPVADBNWURJ-UHFFFAOYSA-N,0
CC(OC1CCn2ccnc2CC1c1ccc(F)cc1)c1cc(C(F)(F)F)cc(C(F)(F)F)c1,YDFGWCGWYBPBRC-UHFFFAOYSA-N,0
CC(C)C1(C(=O)NCc2cc(C(F)(F)F)cc(C(F)(F)F)c2)CCC(N2CCC(c3cncnc3)CC2)C1,JCJWFLPZJBEMKB-UHFFFAOYSA-N,0
COCC(=O)OC1(CCN(C)CCCc2nc3ccccc3[nH]2)CCc2cc(F)ccc2C1C(C)C,HBNPJJILLOYFJU-UHFFFAOYSA-N,0
COCC(=O)OC1(CCN(C)CCCc2nc3ccccc3[nH]2)CCc2cc(F)ccc2C1C(C)C,HBNPJJILLOYFJU-UHFFFAOYSA-N,0
Fc1ccc2c(C3CNCCC3F)c(-c3ccsc3)[nH]c2c1,GVERGJNQZKUDON-UHFFFAOYSA-N,0
OC1c2ccc(OCc3ccccc3-c3ccccc3)cc2CCC1CCN1CCC(c2ccccc2)CC1,DMAQQUULTGXWQK-UHFFFAOYSA-N,0
NC(C(=O)N1CCC(F)C1)C(C(=O)N1CCCC1)c1ccc(-c2ccc(F)cc2)cc1,OLJQAUHETSJHHJ-UHFFFAOYSA-N,0
Fc1ccc2c(C3CNCCC3F)c(-c3ccsc3)[nH]c2c1,GVERGJNQZKUDON-UHFFFAOYSA-N,0
CC(C)(C)C(N)C(=O)N1CC(c2cc(F)ccc2F)=CC1c1ccccc1,SGSKDJMEPQTYQW-UHFFFAOYSA-N,0
CNCCC(Oc1ccc(C(F)(F)F)cc1)c1ccccc1,RTHCYVBBDHJXIQ-UHFFFAOYSA-N,0
CCC(=C(c1ccccc1)c1ccc(OCC[N+](C)C)cc1)c1ccccc1,CKMHNXQNOFEKDS-UHFFFAOYSA-N,0
COc1ccc2nccc(C3CN(C4CCN(Cc5cc6ccccc6[nH]5)CC4)C(=O)O3)c2c1,CUWYXEKZVGDQDJ-UHFFFAOYSA-N,0
Fc1ccc(-c2[nH]c3cc(F)ccc3c2C2CNCCC2F)cc1,HXEXYULSUCMWPN-UHFFFAOYSA-N,0
Fc1ccc(-c2[nH]c3cc(F)ccc3c2C2CNCCC2F)cc1,HXEXYULSUCMWPN-UHFFFAOYSA-N,0
CC(C(O)c1ccc2c(c1)OCC(=O)N2)N1CCC(O)(c2ccc(F)cc2)CC1,KMTMWUFYNBUHOB-UHFFFAOYSA-N,0
CS(=O)(=O)Nc1ccc(OCC(O)CNCCc2ccc(F)c(F)c2)cc1,MKOGVIYZVVVIRD-UHFFFAOYSA-N,0
CS(=O)(=O)Nc1ccc(OCC(O)CN(CCc2ccc(Cl)c(Cl)c2)Cc2ccc(F)c(F)c2F)cc1,SVZCHDXRIPMIIX-UHFFFAOYSA-N,0
CN(C)Cc1ccc2c(c1)CCC(N(C)C(=O)c1ccc(-c3ccc(F)cc3)cc1)C2,YPJHELJTCJBMJE-UHFFFAOYSA-N,0
CN(CC(=O)N(C)C)Cc1ccc2c(c1)CCC(N(C)C(=O)c1ccc(-c3ccc(F)cc3)cc1)C2,JWTBNTCDSNQIDW-UHFFFAOYSA-N,0
CNC1CCN(c2ccc(-n3ncc4cc(-c5ccc(C(F)(F)F)cc5)sc4c3=O)cn2)C1,VKAMBSPXFFZIQB-UHFFFAOYSA-N,0
COc1ccc(OC(F)(F)F)cc1CNC1CCCNC1c1ccccc1,ZIWFCOIGUNPHPM-UHFFFAOYSA-N,0
CC(OC1CCC2NC1(c1ccccc1)CC2c1nnn(C)n1)c1cc(C(F)(F)F)cc(C(F)(F)F)c1,ZKOGSLKSILTRTB-UHFFFAOYSA-N,0
O=C1NCC(c2ccccc2)C12CCN(C1CCCCC1(O)c1ccc(F)cc1)CC2,BRKOVFUTTJGJEO-UHFFFAOYSA-N,0
NCC1CCC2(CC1)OOC1(O2)C2CC3CC(C2)CC1C3,WAFZISBSKUIZLT-UHFFFAOYSA-N,0
Cc1oc(-c2cccc(Cl)c2)nc1CCOc1cccc(CC2C(=O)N(c3ccc(C(C)(C)C)cc3)C2C(=O)O)c1,RFKDHOWUSOAINF-UHFFFAOYSA-N,0
CC(OC1CCc2nccn2CC1c1ccc(F)cc1)c1cc(C(F)(F)F)cc(C(F)(F)F)c1,HNQIZPRWNRLKAA-UHFFFAOYSA-N,0
N#CC1CCCN1C(=O)C1CN(Cc2ccc(-n3cncn3)cc2)CC1N,VJDCPXRVPLDANO-UHFFFAOYSA-N,0
Cc1cc(C)n(-c2cc(NC(=O)CN3CCC(CN(C)C)C3)nc(-c3ccc(C)o3)n2)n1,UAAYMUFGVDVSAW-UHFFFAOYSA-N,0
CC(=O)N1CCN(c2ccc(OCC3COC(Cn4ccnc4)(c4ccc(Cl)cc4Cl)O3)cc2)CC1,XMAYWYJOQHXEEK-UHFFFAOYSA-N,0
NC(C(=O)N1CCSC1)C1CCC(NC(=O)Nc2ccc(I)cc2)CC1,VVVGZTGKMJOGEW-UHFFFAOYSA-N,0
CC(=O)N1CCN(c2ccc(OCC3COC(Cn4ccnc4)(c4ccc(Cl)cc4Cl)O3)cc2)CC1,XMAYWYJOQHXEEK-UHFFFAOYSA-N,0
CS(=O)(=O)Nc1ccc(OCC(O)CNCCc2ccc(Cl)c(F)c2)cc1,HTPCWPVYNDSILH-UHFFFAOYSA-N,0
CC1(c2cc(C(F)(F)F)cc(C(F)(F)F)c2)CCN(C2(c3ccccc3)CCC(N3CCN(c4ccccc4)C(=O)C3)CC2)C1=O,PFUQNLIPHWCBSH-UHFFFAOYSA-N,0
CCC(O)c1cn(-c2ccc(F)cc2)c2ccc(Cl)cc12,PZFVISYBXMCPDS-UHFFFAOYSA-N,0
COc1cc(N)c(Cl)cc1C(=O)NC1CCN2CCCC1C2,GZSKEXSLDPEFPT-UHFFFAOYSA-N,0
Cc1cnc(-c2nnc(SCCN3CCc4ccc(-c5cc(C)nn5C)cc4CC3)n2C)cn1,FJVFFJPYYUVVJU-UHFFFAOYSA-N,0
N#Cc1ccc2c(c1)CCN(CCC1CCC(NC(=O)c3ccnc4ccccc34)CC1)C2,OLWRVVHPJFLNPW-UHFFFAOYSA-N,0
CNCCC(Oc1ccc(C(F)(F)F)cc1)c1ccccc1,RTHCYVBBDHJXIQ-UHFFFAOYSA-N,0
O=C1NCCN1CC[N+]1CC=C(c2cn(-c3ccc(F)cc3)c3ccc(Cl)cc23)CC1,GXXOEDOPXGPUFF-UHFFFAOYSA-N,0
Cc1ncccc1C(=O)N1CCC(NCc2cncn2Cc2ccc(C#N)cc2)C1=O,DEGBCQBDRINUIO-UHFFFAOYSA-N,0
CN(C)Cc1ccc2c(c1)CCC(N(C)C(=O)c1ccc(-c3ccc(F)cc3)nc1)C2,ONJIDPSNVZIKJS-UHFFFAOYSA-N,0
CC(C(O)c1ccc2c(c1)CCC(=O)N2)N1CCC(O)(c2cccc(F)c2)CC1,RRFPMVCMACNLJQ-UHFFFAOYSA-N,0
CC(=O)C1=NN2c3cc(F)ccc3OCC2C1(CCCN1CCN(C(C)=O)CC1)c1ccccc1,BWKAHABETZLDBG-UHFFFAOYSA-N,0
CC(C(O)c1ccc2c(c1)CCC(O)N2)N1CCC(O)(c2ccccc2)CC1,LJMDQOSAVJNIPL-UHFFFAOYSA-N,0
CC(c1ccc(C#N)cc1)N1CC(N)C(C(=O)C2CCCC2C#N)C1,JCGAMUKFIGRQFG-UHFFFAOYSA-N,0
CC1(c2ccccc2)CCN(CC2CCc3cccnc3C(O)C2)CC1,YKLQISOTHKATHJ-UHFFFAOYSA-N,0
CCn1nc(Cc2ccccc2)cc1C1CCN(CC2CN(C(C(=O)O)C(C)C)CC2c2cccc(F)c2)CC1,QTGSINBFNYAXSI-UHFFFAOYSA-N,0
CCC(C)C(C(=O)O)N1CC(CN2CCC(c3cc(Cc4ccc(C#N)cc4)nn3CC)CC2)C(c2cccc(F)c2)C1,QXILTVSZVUBYFU-UHFFFAOYSA-N,0
O=C(O)C(CC1CCC1)N1CC(CN2CCC(c3cnc4ccc(C(F)(F)F)cn34)CC2)C(c2cccc(F)c2)C1,IXLAACMWTDRWNI-UHFFFAOYSA-N,0
CN(C)C(=N)c1ccc(CN2C(=O)CN(S(=O)(=O)c3cc4cc(Cl)ccc4[nH]3)CC2CC(=O)O)cc1,GQXWEIHRIBAWAF-UHFFFAOYSA-N,0
CC(=O)N1CCC(N(C)C(=O)N2CC(c3cc(F)ccc3F)=CC2c2ccccc2)CC1,OYCCHVFLJCOTKI-UHFFFAOYSA-N,0
CN(C)C(=O)C(=O)N(C)C1CCCCn2c1nc(C(=O)NCc1ccc(F)cc1)c(O)c2=O,WBQCKUNNRLRPOG-UHFFFAOYSA-N,0
Oc1ccc(OCCN2CCC(O)(Cc3ccccc3)C(O)C2)cc1,QDLSQZUNQXEAFR-UHFFFAOYSA-N,0
Oc1ccc(OCCN2CCC(O)(Cc3ccccc3)C(O)C2)cc1,QDLSQZUNQXEAFR-UHFFFAOYSA-N,0
O=C(O)C(CC1CCC1)N1CC(CN2CCC(c3cnc4ccc(C(F)(F)F)cn34)CC2)C(c2cccc(F)c2)C1,IXLAACMWTDRWNI-UHFFFAOYSA-N,0
COc1ccccc1OCCNCC(O)COC1=CC=CC2=Nc3ccccc3C12,XHNXDERATDTZIU-UHFFFAOYSA-N,0
COc1ccccc1OCCNCC(O)COc1cccc2[nH]c3ccccc3c12,OGHNVEJMJSYVRP-UHFFFAOYSA-N,0
CN(C(=O)N1CC(c2cc(F)ccc2F)=CC1(CO)c1ccccc1)C1CCN(CCF)CC1,JMEZNPNWVKWWOI-UHFFFAOYSA-N,0
CN(C)C(=O)C(c1ccc(-c2cccc(-n3cnnn3)c2)cc1)C(N)C(=O)N1CCC(F)C1,AFPXRCJVDFTWMT-UHFFFAOYSA-N,0
CC(C)C(Oc1ccc(CNC(=O)C2CCCN2C(=O)CC(N)Cc2c(F)c(F)c(F)c(F)c2F)cc1)C(=O)O,MAKUSAJTXWUWHK-UHFFFAOYSA-N,0
CN(C)C(=O)C(c1ccc(-c2ccc3ncnn3c2)cc1)C(N)C(=O)N1CCC(F)(F)C1,HOLMVLAGEPDFQK-UHFFFAOYSA-N,0
CC(N)C1CCN(c2c(F)cc3c(=O)c(C(=O)O)cn4c3c2OCC4C)C1,TUXQZPCSIXZJCG-UHFFFAOYSA-N,0
CS(=O)(=O)c1ccc(-c2noc(C(CC3CC3)C(N)C(=O)N3CCC(F)C3)n2)cc1,WTLFRZGLMDADRS-UHFFFAOYSA-N,0
O=C(Cn1cc(Nc2ncnc3cc(OCCCN4CCCC4CO)ccc23)cn1)Nc1cccc(F)c1F,BQSSHYNPAGSOBT-UHFFFAOYSA-N,0
O=C(Cn1cc(Nc2ncnc3cc(OCCCN4CCCC4COP(=O)(O)O)ccc23)cn1)Nc1cccc(F)c1F,CTQMRUXMUVMMNE-UHFFFAOYSA-N,0
CN(C)C(=O)Nc1ccc(S(=O)(=O)NC2CCC(C(N)C(=O)N3CCCC3)CC2)cc1,PEBCJHONXDFPDD-UHFFFAOYSA-N,0
NC(C(=O)N1CCCC1)C1CCC(NS(=O)(=O)c2ccc(NS(=O)(=O)CC(F)(F)F)cc2)CC1,ADSYCQHXJJBMGD-UHFFFAOYSA-N,0
CC(c1ccc(-c2cccc(C(=O)O)c2)cc1)C(N)C(=O)N1CCC(F)C1,QOHCKNSBKXAMAV-UHFFFAOYSA-N,0
CN1CCC23c4c5ccc(O)c4OC2C(O)C=CC3C1C5,BQJCRHHNABKAKU-UHFFFAOYSA-N,0
CNC(=NC#N)NCCSCc1nc[nH]c1C,AQIXAKUUQRKLND-UHFFFAOYSA-N,0
CCOc1ccccc1OCCNC(C)Cc1ccc(OC)c([S+2](N)(O)O)c1,JINLPDCSJHGHJE-UHFFFAOYSA-N,0
CC1=C2C3OC(=O)C(C)C3C(O)CC2(C)C=CC1=O,LUHMMHZLDLBAKX-UHFFFAOYSA-N,0
N#Cc1ccc(Cn2cncc2CNC2CCN(C(=O)c3cccnc3S)C2=O)cc1,JWLQSWJBHJDZPV-UHFFFAOYSA-N,0
CCn1nc(Cc2ccc(OC)c(OC)c2)cc1C1CCN(CC2CN(C(C(=O)O)C(C)(C)C)CC2c2cccc(F)c2)CC1,RCAXDUZVJIMXJF-UHFFFAOYSA-N,0
COc1cccc(C2(O)CCN(C(C)C(O)c3ccc4c(c3)CCC(=O)N4)CC2)c1,XOZYJPDXACCQDE-UHFFFAOYSA-N,0
O=C(C(O)C1CC1)N1CC(c2cc(F)ccc2F)=CC1c1ccccc1,FHIRATRLDJRXHH-UHFFFAOYSA-N,0
Cc1c(O)cccc1C(=O)NC(CSc1ccccc1)C(O)CN1CC2CCCCC2CC1C(=O)NC(C)(C)C,QAGYKUNXZHXKMR-UHFFFAOYSA-N,0
OC1CC(CN2CCC(c3ccc(F)cc3Cl)C(O)C2)CCc2cccnc21,ADMTUTZDAMUJSX-UHFFFAOYSA-N,0
Cc1cc(F)ccc1C1CCN(CC2CCc3cccnc3C(O)C2)CC1O,RWXTYWYNQMAVCA-UHFFFAOYSA-N,0
CC1CCCN1CCCOc1ccc(N2CCN(C(=O)c3cc(F)cc(F)c3)CC2=O)cc1,AGSWPZXGFSITHZ-UHFFFAOYSA-N,0
Cc1[nH]nc2c1c(=O)n(CC(F)CN)c1cc3c(cc21)CCCC3,GHIZHNQXMPLRIP-UHFFFAOYSA-N,0
Cc1n[nH]c2ccc(-c3cncc(OCC(N)Cc4ccccc4)c3)cc12,BPNUQXPIQBZCMR-UHFFFAOYSA-N,0
COCCc1ccc(-n2cc(C3CC[N+](CCN4CCNC4=O)CC3)c3cc(Cl)ccc32)cc1,MUYIFNFODMQVMV-UHFFFAOYSA-N,0
CCCC(C)C1(CC)C(=O)NC(=O)NC1=O,WEXRUCMBJFQVBZ-UHFFFAOYSA-N,0
C[N+]1CC[N+](C2c3ccccc3Nc3ccc(Cl)cc3N2O)CC1,NQZYDIWYPVKGER-UHFFFAOYSA-N,0
COc1ccc2c(=O)n(CC(O)CO)c(C#N)c(-c3ccccc3)c2c1,IHNXTAHQOZPVBI-UHFFFAOYSA-N,0
CCSc1ncccc1C(=O)N1CCC(NCc2cncn2Cc2ccc(C#N)cc2)C1=O,BMZVUMSBUURNOU-UHFFFAOYSA-N,0
CCn1nc(Cc2ccccc2)cc1C1CCN(CC2CN(C(C(=O)O)C(C)(C)C)CC2c2cccc(F)c2)CC1,IIVZUBFHVGRROU-UHFFFAOYSA-N,0
CC(=O)N1CCN(Cc2ccc3c(c2)CCC(N(C)C(=O)c2ccc(-c4ccc(F)cc4)cn2)C3)CC1,RCBBASWGELNHIE-UHFFFAOYSA-N,0
CN(C)C(=O)N1CC(c2cc(F)ccc2F)=CC1(CCC(N)C(F)F)c1ccccc1,RZPQYTXPEIHPIJ-UHFFFAOYSA-N,0
CN(C(=O)N1CC(c2cc(F)ccc2F)=CC1(CO)c1ccccc1)C1CCN(C2CC2)CC1,YTZHTNOYQFRADU-UHFFFAOYSA-N,0
CC1COc2c(N3CC[N+](C)CC3)c(F)cc3c(=O)c(C(=O)[O-])cn1c23,KXKRZHKEPHLIGJ-UHFFFAOYSA-M,0
CCC1OC(=O)C(C)C(OC2CC(C)(OC)C(O)C(C)O2)C(C)C(OC2OC(C)CC(NC)C2O)C(C)(O)CC(C)C(=O)C(C)C(O)C1(C)O,TXOOBKBDBNRQCF-UHFFFAOYSA-N,0
CN(CCO)C(=O)N1CC(c2cc(F)ccc2F)=CC1c1cccc(O)c1,CHZRIUCQCGDOGQ-UHFFFAOYSA-N,0
CC(C)(C)NC(=O)C1CC2CCCCC2CN1CC(O)C(Cc1ccccc1)NC(=O)C(CC(N)=O)NC(=O)c1ccc2ccccc2n1,QWAXKHKRTORLEM-UHFFFAOYSA-N,0
COc1c(N2CCC(C(C)NCCC#N)C2)c(F)cc2c(=O)c(C(=O)O)cn(C3CC3)c12,QIOWXXXKNBGPEJ-UHFFFAOYSA-N,0
COc1c(N2CCC(C(N)CC#N)C2)c(F)cc2c(=O)c(C(=O)O)cn(C3CC3)c12,IVJZHSAWAMPKFD-UHFFFAOYSA-N,0
CNC(CC#N)C1CCN(c2c(F)cc3c(=O)c(C(=O)O)cn(C4CC4)c3c2OC)C1,DCRAPCRZDJGSOF-UHFFFAOYSA-N,0
CNC(C)C1CCN(c2c(F)cc3c(=O)c(C(=O)O)cn(C4CC4)c3c2OC)C1,SUQUWONDIBHQOZ-UHFFFAOYSA-N,0
CC(NCCC#N)C1CCN(c2c(F)cc3c(=O)c(C(=O)O)cn4c3c2OCC4C)C1,DHFPPSZIVXLVAG-UHFFFAOYSA-N,0
CNC(CC#N)C1CCN(c2c(F)cc3c(=O)c(C(=O)O)cn4c3c2OCC4C)C1,ZMJBHOMMFXCGJB-UHFFFAOYSA-N,0
CC1COc2c(N3CCC(C(N)CC#N)C3)c(F)cc3c(=O)c(C(=O)O)cn1c23,BDAYFZXWTZOMHU-UHFFFAOYSA-N,0
COc1c(N2CCC(C)(C(N)CC#N)C2)ccc2c(=O)c(C(=O)O)cn(C3CC3)c12,TTYFNJRNLUXRAC-UHFFFAOYSA-N,0
CC(NC(CCc1ccccc1)C(=O)O)C(=O)N1CCCC1C(=O)O,LZFZMUMEGBBDTC-UHFFFAOYSA-N,0
CCOc1ccc(Cc2cc(C3CCN(CC4CN(C(C(=O)O)C(C)CC)CC4c4cccc(F)c4)CC3)n(CC)n2)cc1,VWVXJUWUORALDD-UHFFFAOYSA-N,0
COc1ccc2c(=O)n(CC(O)CO)c(C#N)c(-c3cccc(C(F)(F)F)c3)c2c1,BWXGEBUBIIIAGP-UHFFFAOYSA-N,0
CC(C(O)c1ccc2c(c1)CCC(=O)N2)N1CCC(O)(c2ccc3c(c2)COCC3)CC1,XYESQXUVTLGLPS-UHFFFAOYSA-N,0
NC(C(=O)N1CCC(F)(F)C1)C1CCC(NC(=O)c2ccc(F)c(F)c2)CC1,SCVRXRIXRGTJCH-UHFFFAOYSA-N,0
Cc1nnc(-c2ccc(CN3CC(N)C(C(=O)N4CCCC4C#N)C3)cc2)o1,VFSLWMDPHBMMRV-UHFFFAOYSA-N,0
N=C1[N]CC2c3ccccc3Cc3ccccc3N12,CDARLPUCXXLHNH-UHFFFAOYSA-N,0
COC(=O)C1=CCC2CCC1N2C,MPSNEAHFGOEKBI-UHFFFAOYSA-N,0
CC(=O)C1=NN2c3cc(F)ccc3OCC2C1(CCCN1CCNC(=O)CC1)c1ccccc1,SWZQJGBKFZAFAX-UHFFFAOYSA-N,0
NC(C(=O)N1CCCC1)C1CCC(NC(=O)c2cccc3ccccc23)CC1,OGWARBNUWZYESR-UHFFFAOYSA-N,0
COc1ccc(C2Sc3ccccc3N(CCN(C)C)C(=O)C2OC(C)=O)cc1,HSUGRBWQSSZJOP-UHFFFAOYSA-N,0
COc1ccc(C2Sc3ccccc3N(CCN(C)C)C(=O)C2OC(C)=O)cc1,HSUGRBWQSSZJOP-UHFFFAOYSA-N,0
Cc1ccccc1C1CCN(CC2CCc3cccnc3C(O)C2)CC1CO,NJSVKCVXSOFHRQ-UHFFFAOYSA-N,0
CN(C(=O)N1CC(c2cc(F)ccc2F)=CC1(CO)c1ccccc1)C1CCNCC1,VZBXWCRSKIZNLD-UHFFFAOYSA-N,0
O=C(C(O)C1CC1)N1CC(c2cc(F)ccc2F)=CC1c1cccc(O)c1,OLHRLKFUMOQGCV-UHFFFAOYSA-N,0
COCC(O)COc1cn2ncnc(Oc3ccc4[nH]c(C)cc4c3F)c2c1C,HXSAWRBPCYILHG-UHFFFAOYSA-N,0
CC(=O)C1=NN2c3cc(F)ccc3OCC2C1(CCCO)c1ccccc1,DVLXDPTZHLUZHB-UHFFFAOYSA-N,0
CC1CC(c2c(F)c(N)c3c(=O)c(C(=O)O)cn(C4CC4)c3c2F)CC(C)N1,NFSUAYDKDYDXQY-UHFFFAOYSA-N,0
Cc1oc(-c2ccccc2)nc1CCOc1ccc(CC2C(=O)N(c3ccc(C(C)(C)C)cc3)C2C(=O)O)cc1,HWOKKMFQJSXDKU-UHFFFAOYSA-N,0
CC1CN(c2c(F)c(N)c3c(=O)c(C(=O)O)cn(C4CC4)c3c2F)CC(C)N1,DZZWHBIBMUVIIW-UHFFFAOYSA-N,0
CN(C)C(=O)N1N=C(c2cc(F)ccc2F)CC1(CCCN)c1ccccc1,OHLDJJXRTLZQSU-UHFFFAOYSA-N,0
CN1CCC(N(C)C(=O)N2CC(c3cc(F)ccc3F)=CC2(CO)c2ccccc2)C(F)C1,MYBGWENAVMIGMM-UHFFFAOYSA-N,0
NC(C(=O)N1CCC(F)C1)C1CCC(NC(=O)c2ccc(F)c(F)c2)CC1,UUCMWQOGZNNWGQ-UHFFFAOYSA-N,0
Cc1cc(CN2CC(N)C(C(=O)C3CCCC3C#N)C2)ccc1C#N,FWKUWRLCCHFYDK-UHFFFAOYSA-N,0
CC(C)(O)C1(C(=O)NCc2cc(C(F)(F)F)cc(C(F)(F)F)c2)CCC(N2CCC(c3cccc(C(=O)O)c3)CC2)C1,XJRKSIGWBHUEDQ-UHFFFAOYSA-N,0
CCOC(=O)C1=C(COCC[NH])NC(C)=C(C(=O)OC)C1c1ccccc1Cl,OSEUZQHNGOJCFY-UHFFFAOYSA-N,0
CC(=O)C1=NN2c3cc(Cl)ccc3OCC2C1(CCCN(C)C)c1ccccc1,MRVUIEVIMFOBHX-UHFFFAOYSA-N,0
CN(C)C(=N)c1ccc(C(=O)Nc2ccc(Cl)cc2C(=O)Nc2ccc(Cl)cn2)c(N2CCCCC2C(=O)O)c1,WQIJMZYASPFYIG-UHFFFAOYSA-N,0
Cn1c(=O)cc(NC2CCN(Cc3ccc4c(c3)OCO4)CC2)c2cc(OC(F)F)ccc21,LZVOCVBJCLTFOL-UHFFFAOYSA-N,0
Cn1c(=O)c(C#N)c(NC2CCN(Cc3ccc4c(c3)OCO4)CC2)c2cc(Cl)ccc21,DKMBEYUSXSCEOR-UHFFFAOYSA-N,0
Cn1c(=O)c(C#N)c(NC2CCN(Cc3ccc4ccccc4c3)CC2)c2cc(Cl)ccc21,DRUMVTPJIGDIHS-UHFFFAOYSA-N,0
Cn1c(=O)c(C(=O)N2CCCC2)c(NC2CCN(Cc3ccc4c(c3)OCO4)CC2)c2cc(Cl)ccc21,SRSOWXVISAPYSC-UHFFFAOYSA-N,0
Cc1ccccc1N1CCN(CC2CCc3cccnc3C(O)C2)CC1,QVMYFGSETVJBSQ-UHFFFAOYSA-N,0
FC1CCNCC1c1c(-c2ccccc2)[nH]c2c(Cl)cccc12,BTWSXWRYWXPDBK-UHFFFAOYSA-N,0
CCn1nc(Cc2ccc(C(C)(C)C)cc2)cc1C1CCN(CC2CN(C(C(=O)O)C(C)(C)C)CC2c2cccc(F)c2)CC1,JQPRDWQRAAFLTI-UHFFFAOYSA-N,0
FC1CCNCC1c1c(-c2ccccc2)[nH]c2c(Cl)cccc12,BTWSXWRYWXPDBK-UHFFFAOYSA-N,0
COc1cccc(-c2nc(CCOc3cccc(CC4C(=O)N(c5ccc(C(C)(C)C)cc5)C4C(=O)O)c3)c(C)o2)c1,LPCDOMMRICKOBC-UHFFFAOYSA-N,0
CCC(OC(C)=O)C(CC(C)N(C)C)(c1ccccc1)c1ccccc1,XBMIVRRWGCYBTQ-UHFFFAOYSA-N,0
CC(C)(CN)C(=O)N1CC(c2cc(F)ccc2F)=CC1c1ccccc1,ZPUWHZPEHISDSA-UHFFFAOYSA-N,0
CCC(O)c1cn(-c2ccc(F)cc2)c2ccc(Cl)cc12,PZFVISYBXMCPDS-UHFFFAOYSA-N,0
Cc1cc(C)n(-c2cc(NC(=O)CCN3CCC(N(C)C)C3)nc(-c3ccc(C)o3)n2)n1,FVYCZVOQAJZLBF-UHFFFAOYSA-N,0
CCn1nc(Cc2ccc(-c3ccccc3)cc2)cc1C1CCN(CC2CN(C(C(=O)O)C(C)(C)C)CC2c2cccc(F)c2)CC1,IZOGIEBLWOHFCN-UHFFFAOYSA-N,0
CC(C(O)c1ccc2c(c1)COC(=O)N2)N1CCC(O)(c2ccc(F)cc2)CC1,VZCRXAJULSYPCD-UHFFFAOYSA-N,0
CC(C)C(N)C(=O)N1CC(c2cc(F)ccc2F)=CC1c1ccccc1,GNFWJCGIZJCASB-UHFFFAOYSA-N,0
CC(=O)C1=NN2c3cc(C)ccc3OCC2C1(CCCN(C)C)c1ccccc1,HSZKJVJUUUIVFL-UHFFFAOYSA-N,0
CC1CC(OC(C)c2cc(C(F)(F)F)cc(C(F)(F)F)c2)C(c2ccc(F)cc2)CNC1=O,BWYOFBHDLKEMKX-UHFFFAOYSA-N,0
Cc1ccc(CCNCC(O)COc2ccc(NS(C)(=O)=O)cc2)cc1C,YSMYHFYQNPTSTR-UHFFFAOYSA-N,0
Fc1ccc2c(C3CNCCC3F)c(C3=CNC=CC3)[nH]c2c1,UTMPBYAPGSEZCC-UHFFFAOYSA-N,0
CN(C(=O)c1ccc(-c2ccc(F)cc2)cc1)C1CCc2cc(CN3CCS(=O)(=O)CC3)ccc2C1,VRLORRTWDYVKNM-UHFFFAOYSA-N,0
Cc1c(Cl)ccc2c1N1C(C)CNCC1C2,SZWVUASESVZMCY-UHFFFAOYSA-N,0
Fc1ccc2c(C3CNCCC3F)c(-c3cccnc3)[nH]c2c1,CHURMCWBVMVAMK-UHFFFAOYSA-N,0
O=c1[nH]ccc2nc(-c3ccc(CN4CCC(c5nnc(-c6ccccn6)[nH]5)CC4)cc3)c(-c3ccccc3)cc12,BTUWHHFNOHVCMQ-UHFFFAOYSA-N,0
CCN(CC)CCCC(C)Nc1ccnc2cc(Cl)ccc12,WHTVZRBIWZFKQO-UHFFFAOYSA-N,0
Cc1ccc2nc3c(n2c1)CCN(CCCSc1nnc(-c2cccc4nc(C)ccc24)n1C)CC3,NSOOFJHAXVGHFH-UHFFFAOYSA-N,0
CC(C)OC(=O)c1ccc(NC(=O)NC(Cc2ccc(O)cc2)C(=O)NC2CCC[N+](C)(Cc3cccc(O)c3)C2)cc1,SIEQNGMENABBKP-UHFFFAOYSA-O,0
CN1Cc2cncn2Cc2ccc(C#N)c(c2)Oc2ccc3c(c2)C(CC3)N2CCC1C2=O,KPRXKFKHZVTBIT-UHFFFAOYSA-N,0
CN(C)Cc1ccc2c(c1)CCC(N(C)C(=O)c1ccc(-c3ccc(Cl)cc3)cn1)C2,JGTFYTXGSPCVDN-UHFFFAOYSA-N,0
O=C(O)C(CC1CCC1)N1CC(CN2CCC(c3cnc4ccccn34)CC2)C(c2cccc(F)c2)C1,PEOZESLDPFYTRU-UHFFFAOYSA-N,0
NC(=O)CNCC1CCC2(CC1)OOC1(O2)C2CC3CC(C2)CC1C3,RTISLUNVDWEWQD-UHFFFAOYSA-N,0
O=C(O)C(CC1CCC1)N1CC(CN2CCC(c3cnc4ccccn34)CC2)C(c2cccc(F)c2)C1,PEOZESLDPFYTRU-UHFFFAOYSA-N,0
O=C1CCCN1C1CCN(CCOc2ccc(Oc3nc4ccccc4s3)cc2)CC1,OAUXHFPOFOZZLZ-UHFFFAOYSA-N,0
CCC(=O)OC(Cc1ccccc1)(c1ccccc1)C(C)CN(C)C,XLMALTXPSGQGBX-UHFFFAOYSA-N,0
CC(OC1CCC2NC1(c1ccccc1)CC2c1nnnn1C)c1cc(C(F)(F)F)cc(C(F)(F)F)c1,BWAMRYBZFXESAA-UHFFFAOYSA-N,0
[O-][S+](c1ccccc1)c1ccc(C=Cc2ccc(F)cc2F)nc1,DLASHKPJUVPKQY-UHFFFAOYSA-N,0
NC(C(=O)N1CCSC1)C1CCC(NS(=O)(=O)c2ccc(OC(F)(F)F)cc2)CC1,IEFYZYNWWLPCJV-UHFFFAOYSA-N,0
[O-][S+](c1ccc(C=Cc2ccc(F)cc2)nc1)c1ccccc1F,YRQCJPSWALKIBN-UHFFFAOYSA-N,0
CN(C)Cc1ccc2c(c1)CCC(N(C)C(=O)c1ccc(-c3ccccc3)cn1)C2,NKDFBHULJVFUTN-UHFFFAOYSA-N,0
CC(=O)N1CCN(Cc2ccc3c(c2)CCC(N(C)C(=O)c2ccc(-c4ccccn4)cc2)C3)CC1,NNPLHKJFMDINKF-UHFFFAOYSA-N,0
CN(C)S(=O)(=O)N(C)C1CCCn2c1nc(C(=O)NCc1ccc(F)cc1)c(O)c2=O,MCDBKPBDTVBVTL-UHFFFAOYSA-N,0
O=C(NC(CO)C(O)c1ccc([N+](=O)[O-])cc1)C(Cl)Cl,WIIZWVCIJKGZOK-UHFFFAOYSA-N,0
CN(C)CCC(c1ccc(Cl)cc1)c1ccccn1,SOYKEARSMXGVTM-UHFFFAOYSA-N,0
COc1ncccc1C(=O)N1CCC(NCc2cncn2Cc2ccc(C#N)cc2)C1=O,WSZPVEPHZIBFKY-UHFFFAOYSA-N,0
Cc1ccc2c(n1)N1C(C)CNCC1C2,YCGIBRPJFAKJEZ-UHFFFAOYSA-N,0
CCC(C)C(C(=O)O)N1CC(CN2CCC(c3cc(Cc4ccc(OC)c(OC)c4)nn3CC)CC2)C(c2cccc(F)c2)C1,RJVRDLDDCGQDGE-UHFFFAOYSA-N,0
NC(C(=O)N1CCSC1)C1CCC(NC(=O)c2cccc3ccccc23)CC1,ZPXUSKUJOYAZDE-UHFFFAOYSA-N,0
CC(C)(O)C1C=CC(C(c2cc[n+]([O-])cc2)c2ccc(OC(F)F)c(OC(F)F)c2)=CN1,ISMDFYMIOSVVKL-UHFFFAOYSA-N,0
CCC(O)c1cn(-c2ccc(F)cc2)c2ccc(Cl)cc12,PZFVISYBXMCPDS-UHFFFAOYSA-N,0
CC(Oc1cccc2ncnc(Nc3ccc4c(cnn4Cc4nccs4)c3)c12)C(=O)N1CCOCC1,RZPOCZHUFDCVQZ-UHFFFAOYSA-N,0
O=C1NCC(c2ccc(F)cc2)C12CCN(C1COCCC1(O)c1ccccc1)CC2,ALKOZRMIHXYOHB-UHFFFAOYSA-N,0
COc1cc(N)c(Cl)cc1C(=O)NC1CCN(CCCCCC(=O)OC2CN3CCC2CC3)CC1OC,VGDDOIZXGFJDRC-UHFFFAOYSA-N,0
C[N+]1CCCC1c1cccnc1,WDLCRPUFOKJNEU-UHFFFAOYSA-N,0
CN1CCCC1c1cccnc1,SNICXCGAKADSCV-UHFFFAOYSA-N,0
CC(C)(C)C(NC(=O)OCCO)C(=O)N1CC(c2cc(F)ccc2F)=CC1c1ccccc1,RWUSOKGVCNRFRC-UHFFFAOYSA-N,0
CC(Oc1cccc2ncnc(Nc3ccc4c(cnn4-c4ccccn4)c3)c12)C(=O)N(C)C,MEXOYMZYZADMKI-UHFFFAOYSA-N,0
CC(C)(O)C1C=CC(C(c2cc[n+]([O-])cc2)c2ccc(OC(F)F)c(OC(F)F)c2)=CN1,ISMDFYMIOSVVKL-UHFFFAOYSA-N,0
CCC1OC(=O)C(C)C(OC2CC(C)(OC)C(O)C(C)O2)C(C)C(OC2OC(C)CC(NC)C2O)C(C)(OC)CC(C)C(=O)C(C)C(O)C1(C)O,CIJTVUQEURKBDL-UHFFFAOYSA-N,0
CC(c1ccc(-c2cccc(-c3noc(=O)[nH]3)c2)cc1)C(N)C(=O)N1CCC(F)C1,YKVGZZSPPYJECO-UHFFFAOYSA-N,0
Cc1cc(CN2CC(N)C(C(=O)C3CCCC3C#N)C2)cc(C)c1C#N,XFLMPAVFJGLLHK-UHFFFAOYSA-N,0
Fc1cccc2c(C3CNCCC3F)c(-c3ccccc3)[nH]c12,KFEAQGNOINWFSL-UHFFFAOYSA-N,0
CCC(C)C(C(=O)O)N1CC(CN2CCC(c3cc(Cc4ccc(-c5ccccc5)cc4)nn3CC)CC2)C(c2cccc(F)c2)C1,CAGZIBHOJDZLGX-UHFFFAOYSA-N,0
Fc1cccc2c(C3CNCCC3F)c(-c3ccccc3)[nH]c12,KFEAQGNOINWFSL-UHFFFAOYSA-N,0
COc1cc(CC(=O)Nc2cc(-n3nc(C)cc3C)nc(-c3ccc(C)o3)n2)cc(OC)c1,ZNHZMFMDDLFSPW-UHFFFAOYSA-N,0
CC(=O)C1=NN(c2cc(C)ccc2F)CC1(CCCN(C)C)c1ccccc1,FTEPMVFWUZEGMB-UHFFFAOYSA-N,0
CC(C(O)c1ccc2c(c1)CN(C)C(=O)N2)N1CCC(O)(c2ccc(F)cc2)CC1,KFKPYSORIJDHRO-UHFFFAOYSA-N,0
CCc1nc2ccc3c(c2s1)CCN(CCCSc1nnc(-c2ocnc2C)n1C)CC3,VCXXQIVAVCLUOT-UHFFFAOYSA-N,0
COc1ccc(-c2nc(CCOc3cccc(CC4C(=O)N(c5ccc(C(C)(C)C)cc5)C4C(=O)O)c3)c(C)o2)cc1,GLSSNBLKKWINSD-UHFFFAOYSA-N,0
Cc1c(C(=O)c2ccc(Cl)cc2)c2ccc(OC(F)(F)F)cc2n1Cc1cccc(OC(C)C(=O)O)c1,DHUATBAZHILHIC-UHFFFAOYSA-N,0
Cc1ccc(C2(O)CCN(C(C)C(O)c3ccc4c(c3)CCC(=O)N4)CC2)cc1,DSRUIFDXWAYHHS-UHFFFAOYSA-N,0
CC(=O)C1=NN2c3cc(Cl)ccc3OCC2C1(CCCN1CCOCC1)c1ccccc1,CMBQRLAOLALFJJ-UHFFFAOYSA-N,0
COc1cc(Cl)ccc1OC(c1ccccc1)C1CNCCO1,PVISFTMIHRDVDS-UHFFFAOYSA-N,0
COc1ccc(CCN(C)CCCC(C#N)(c2ccc(OC)c(OC)c2)C(C)C)cc1OC,SGTNSNPWRIOYBX-UHFFFAOYSA-N,0
CCC(C)C(C(=O)O)N1CC(CN2CCC(c3cc(Cc4ccc(C5COC5)cc4)nn3CC)CC2)C(c2cccc(F)c2)C1,OXZKVOKBUMLJAE-UHFFFAOYSA-N,0
CN(C)C(=O)N1CC(c2cc(F)ccc2F)=CC1(CCCN)c1ccccc1,RMNSTABIWGFSQE-UHFFFAOYSA-N,0
CCn1nc(Cc2ccc(C3COC3)cc2)cc1C1CCN(CC2CN(C(C(=O)O)C(C)(C)C)CC2c2cccc(F)c2)CC1,KJUDPHSYLGLADQ-UHFFFAOYSA-N,0
NC(C(=O)N1CC(c2cc(F)ccc2F)=CC1c1ccccc1)C1CC1,VCOUEHUEFUDZIS-UHFFFAOYSA-N,0
Nc1ccc(C(=O)N2CC3CC(CN(Cc4ccccc4)C3)C2)cc1,DLNAKYFPFYUBDR-UHFFFAOYSA-N,0
CCC(=O)OC(Cc1ccccc1)(c1ccccc1)C(C)CNC,IKACRWYHQXOSGM-UHFFFAOYSA-N,0
Nc1ccc(C(=O)N2CC3CC(CN(Cc4ccccc4)C3)C2)cc1,DLNAKYFPFYUBDR-UHFFFAOYSA-N,0
CCC(=O)OC(Cc1ccccc1)(c1ccccc1)C(C)CNC,IKACRWYHQXOSGM-UHFFFAOYSA-N,0
CC(C(=O)NC1(c2ccccc2)CCC(N2CCN(c3ccccc3)C(=O)C2)CC1)c1cc(C(F)(F)F)cc(C(F)(F)F)c1,SCQDFAONTBDEIU-UHFFFAOYSA-N,0
CN1C2CCCC1CN(CC(=O)c1nn(C)c3ccccc13)C2,IMGGWISNLMKMPR-UHFFFAOYSA-N,0
CC1(C)CC(CN2CCC(F)(CNC(=O)c3cc(Cl)cc(Cl)c3)CC2)CCO1,DKNDOKIVCXTFHJ-UHFFFAOYSA-N,0
COCCCCC(=NOCC[NH])c1ccc(C(F)(F)F)cc1,KSQMVWHPUVEXGK-UHFFFAOYSA-N,0
CCC(C)C(C(=O)O)N1CC(CN2CCC(c3cc(Cc4ccc(OCC(F)(F)F)cc4)nn3CC)CC2)C(c2cccc(F)c2)C1,BYGHXMKCHHHFAS-UHFFFAOYSA-N,0
COCCCCC(=NOCCN)c1ccc(C(F)(F)F)cc1,CJOFXWAVKWHTFT-UHFFFAOYSA-N,0
O=C(NCC1CCCCN1)c1cc(OCC(F)(F)F)ccc1OCC(F)(F)F,DJBNUMBKLMJRSA-UHFFFAOYSA-N,0
[O-][S+](c1ccccc1)c1ccc(C=Cc2ccc(F)cc2)nc1,YFWOOEBYKGJCJO-UHFFFAOYSA-N,0
O=C(NCC1CCCCN1)c1cc(OCC(F)(F)F)ccc1OCC(F)(F)F,DJBNUMBKLMJRSA-UHFFFAOYSA-N,0
C[N+](C)CCCC1(c2ccc(F)cc2)OCc2cc(C#N)ccc21,KNEOFETYPLKNAE-UHFFFAOYSA-N,0
CN(C)CCCC1(c2ccc(F)cc2)OCc2cc(C#N)ccc21,WSEQXVZVJXJVFP-UHFFFAOYSA-N,0
CCC(C)C(C(=O)O)N1CC(CN2CCC(c3cc(Cc4ccccc4)nn3CC)CC2)C(c2cccc(F)c2)C1,MDTAKMHHAHITNR-UHFFFAOYSA-N,0
CN(C)Cc1ccc2c(c1)CCC(N(C)C(=O)c1ccc(-c3ccccn3)cc1)C2,NMZKSRUUENLYFV-UHFFFAOYSA-N,0
CN(C(=O)c1ccc(-c2ccccn2)cc1)C1CCc2cc(CN3CCS(=O)(=O)CC3)ccc2C1,VUTDWPBZQRKLRF-UHFFFAOYSA-N,0
CNCCCC(C#N)(c1ccc(OC)c(OC)c1)C(C)C,WLOBUUJURNEQCL-UHFFFAOYSA-N,0
COc1ccc(C(C#N)(CCC[NH])C(C)C)cc1OC,CLONKDIKSCVALV-UHFFFAOYSA-N,0
CC1CNCC2Cc3ccc(COCC4CC4)nc3N12,LJRLAJVWAFFRLV-UHFFFAOYSA-N,0
O=C(Cc1cc(Nc2ncnc3cc(OCCCN4CCCC4CO)ccc23)n[nH]1)Nc1cccc(F)c1F,ZNGNLXZBVWXEKM-UHFFFAOYSA-N,0
COc1cc2c(Nc3cc(CC(=O)Nc4cccc(F)c4F)[nH]n3)ncnc2cc1OCCCN1CCCC1CO,KALSMXLQRKFVPO-UHFFFAOYSA-N,0
C=CC1CC1(NC(=O)C1CC2CN1C(=O)C(C(C)(C)C)NC(=O)OCCCC=Cc1ccc3ccnc(c3c1)O2)C(=O)NS(=O)(=O)C1CC1,WSIXKAHFCWLWHX-UHFFFAOYSA-N,0
CC(=O)N1CCN(CCCC2(c3ccccc3)CC(c3cc(F)ccc3F)=NN2C(C)=O)CC1,GTKCZSXHQIQSPL-UHFFFAOYSA-N,0
O=C(CCc1ccccc1)NC1CCC(c2ccc(O)cc2)CC1,RLDCTYNUILGEQM-UHFFFAOYSA-N,0
O=C(CCc1cccnc1)NC1CCC(c2ccc(O)cc2)CC1,FPUUYDBYWLFVMA-UHFFFAOYSA-N,0
O=C(CCc1ccccn1)NC1CCC(c2ccc(O)cc2)CC1,SRQOKQFDYYWIEA-UHFFFAOYSA-N,0
O=C(CCc1ccccc1)NC1CCC(O)(c2ccc(O)cc2)CC1,JIHJKNMBUYNINN-UHFFFAOYSA-N,0
Cc1cc(O)ccc1C1CCC(NC(=O)CCc2ccccc2)CC1,WHIWOTLPHYDESG-UHFFFAOYSA-N,0
O=C(CCc1ccccc1)NC1CCC(O)(c2ccc(O)c(F)c2)CC1,TVARSTZCSSBQNQ-UHFFFAOYSA-N,0
NC1CN(C(=O)c2cnc3ccccc3n2)CC1C(=O)N1CCCC1,XDSKICAQKGYYJF-UHFFFAOYSA-N,0
CC(CS)C(=O)N1CCCC1C(=O)O,FAKRSMQSSFJEIM-UHFFFAOYSA-N,0
COc1ccc2c3c1OC1C(O)C=CC4C(C2)N(C)CCC341,OROGSEYTTFOCAN-UHFFFAOYSA-N,0
COc1ccc2c3c1OC1C(O)C=CC4C(C2)N(C)CCC341,OROGSEYTTFOCAN-UHFFFAOYSA-N,0
COC1CC(OC2C(C)C(=O)OC(C)C(C)C(O)C(C)C(=O)C3(CO3)CC(C)C(OC3OC(C)CC([N+](C)C)C3O)C2C)OC(C)C1O,HTBMJZQKUYGPEX-UHFFFAOYSA-N,0
CN(C)C(=O)N1CC(c2cc(F)ccc2F)=CC1c1cccc(O)c1,KFCPOTABOSFYOA-UHFFFAOYSA-N,0
CN(C(=O)c1ccc(-c2ccc(F)cc2)nc1)C1CCc2cc(CN3CCNC(=O)C3)ccc2C1,YJAPXTJNXJHOJK-UHFFFAOYSA-N,0
NC(C(=O)N1CCCC1)C1CCC(NS(=O)(=O)c2ccc(F)cc2F)CC1,AFLYNEOQVCMCBV-UHFFFAOYSA-N,0
COCc1ccc(-n2cc(C3CC[N+](CCN4CCNC4=O)CC3)c3cc(Cl)ccc32)cc1,PNEUWEAIHJAZMP-UHFFFAOYSA-N,0
CN1CCC(N(C)C(=O)N2CC(c3cc(F)ccc3F)=CC2(CO)c2ccccc2)C(F)C1,MYBGWENAVMIGMM-UHFFFAOYSA-N,0
CCC(C)C(C(=O)O)N1CC(CN2CCC(c3cc(Cc4ccc(OC)c(OC)c4)nn3CC)CC2)C(c2cccc(F)c2)C1,RJVRDLDDCGQDGE-UHFFFAOYSA-N,0
NC(C(=O)N1CCC(F)C1)C1CCC(NC(=O)OCc2ccccc2)CC1,ZMAHAONSAMATES-UHFFFAOYSA-N,0
CC(C)Oc1cc(C(C2=CNC(C(O)(C(F)(F)F)C(F)(F)F)S2)c2ccc[n+]([O-])c2)ccc1OC(F)F,YDJNEXNYNQFHSZ-UHFFFAOYSA-N,0
CC(C)Oc1cc(C(C2=CNC(C(O)(C(F)(F)F)C(F)(F)F)S2)c2ccc[n+]([O-])c2)ccc1OC(F)F,YDJNEXNYNQFHSZ-UHFFFAOYSA-N,0
NC(C(=O)N1CCSC1)C1CCC(NC(=O)c2ccccc2C(F)(F)F)CC1,RIZTTWNWHUZNED-UHFFFAOYSA-N,0
C[N+]1C2CCC1C(C(=O)[O-])C(OC(=O)c1ccccc1)C2,FQMKIHAIJVUQMW-UHFFFAOYSA-M,0
CN1C2CCC1C(C(=O)O)C(OC(=O)c1ccccc1)C2,GVGYEFKIHJTNQZ-UHFFFAOYSA-N,0
Fc1ccc2c(C3CNCCC3F)c(-c3ccccc3)[nH]c2c1,NNJNAROWGAKUJQ-UHFFFAOYSA-N,0
Fc1ccc2c(C3CNCCC3F)c(-c3ccccc3)[nH]c2c1,NNJNAROWGAKUJQ-UHFFFAOYSA-N,0
Cc1cc(C)n(-c2cc(NC(=O)Cc3ccc(S(C)(=O)=O)cc3)nc(-c3ccccn3)n2)n1,ZKEREZNJKGRMFY-UHFFFAOYSA-N,0
CC(C)(CCCN1CCC2CCCCC2C1)S(=O)(=O)c1ccccc1,ZKMMUOFYONDNCU-UHFFFAOYSA-N,0
CN(C)C(=O)C(c1ccc(-c2ccc(F)cc2)cc1)C(N)C(=O)N1CCC(F)C1,YPGNHGMZLLVIHB-UHFFFAOYSA-N,0
CC(=O)C1=NN2c3cc(F)ccc3OCC2C1(CCCN1CCNCC1)c1ccccc1,MBPICXUBVCOQJO-UHFFFAOYSA-N,0
CN(C)C(=O)C(c1ccc(-c2ccc(F)cc2)cc1)C(N)C(=O)N1CCC(F)C1,YPGNHGMZLLVIHB-UHFFFAOYSA-N,0
N#Cc1ccc2cc1Oc1ccc3c(c1)C(CC3)N1CCC(NCc3cncn3C2)C1=O,DFXJFEAHWLUMQK-UHFFFAOYSA-N,0
Cc1ccccc1C1CCN(CC2Cc3cccnc3C(O)C2)CC1,RZKJERNIDGJRAZ-UHFFFAOYSA-N,0
CC1CNCC2Cc3ccc(Cl)nc3N12,PKOPGQYFQBKBPB-UHFFFAOYSA-N,0
NC(C(=O)N1CCCC1)C1CCC(NC(=O)OCc2ccccc2)CC1,QUASBPFEEGUFFV-UHFFFAOYSA-N,0
Cc1ccccc1C1CCN(CC2CCc3cccnc3C(O)C2)CC1O,BIPYJOQSCUNINC-UHFFFAOYSA-N,0
NC(C(=O)N1CCC(F)C1)C(C(=O)n1cnnn1)c1ccc(-c2ccc(F)cc2)cc1,KCXFHVRMGGPJBY-UHFFFAOYSA-N,0
CC(C)Oc1cc(C(C2=CNC(C(C)(C)O)C=C2)c2cc[n+]([O-])cc2)ccc1OC(F)F,QSAGECMFQHGXSW-UHFFFAOYSA-N,0
CC(C)Oc1cc(C(C2=CNC(C(C)(C)O)C=C2)c2ccc[n+]([O-])c2)ccc1OC(F)F,ZZLROBRAQFBDQX-UHFFFAOYSA-N,0
CC(C)Oc1cc(C(C2=CNC(C(C)(C)O)C=C2)c2ccc[n+]([O-])c2)ccc1OC(F)F,ZZLROBRAQFBDQX-UHFFFAOYSA-N,0
C#CC1CCC(C#N)N1C(=O)CNC1(C)CCN(c2cc(C(=O)O)ccn2)CC1,FIMRNLAKAARHPD-UHFFFAOYSA-N,0
CN(C)C(=O)C(C1CCC(NS(=O)(=O)c2ccc(F)cc2F)CC1)C(N)C(=O)N1CCC(F)C1,UYJJHUSVSWNRCU-UHFFFAOYSA-N,0
NC(C(=O)N1CCC(F)C1)C1CCC(NS(=O)(=O)c2ccc(F)cc2F)CC1,QTZTUCOZZMQUFY-UHFFFAOYSA-N,0
CN(C)C(=O)C1CCCN1Cc1ccc2c(c1)CCC(N(C)C(=O)c1ccc(-c3ccc(F)cc3)cc1)C2,OEUKDGTYEZUHLE-UHFFFAOYSA-N,0
CS(=O)(=O)NC(=O)C1CC2(c3ccc(F)cc3)NC1CCC2NCc1cc(OC(F)(F)F)ccc1OC1CC1,OWZMXGWNSWZOSE-UHFFFAOYSA-N,0
CC(OC1CCC2NC1(c1ccccc1)CC2(F)c1nnn(C)n1)c1cc(C(F)(F)F)cc(C(F)(F)F)c1,VNEJEACQXCJUFD-UHFFFAOYSA-N,0
CC(C)(CCCN1CCCC(C(F)(F)F)C1)S(=O)(=O)c1ccccc1,DPCAHAOUMBAXKR-UHFFFAOYSA-N,0
CC(C)(CCCN1CCCC(c2ccccc2)C1)S(=O)(=O)c1ccccc1,OSLJYKCMMISVMB-UHFFFAOYSA-N,0
CCOC(=O)C1CCCN(CCCC(C)(C)S(=O)(=O)c2ccccc2)C1,VLPUPQGQROBWIQ-UHFFFAOYSA-N,0
CC1(C)CC(CN2CCC(F)(CNC(=O)c3cc(Cl)cc(Cl)c3)CC2)CCO1,DKNDOKIVCXTFHJ-UHFFFAOYSA-N,0
CCc1nc2c3c(ccc2o1)CCN(CCCSc1nnc(-c2ocnc2C)n1C)CC3,FRHJULSNWZOUMW-UHFFFAOYSA-N,0
CN(C)Cc1ccc2c(c1)CCC(N(C)C(=O)c1ccc(-c3ccc(Cl)cc3)nc1)C2,NYUKWJXYAADYOO-UHFFFAOYSA-N,0
CN(C)Cc1ccc2c(c1)CCC(N(C)C(=O)c1ccc(-c3ccc(F)cc3)cn1)C2,DHAIYNYURHDUCT-UHFFFAOYSA-N,0
NC(C(=O)N1CCC(F)(F)C1)C1CCC(NS(=O)(=O)c2ccc(OC(F)(F)F)cc2)CC1,RMZXAQNHSDWZDH-UHFFFAOYSA-N,0
CC[N+](CC)CCNC(=O)c1cc(Cl)c(N)cc1OC,HYKIIMZOXRYZDB-UHFFFAOYSA-N,0
Fc1ccc2c(C3CNCCC3F)c(C3CCCCC3)[nH]c2c1,JQDBXOHJKFSLAO-UHFFFAOYSA-N,0
CC1CC(OC(C)c2cc(C(F)(F)F)cc(C(F)(F)F)c2)C(c2ccc(F)cc2)CN(C)C1=O,MIPMPJNHZAYWQS-UHFFFAOYSA-N,0
CCCCNCC(O)c1cc(Cl)cc2c1-c1ccc(Cl)cc1C2=Cc1ccc(Cl)cc1,YLBUTQNEBVPTES-UHFFFAOYSA-N,0
NC(C(=O)N1CCC(F)C1)C1CCC(NS(=O)(=O)c2ccc(OC(F)(F)F)cc2)CC1,KNNVYJYRCBIUSI-UHFFFAOYSA-N,0
CCC(C)C(C(=O)O)N1CC(CN2CCC(c3cc(Cc4ccc(OC(C)(C)C)cc4)nn3CC)CC2)C(c2cccc(F)c2)C1,XNRDIULNKXSIMU-UHFFFAOYSA-N,0
NC(C(=O)N1CC(c2cc(F)ccc2F)=CC1c1cccc(O)c1)C1CC1,FUAKCAYITOKHOL-UHFFFAOYSA-N,0
CC(=O)C1=NN2c3cc(Cl)ccc3OCC2C1(CCCN1CCN(C(C)=O)CC1)c1ccccc1,AZOJERYDGJIDNE-UHFFFAOYSA-N,0
OC(c1cc(C(F)(F)F)nc2c(C(F)(F)F)cccc12)C1CCCCN1,XEEQGYMUWCZPDN-UHFFFAOYSA-N,0
CCC(C)C(C(=O)O)N1CC(CN2CCC(c3cc(Cc4ccc(C5COC5)cc4)nn3CC)CC2)C(c2cccc(F)c2)C1,OXZKVOKBUMLJAE-UHFFFAOYSA-N,0
NC(C(=O)N1CCCC1)C1CCC(NS(=O)(=O)c2ccc(OC(F)(F)F)cc2)CC1,WJMXEGCIFZKOOF-UHFFFAOYSA-N,0
CC(=CCC1=C(C)C(=O)c2ccccc2C1=O)CCCC(C)CCCC(C)CCCC(C)C,MBWXNTAXLNYFJB-UHFFFAOYSA-N,0
N#Cc1ccc(Cn2cncc2CNC2CCN(C(=O)c3cccc(Cl)c3)C2=O)cc1,KYPUJSDJTKKTQO-UHFFFAOYSA-N,0
N#Cc1ccc(Cn2cncc2CNC2CCN(C(=O)c3cccc(Cl)c3)C2)cc1,MLRDIJRZSJTOLB-UHFFFAOYSA-N,0
O=c1[nH]nc(C2CC3(c4ccc(F)cc4)NC2CCC3NCc2cc(OC(F)(F)F)ccc2OC2CC2)[nH]1,CQXHKARMTLIBQZ-UHFFFAOYSA-N,0
COCC(c1ccc(C(F)(F)F)cc1)N1CCN(C2(C)CCN(C(=O)c3c(C)ncnc3C)CC2)CC1C,CNPVJJQCETWNEU-UHFFFAOYSA-N,0
NC(C(=O)N1CCSC1)C1CCC(NC(=O)c2ccc(F)c(F)c2)CC1,XQBOWELYOBLTAR-UHFFFAOYSA-N,0
CC(=O)C1=NN2c3cc(F)ccc3OCC2C1(CCCN(C)C)c1ccccc1,ZZLRBKFHORVSEX-UHFFFAOYSA-N,0
N#Cc1ccc(Cn2cncc2CNC2CCN(C(=O)c3ccc[nH]c3=O)C2=O)cc1,AHNFQQHGOJRCIY-UHFFFAOYSA-N,0
N#Cc1ccc(Cn2cncc2CNC2CCN(C(=O)c3cccnc3N)C2=O)cc1,ZAKVYFKOQFBNTN-UHFFFAOYSA-N,0
Cc1ccccc1C1CCN(CC2Cc3cccnc3C(O)C2)CC1O,UECVBKMBWUTOOU-UHFFFAOYSA-N,0
OC1CC(CN2CCC(c3ccc(F)cc3Cl)C(O)C2)Cc2cccnc21,JWRFFRGIXWVGLV-UHFFFAOYSA-N,0
CC=C1N(C)C(C)CC1(c1ccccc1)c1ccccc1,AJRJPORIQGYFMT-UHFFFAOYSA-N,0
CC1(C)SC2C(NC(=O)C(N)c3ccc(O)cc3)C(=O)N2C1C(=O)O,LSQZJLSUYDQPKJ-UHFFFAOYSA-N,0
CCNC(C)Cc1cccc(C(F)(F)F)c1,DBGIVFWFUFKIQN-UHFFFAOYSA-N,0
COc1ccc(N2C(=O)C(Cc3ccc(OCCc4nc(-c5ccccc5)oc4C)cc3)C2C(=O)O)cc1,WTRWFOXPPRLKFP-UHFFFAOYSA-N,0
CC(C)Oc1cc(C(C2=CCC(=O)N=C2)C2=CNC(C(C)(C)O)C=C2)ccc1OC(F)F,NEOCIRBUHOQWHN-UHFFFAOYSA-N,0
CC(C)(C)Oc1cc(C(C2=CNC(C(C)(C)O)S2)c2cc[n+]([O-])cc2)ccc1OC(F)F,UEIDYAWIUQPJEB-UHFFFAOYSA-N,0
CCC1OC(=O)C(C)C(OC2CC(C)(OC)C(O)C(C)O2)C(C)C(OC2OC(C)CC(N(C)C)C2O)C(C)(OC)CC(C)C(=O)C(C)C(O)C1(C)O,AGOYDEPGAOXOCK-UHFFFAOYSA-N,0
CCC1OC(=O)C(C)C(OC2CC(C)(OC)C(O)C(C)O2)C(C)C(OC2OC(C)CC(N(C)C)C2O)C(C)(OC)CC(C)C(=O)C(C)C(O)C1(C)O,AGOYDEPGAOXOCK-UHFFFAOYSA-N,0
CC(c1ccc(-c2cccc(-c3nnn[nH]3)c2)cc1)C(N)C(=O)N1CCC(F)C1,BCDMNHGZHZHNEL-UHFFFAOYSA-N,0
N#Cc1ccc(Cn2cncc2CNC2CCN(C(=O)c3cncc(Br)c3)C2=O)cc1,UMNUGEIXQBLVCO-UHFFFAOYSA-N,0
CCn1nc(Cc2ccc(OC(F)(F)F)cc2)cc1C1CCN(CC2CN(C(C(=O)O)C(C)(C)C)CC2c2cccc(F)c2)CC1,AWVSZEIDIPLFFV-UHFFFAOYSA-N,0
CC(=O)c1sc(NC(=O)NC2CN(C(C)=O)CCC2CN2CCCC(Cc3ccc(F)cc3)C2)nc1C,ZFRLEPMXXGKKBN-UHFFFAOYSA-N,0
FC(F)(F)Oc1ccc(OC2CC2)c(CNC2CCC3NC2(c2ccccc2)CC3c2nnn[nH]2)c1,QZHOKWHGBRFWKM-UHFFFAOYSA-N,0
O=C(NS(=O)(=O)c1ccccc1)C1CC2(c3ccc(F)cc3)NC1CCC2NCc1cc(OC(F)(F)F)ccc1OC1CC1,XVOFQVYYIGNDLB-UHFFFAOYSA-N,0
CC(=O)C1=NN2c3cc(F)ccc3OCC2C1(CCCN1CCOCC1)c1ccccc1,QGNVIJKJOJRPFM-UHFFFAOYSA-N,0
Fc1ccc(-n2cc(C3CC[N+](CCN4CCNC4=S)CC3)c3cc(Cl)ccc32)cc1,MKHFAQHYZXBPKR-UHFFFAOYSA-N,0
Cc1oc(-c2ccccc2)nc1CCOc1cccc(CC2C(=O)N(c3ccc(C(C)(C)C)cc3)C2C(=O)O)c1,XRVNSFDHOMAYDC-UHFFFAOYSA-N,0
CC(=O)C1=NN2c3cc(C)ccc3OCC2C1(CCCN1CCOCC1)c1ccccc1,RUOOPFXWFLREEM-UHFFFAOYSA-N,0
COc1ccc2nccc(C3CN(C4CCN(Cc5ccc(C)c(C)c5)CC4)C(=O)O3)c2c1,DBMAUWVASVSMOE-UHFFFAOYSA-N,0
O=C1CN(C2CCC(c3ccccc3)(N3CCCC(c4cc(C(F)(F)F)cc(C(F)(F)F)c4)C3=O)CC2)CCN1c1ccccc1,AKDFSCPPNYDWHG-UHFFFAOYSA-N,0
CC[S+2](O)(O)CNC1c2cc(C[NH])ccc2OC(C)(C)C1O,YADRWDGGCRCQGR-UHFFFAOYSA-N,0
CN(C(=O)N1CC(c2cc(F)ccc2F)=CC1c1cccc(O)c1)C1CCNCC1,XYUMIRJLHXWAGA-UHFFFAOYSA-N,0
CN(C)C(=N)c1ccc(C(=O)Nc2ccc(Cl)cc2C(=O)Nc2ccc(Cl)cn2)c(N(C)CCCC(=O)O)c1,PKJWAYXUSCHOOG-UHFFFAOYSA-N,0
CCS(=O)(=O)N(C)C1c2cc(C#N)ccc2OC(C)(C)C1O,HVSJHHXUORMCGK-UHFFFAOYSA-N,0
CCN=C(c1ccc(OC)c(OC)c1)N1CCCc2cc(C3=NNC(=O)SC3C)ccc21,NNDBXESVYQQFSH-UHFFFAOYSA-N,0
CN(C(=O)c1ccc(-c2ccc(F)cc2)cc1)C1CCc2cc(CN3CCN(C(N)=O)CC3)ccc2C1,BOZHYJXZRTYKQA-UHFFFAOYSA-N,0
CC(OC1CCC(=O)N(C)C(C)C1c1ccc(F)cc1)c1cc(C(F)(F)F)cc(C(F)(F)F)c1,VVDKIQHOQWYCMD-UHFFFAOYSA-N,0
COC(=O)C1C(O)CC2CCC1[N+]2C,NRQSZGRFSAAGML-UHFFFAOYSA-N,0
COC(=O)C1C(O)CC2CCC1N2C,QIQNNBXHAYSQRY-UHFFFAOYSA-N,0
C[N+]1CCCCC1c1c(-c2ccccc2)[nH]c2ccccc12,FRVUOTVOYLJPCA-UHFFFAOYSA-N,0
Fc1ccc2[nH]c(-c3ccccc3)c(C3CNCCC3F)c2c1,ITBKCDFUYADWSI-UHFFFAOYSA-N,0
FC1CCNCC1c1c(-c2ccccc2)[nH]c2ccc(Cl)cc12,PAVYFSUMGRBRPZ-UHFFFAOYSA-N,0
N#Cc1ccc2cc1Oc1ccc3c(c1)C(CCC3)N1CCC(NCc3cncn3C2)C1=O,VWNBOOIWICWEPL-UHFFFAOYSA-N,0
Fc1ccc2[nH]c(-c3ccccc3)c(C3CNCCC3F)c2c1,ITBKCDFUYADWSI-UHFFFAOYSA-N,0
FC1CCNCC1c1c(-c2ccccc2)[nH]c2ccc(Cl)cc12,PAVYFSUMGRBRPZ-UHFFFAOYSA-N,0
N#Cc1ccc(Cn2cncc2CNC2CCN(Cc3ccccc3)C2=O)cc1,MRONYHYWJWVKKK-UHFFFAOYSA-N,0
N#Cc1ccc(Cn2cncc2CNC2CCN(Cc3ccccc3)C2=O)cc1,MRONYHYWJWVKKK-UHFFFAOYSA-N,0
COC(=O)C1C(OC(=O)c2ccccc2)CC2CCC1N2C,ZPUCINDJVBIVPJ-UHFFFAOYSA-N,0
CCN(C(=O)Cc1ccc(S(C)(=O)=O)cc1)C1CCN(CCC(c2ccc(S(C)(=O)=O)cc2)c2cc(F)cc(F)c2)CC1,SCXSQUUTGCWHFU-UHFFFAOYSA-N,0
CC(C(O)c1ccc2c(c1)CNC(=O)N2)N1CCC(O)(c2ccc(F)cc2)CC1,LIIMZDKZANZWFU-UHFFFAOYSA-N,0
CN(C)Cc1ccccc1Oc1ccc(Cl)cc1Cl,UOPYFDKQWMFBDI-UHFFFAOYSA-N,0
COc1cc(Cl)ccc1Oc1ccccc1CN(C)C,XIINYKRQARUYJK-UHFFFAOYSA-N,0
CNCc1cc(C(N)=O)ccc1Oc1ccc(Cl)cc1OC,VXYNDBOWMKXSIO-UHFFFAOYSA-N,0
CNCc1cc(C(=O)NC)ccc1Oc1ccc(Cl)cc1OC,FUFMKPBBSWMURG-UHFFFAOYSA-N,0
CNCc1cc(C(=O)N(C)C)ccc1Oc1ccc(Cl)cc1OC,YJNSSHGTSILZGM-UHFFFAOYSA-N,0
CNCc1cc(C(N)=O)ccc1Oc1ccc(Cl)cc1Cl,HEBFKAQNVHADTH-UHFFFAOYSA-N,0
CNCc1cc(C(=O)NC)ccc1Oc1ccc(Cl)cc1C,IHBJHLUWGRKAPP-UHFFFAOYSA-N,0
COC12CCC3(CC1C(C)(O)C(C)(C)C)C1Cc4ccc(O)c5c4C3(CCN1CC1CC1)C2O5,RMRJXGBAOAMLHD-UHFFFAOYSA-N,0
CN(C(=O)c1ccc(-c2ccc(F)cc2)cc1)C1CCc2cc(CN3CCNC(=O)C3)ccc2C1,ISKBVCXTQANZNE-UHFFFAOYSA-N,0
CCOc1cc(N)c(Cl)cc1C(=O)NCC1C[N+](Cc2ccc(F)cc2)CCO1,VQSYXEIAGGXRCQ-UHFFFAOYSA-N,0
CSc1ncccc1C(=O)N1CCC(NCc2cncn2Cc2ccc(C#N)cc2)C1=O,HPUWDQDUZQWGIJ-UHFFFAOYSA-N,0
CC(C)(C)C(=O)N1CC(c2cc(F)ccc2F)=CC1c1cccc(O)c1,YQNDWHKGOQHVNT-UHFFFAOYSA-N,0
CC(C)(C)C(O)C(=O)N1CC(c2cc(F)ccc2F)=CC1c1cccc(O)c1,XKFYPIKUIRIHMW-UHFFFAOYSA-N,0
Cc1ccccc1C1CCN(CC2CCc3cccnc3C(O)C2)CC1C,OASYXJZGABKMRD-UHFFFAOYSA-N,0
O=C(c1cc(F)cc(F)c1)N1CCN(c2ccc(OCCCN3CCCC3)cc2)C(=O)C1,NOBSINPJDRJYCC-UHFFFAOYSA-N,0
CNC1CCC(c2ccc(Cl)c(Cl)c2)c2ccccc21,VGKDLMBJGBXTGI-UHFFFAOYSA-N,0
CC(C)NCC(O)c1ccc(N[S+2](C)(O)O)cc1,RXTGLCJZFJYNNA-UHFFFAOYSA-N,0
CCC1=C(C)CN(C(=O)NCCc2ccc(S(=O)(=O)NC(=O)NC3CCC(C)CC3)cc2)C1=O,WIGIZIANZCJQQY-UHFFFAOYSA-N,0
O=C([O-])c1ccc(-n2cc(C3CC[N+](CCN4CCNC4=O)CC3)c3cc(Cl)ccc32)cc1,ZKRQPBIDEQBRMX-UHFFFAOYSA-M,0
NC(C(=O)N1CCC(F)C1)C(C(=O)O)c1ccc(-c2ccc(F)cc2)cc1,DTKVWZHRUMDYLF-UHFFFAOYSA-N,0
COc1ccc2c(=O)n(CC(O)CO)c(C#N)c(-c3ccccc3)c2c1,IHNXTAHQOZPVBI-UHFFFAOYSA-N,0
NC(CC(=O)N1CCCC1C(=O)NCc1ccc(CC(=O)O)cc1)Cc1ccc(F)c(F)c1,NBZKIFBMZDGKHC-UHFFFAOYSA-N,0
COC(=O)N(NC(=O)c1c(OC)c(-c2ccccc2)nc2ccccc12)c1ccccc1,JLSTVOPSMZBZSR-UHFFFAOYSA-N,0
CC(C)(CCCN1CCCC(c2cnco2)C1)S(=O)(=O)c1ccccc1,VZHJJBFDOPZNIN-UHFFFAOYSA-N,0
CCCC[N+](CCCC)CC(O)c1cc(Cl)cc2c1-c1ccc(Cl)cc1C2=Cc1ccc(Cl)cc1,QOPBRVUVSGSTDY-UHFFFAOYSA-N,0
CCC(C)C(C(=O)O)N1CC(CN2CCC(c3cc(Cc4ccc(C(C)C)cc4)nn3CC)CC2)C(c2cccc(F)c2)C1,SESNYPNPIJXNNP-UHFFFAOYSA-N,0
CC(C)c1nc(CN(C)C(=O)NC(C(=O)NC(Cc2ccccc2)CC(O)C(Cc2ccccc2)NC(=O)OCc2cncs2)C(C)C)cs1,NCDNCNXCDXHOMX-UHFFFAOYSA-N,0
COC(=O)c1[nH]c2cc(F)ccc2c1C1CNCCC1F,CJPSOUOLAPMNQT-UHFFFAOYSA-N,0
Cc1c(O)cccc1C(=O)NC(CSc1ccccc1)C(O)CN1CC2CCCCC2CC1C(=O)NC(C)(C)C,QAGYKUNXZHXKMR-UHFFFAOYSA-N,0
COC(=O)c1[nH]c2cc(F)ccc2c1C1CNCCC1F,CJPSOUOLAPMNQT-UHFFFAOYSA-N,0
CC(C)C(N)C(=O)N1CC(c2cc(F)ccc2F)=CC1c1cccc(O)c1,PEUBMPVLEUTSNQ-UHFFFAOYSA-N,0
CC1CC(OC(C)c2cc(C(F)(F)F)cc(C(F)(F)F)c2)C(c2ccc(F)cc2)CC(=O)N1,JUCZGNXHCDAERA-UHFFFAOYSA-N,0
Cc1cccc(C)c1OCC(=O)NC(Cc1ccccc1)C(O)CC(Cc1ccccc1)NC(=O)C(C(C)C)N1CCCNC1=O,KJHKTHWMRKYKJE-UHFFFAOYSA-N,0
CC(C(O)c1ccc2c(c1)CCC(=O)N2)N1CCC(O)(c2ccc(F)cc2)CC1,FDCWDCYSJSNMNL-UHFFFAOYSA-N,0
COc1ccc(N2C(=O)C(Cc3cccc(OCCc4nc(-c5ccccc5)oc4C)c3)C2C(=O)O)cc1,DKIUFVFEAUCDLY-UHFFFAOYSA-N,0
CCC1OC(=O)C(C)C(OC2CC(C)(OC)C(O)C(C)O2)C(C)C(OC2OC(C)CC(N(C)C)C2O)C(C)(O)CC(C)C(=O)C(C)C(O)C1(C)O,ULGZDMOVFRHVEP-UHFFFAOYSA-N,0
COC(=O)N(NC(=O)c1c(CN2CCN(C(C)=O)CC2)c(-c2ccccc2)nc2ccccc12)c1ccccc1,DGVWICFSPMABCW-UHFFFAOYSA-N,0
COC(=O)N(NC(=O)c1c(CN2CCN(C(C)C)CC2)c(-c2ccccc2)nc2c(F)cccc12)c1ccccc1,GWKWKOFCTIYRPP-UHFFFAOYSA-N,0
COC(=O)N(NC(=O)c1c(CN2CCN(C(C)(C)C)CC2)c(-c2ccccc2)nc2c(F)cccc12)c1ccccc1,KQNYTTDHCMFOME-UHFFFAOYSA-N,0
COC(=O)N(NC(=O)c1c(CN2CCN(C3(C)CCOCC3)CC2)c(-c2ccccc2)nc2c(F)cccc12)c1ccccc1,XSLKCJFAEISGNN-UHFFFAOYSA-N,0
COC(=O)N(NC(=O)c1c(CN2CCN(C3CCOCC3)CC2)c(-c2ccccc2)nc2c(F)cccc12)c1ccccc1,OPNWBWOUADKLSR-UHFFFAOYSA-N,0
O=S(=O)(c1ccc(C=Cc2ccc(F)cc2)nc1)c1cccc(F)c1,GEDVVWSAYINLFO-UHFFFAOYSA-N,0
O=S(=O)(c1ccc(C=Cc2ccc(F)cc2)nc1)c1ccccc1F,HCQGGYRWBPHDIG-UHFFFAOYSA-N,0
O=S(=O)(c1ccccc1)c1ccc(C=Cc2ccc(F)cc2)nc1,ANNXZFGXMGNRDN-UHFFFAOYSA-N,0
O=S(=O)(c1ccc(C=Cc2ccccc2F)nc1)c1ccccc1F,AMJJFRAHQZYBJE-UHFFFAOYSA-N,0
O=S(=O)(c1ccc(C=Cc2cccc(F)c2)nc1)c1ccccc1F,NHBSENMOHAEDAT-UHFFFAOYSA-N,0
O=S(=O)(c1ccc(C=Cc2ccc(F)cc2F)nc1)c1ccccc1F,PNIRAOQLYCRNSM-UHFFFAOYSA-N,0
[O-][S+](c1ccc(C=Cc2ccc(F)cc2F)nc1)c1ccccc1F,OORCBDUKAGBPKM-UHFFFAOYSA-N,0
CC(OC1CCC(=O)NCC1c1ccc(F)cc1)c1cc(C(F)(F)F)cc(C(F)(F)F)c1,VTXWSPAVKRKGBQ-UHFFFAOYSA-N,0
CC(OC1CCC(=O)N(C)CC1c1ccc(F)cc1)c1cc(C(F)(F)F)cc(C(F)(F)F)c1,UTYSCDQCCAYENJ-UHFFFAOYSA-N,0
CC(OC1CCNC(=O)CC1c1ccc(F)cc1)c1cc(C(F)(F)F)cc(C(F)(F)F)c1,CNWUKDYFDDUVSI-UHFFFAOYSA-N,0
CC(OC1CCN(C)C(=O)CC1c1ccc(F)cc1)c1cc(C(F)(F)F)cc(C(F)(F)F)c1,DAARLFWXUXISRO-UHFFFAOYSA-N,0
CC(OC1CC(C)N(C)C(=O)CC1c1ccc(F)cc1)c1cc(C(F)(F)F)cc(C(F)(F)F)c1,SXNSKNFVWYYWIC-UHFFFAOYSA-N,0
CC(OC1CCC(=O)NC(C)C1c1ccc(F)cc1)c1cc(C(F)(F)F)cc(C(F)(F)F)c1,YFKDOMJVBVEBIG-UHFFFAOYSA-N,0
CC(OC1CCc2n[nH]c(=O)n2CC1c1ccc(F)cc1)c1cc(C(F)(F)F)cc(C(F)(F)F)c1,PRWFNQWPCVCDDH-UHFFFAOYSA-N,0
CC(OC1CCn2c(n[nH]c2=O)CC1c1ccc(F)cc1)c1cc(C(F)(F)F)cc(C(F)(F)F)c1,ZWDMWDRBUJRBNX-UHFFFAOYSA-N,0
N#Cc1ccc2cc1Oc1ccc3c(c1)C(CCO3)N1CCC(NCc3cncn3C2)C1=O,OBKQMZCTGOCMFK-UHFFFAOYSA-N,0
COCCOCC#Cc1cc(C2N=NC3=C2Cc2cc(CN4CCN(C)CC4)ccc23)cs1,XOJGVMOCJXHBMM-UHFFFAOYSA-N,0
C[N+]1CCCC(c2c(-c3ccccc3)[nH]c3ccccc23)C1,JVQVZNATXHVKNL-UHFFFAOYSA-N,0
CCn1nc(Cc2ccc(OC(C)C)cc2)cc1C1CCN(CC2CN(C(C(=O)O)C(C)(C)C)CC2c2cccc(F)c2)CC1,LDTUIPCDYVXKIB-UHFFFAOYSA-N,0
CC(=O)C1=NN2c3cc(F)ccc3OCC2C1(CCCN1CCC(=O)N(C)CC1)c1ccccc1,SDWJBJHQWZLCOE-UHFFFAOYSA-N,0
COC(=O)Cc1ccc(CNC(=O)C2CSCN2C(=O)CC(N)Cc2ccccc2F)cc1,FZCVYOKVSXZELZ-UHFFFAOYSA-N,0
OC1CC(CN2CCC(c3ccccc3)CC2)CCc2cccnc21,XNOGDHYDNAIZRZ-UHFFFAOYSA-N,0
CCC(=O)C(CC(C)[N+](C)C)(c1ccccc1)c1ccccc1,UHGHALWOVVUXKD-UHFFFAOYSA-N,0
CC(C)C(Oc1ccc(CNC(=O)C2CSCN2C(=O)CC(N)Cc2cc(F)ccc2F)cc1)C(=O)O,GKMOQWBWMMGWKN-UHFFFAOYSA-N,0
CC1COc2c(N3CC[N+](C)CC3)c(F)cc3c(=O)c(C(=O)[O-])cn1c23,KXKRZHKEPHLIGJ-UHFFFAOYSA-M,0
CC1COc2c(N3CCN(C)CC3)c(F)cc3c(=O)c(C(=O)O)cn1c23,GSDSWSVVBLHKDQ-UHFFFAOYSA-N,0
O=C([O-])C1=C[N+](C2CC2)=C2C=C(N3CCNCC3)C(F)=CC2C1=O,XJDGQHCPKBYDFF-UHFFFAOYSA-N,0
