key,input,outcome
UGELZTGBPPXJPE-UHFFFAOYSA-N,CC1CCCN1CCc1cc2cc(-c3cncc(C#N)c3)ccc2o1,0.9265676736831661
DLNFWRTZALVTSJ-UHFFFAOYSA-N,COc1ncc(-c2ccc(C3CC(N4CCCC4C)C3)cc2)cn1,0.9752475023269651
GCDHZFDHJDQKFR-UHFFFAOYSA-N,COc1ncc(-c2ccc3cc(CCN4CCCC4C)ccc3c2)cn1,0.9628713130950921
XRYDMMOPQTWUSE-UHFFFAOYSA-N,CC1CCCN1C1CC(c2ccc(-c3cncnc3)cc2)C1,0.9801980257034301
GFORFEKVQXJTEI-UHFFFAOYSA-N,O=C1NCN(c2ccccc2)C12CC[N+](CCCC(c1ccc(F)cc1)c1ccc(F)cc1)CC2,0.9405940771102901
HHCYCBKPWYJVEB-UHFFFAOYSA-N,O=C(NC1CCN(Cc2ccc3c(c2)OCO3)CC1)c1cc(=O)c2cc(F)ccc2o1,0.974422454833984
ZPUCINDJVBIVPJ-UHFFFAOYSA-N,COC(=O)C1C(OC(=O)c2ccccc2)CC2CCC1N2C,0.935643553733825
YBHLETUAEBDXIP-UHFFFAOYSA-N,CC1CCCN1CCc1ccc2cc(-n3ncccc3=O)ccc2c1,0.974422454833984
UDRWVFGKMDCPTL-UHFFFAOYSA-N,Fc1ccc(-n2cc(C3CCN(CCN4CCNC4=S)CC3)c3ccccc32)cc1,0.9876237511634821
XNXZHSREQUABAF-UHFFFAOYSA-N,CN1CCN(CCCN(C(=O)Nc2ccc(F)c(Cl)c2)C2CCC3(c4cccc(N)c4)CC23)CC1,0.9250353574752801
OGQHWELSDGZYOF-UHFFFAOYSA-N,C[N+]1CCCC1CCOC(C)(c1ccccc1)c1ccc(Cl)cc1,0.9405940771102901
LKUBJXGOOGUQGP-UHFFFAOYSA-N,CC(C(=O)NC1(c2ccccc2)CCC(N2CCC(c3ccc(F)cc3)CC2)CC1)c1cc(C(F)(F)F)cc(C(F)(F)F)c1,0.995049476623535
YEQFSCLZXBNXBX-UHFFFAOYSA-N,CC(C)C1(C(=O)NCc2cc(C(F)(F)F)cc(C(F)(F)F)c2)CCC(N2CCC(c3ccc(F)cc3)CC2)C1,0.98514848947525
OOGJQPCLVADCPB-UHFFFAOYSA-N,Cc1ccc(O)c(C(CCN(C(C)C)C(C)C)c2ccccc2)c1,0.9554455280303951
WGOANEPMJOTKQS-UHFFFAOYSA-N,Cc1ccc(O)c(C(CC[N+](C(C)C)C(C)C)c2ccccc2)c1,0.9075907468795771
JVNWKLHXJYUXET-UHFFFAOYSA-N,COc1ccc(CC[N+](C)CCCN(C(=O)c2ccc([N+](=O)[O-])cc2)c2ccc(OC)c(OC)c2)cc1OC,0.9431518316268921
MJIFNEGWZJIOKW-UHFFFAOYSA-N,O=C1NCCN1CCN1CCC(C2CN(c3ccc(F)cc3)c3ccccc32)CC1,0.9900990128517151
LOGDXDWDCZTLOS-UHFFFAOYSA-N,Cc1cc(-c2ccc3c(c2)CCN(CCCSc2nnc(-c4ccc(Cl)cc4)n2C)CC3)no1,1.0
HQINFIWNVUIGOE-UHFFFAOYSA-N,O=C(c1ccc(O)cc1OCC(O)CN1CCC2(CC1)Cc1cc(Cl)ccc1O2)N1CC(O)CO1,0.8432343006134031
CTKNMSVWMRRCPW-UHFFFAOYSA-N,Clc1ccc(C(c2ccc(Cl)cc2)n2cc[n+](CC(OCc3ccc(Cl)cc3Cl)c3ccc(Cl)cc3Cl)c2)cc1,0.9653465151786801
MLWLNEPGPPVSDC-UHFFFAOYSA-N,Oc1ccc(CC[N+]2CCC(Nc3nc4ccccc4n3Cc3ccc(F)cc3)CC2)cc1,0.8927392959594721
MEXIBBKUPJTJRY-UHFFFAOYSA-N,CCOC(=O)C1=CC2(CC)CCC[N+]3CCc4c(n1c1ccccc41)C32,0.8762376308441161
VBQPFBIQLMTMNM-UHFFFAOYSA-N,Cc1cnc(-c2ccc3c(c2)CCN(CCCSc2nnc(-c4ccc5[nH]ccc5c4)n2C)CC3)o1,1.0
PKAXIMFUJIQFKS-UHFFFAOYSA-N,COc1ccccc1-c1nnc(SCCCN2CCc3ccc(-c4cc(C)on4)cc3CC2)n1C,1.0
KICCGGGRQKPBIH-UHFFFAOYSA-N,Cc1nc2ccccc2n1C1CC2COCC(C1)N2C,0.838283836841583
FVGPHGAWVQFSPG-UHFFFAOYSA-N,COc1cc(N)c(Cl)cc1C(=O)NC1CCC(CCCOc2ccc(F)cc2)CC1OC,0.9594059586524961
ILPQLCKGOBBIPI-UHFFFAOYSA-N,CC(C)C1(C(=O)NCc2cc(C(F)(F)F)cc(C(F)(F)F)c2)CCC(N2CCC(c3cccc(F)c3)CC2)C1,0.9900990128517151
JEUSLIAZMCQUCV-UHFFFAOYSA-N,CC(C)(O)C1(C(=O)NCc2cc(C(F)(F)F)cc(C(F)(F)F)c2)CCC(N2CCC(c3ccc(F)cc3)CC2)C1,0.8910890817642211
OVGUUSWJYHCFLN-UHFFFAOYSA-N,Cc1cc(-c2ccc3c(c2)CCN(CCCSc2nnc(-c4ccccc4Cl)n2C)CC3)no1,1.0
LCQVKIHGMHPFIJ-UHFFFAOYSA-N,CC(C)C1(C(=O)NCc2cc(C(F)(F)F)cc(C(F)(F)F)c2)CCC(N2CCC(c3cccc(O)c3)CC2)C1,0.970297038555145
JEKPFWUXURUETD-UHFFFAOYSA-N,CCOC(=O)CC1CN(S(=O)(=O)c2cc3cc(Cl)ccc3[nH]2)CC(=O)N1Cc1ccc(C(=N)N(C)C)cc1,0.8762376308441161
FYHCHSNOXWVJJT-UHFFFAOYSA-N,CCCCNCCC(O)c1cc2c(Cl)cc(Cl)cc2c2cc(C(F)(F)F)ccc12,0.995049476623535
DEIXGWIQADAVTO-UHFFFAOYSA-N,Cc1cc(-c2ccc3c(c2)CCN(CCCSc2nnc(-c4cccc(Cl)c4)n2C)CC3)no1,0.995049476623535
DFXJFEAHWLUMQK-UHFFFAOYSA-N,N#Cc1ccc2cc1Oc1ccc3c(c1)C(CC3)N1CCC(NCc3cncn3C2)C1=O,0.9617986679077141
FFDOXSIZJSGXOQ-UHFFFAOYSA-N,CC(C)(C)OC(=O)N1CC2CC(CN(CC(O)COc3ccc(C#N)cc3)C2)C1,0.9257425665855401
GUGOEEXESWIERI-UHFFFAOYSA-N,CC(C)(C)c1ccc(C(O)CCCN2CCC(C(O)(c3ccccc3)c3ccccc3)CC2)cc1,0.9306930899620051
ZPRQZUALRQVYOJ-UHFFFAOYSA-N,CCCCCCCCC(=O)NCc1ccc(CC(O)CO)c(OC)c1,0.9306930899620051
LMTKAUFXBCGCJZ-UHFFFAOYSA-N,CCOc1cc(CCN2CCC(Nc3nc4ccccc4o3)CC2)ccc1OC,0.9900990128517151
DQUUMUHVZGIZNI-UHFFFAOYSA-N,CC1CCCN1C1CC(c2ccc(-c3ccc(C#N)cc3)cc2)C1,0.995049476623535
XWGNKABGVNJFEL-UHFFFAOYSA-N,Fc1ccc2c(C3CNCCC3F)c(-c3cccc4ccccc34)[nH]c2c1,1.0
XWGNKABGVNJFEL-UHFFFAOYSA-N,Fc1ccc2c(C3CNCCC3F)c(-c3cccc4ccccc34)[nH]c2c1,1.0
AULXVGJBLMFJCV-UHFFFAOYSA-N,CC1CCCN1CCc1ccc2cc(-c3ccc(C#N)cc3)ccc2c1,1.0
VAKGFJFMMQQEIE-UHFFFAOYSA-N,CC(C)C1(C(=O)NCc2cc(C(F)(F)F)cc(C(F)(F)F)c2)CCC(N2CCC(c3ccncn3)CC2)C1,0.9752475023269651
SGTNSNPWRIOYBX-UHFFFAOYSA-N,COc1ccc(CCN(C)CCCC(C#N)(c2ccc(OC)c(OC)c2)C(C)C)cc1OC,1.0
VYLABSMQLHGDJB-UHFFFAOYSA-N,COc1ccc(CCN(CCCC(C)(C#N)c2ccc(OC)c(OC)c2)C(C)C)cc1OC,0.9684818387031551
SBIMUGAYTIMITB-UHFFFAOYSA-N,N#Cc1ccc(Cn2cncc2CCNC2CCN(c3ccccc3)C2=O)cc1,0.9108911156654351
OBKQMZCTGOCMFK-UHFFFAOYSA-N,N#Cc1ccc2cc1Oc1ccc3c(c1)C(CCO3)N1CCC(NCc3cncn3C2)C1=O,0.96089106798172
ZLAONGKKHFSBFL-UHFFFAOYSA-N,CCc1nc2ccc3c(c2s1)CCN(CCCSc1nnc(-c2cccc4nc(C)ccc24)n1C)CC3,0.94554454088211
KVHVIXZNQRDNNU-UHFFFAOYSA-N,O=c1[nH]c2ccccc2n1CCCCN1CCC(n2c(=O)[nH]c3ccc(Cl)cc32)CC1,0.9793729186058041
CZSUCMAQMLGPBX-UHFFFAOYSA-N,CN(C(=O)c1ccc(-c2ccc(C(F)(F)F)cc2)cc1)C1CCN(C(=O)N(C)C2CCN(CCCc3ccc(Cl)cc3)C2)C1,0.9801980257034301
KHLCOSGYTJPDNE-UHFFFAOYSA-N,CCN(CCc1ccc(Cl)c(Cl)c1)CC(O)COc1ccc(NS(C)(=O)=O)cc1,1.0
SEAREBDZGMUOLJ-UHFFFAOYSA-N,CC[N+](CC)CCOc1ccc(C(=C(Cl)c2ccccc2)c2ccccc2)cc1,0.9570956826210021
ZUQHPBCHCUTNSK-UHFFFAOYSA-N,CC(C)C1(C(=O)NCc2cc(C(F)(F)F)cc(C(F)(F)F)c2)CCC(N2CCC(c3cc(Cl)ncn3)CC2)C1,0.9554455280303951
GNRZWIIEHAXFFH-UHFFFAOYSA-N,CCCC[N+](Cc1cncn1Cc1ccc(C#N)cc1)C1CCN(Cc2ccccc2)C1=O,0.9900990128517151
KOCNCYHZFRVCOW-UHFFFAOYSA-N,N#Cc1ccc(Cn2cncc2C[N+](CC[N+]2CCOCC2)C2CCN(Cc3cccc(Cl)c3)C2=O)cc1,0.9735973477363581
PZUJQWHTIRWCID-UHFFFAOYSA-N,CC(C)(Cc1ccc2ccccc2c1)NCC(O)COc1cccc(Cl)c1C#N,0.9422442317008971
KFHYZKCRXNRKRC-UHFFFAOYSA-N,CC1CCCN1CCc1cc2cc(-c3ccc(C#N)cc3)ccc2o1,0.982673287391662
LEKUJLQQZVXLAU-UHFFFAOYSA-N,CCCCN(CCCC)CCC(O)c1cc2c(Cl)cc(Cl)cc2c2c1=CCC(C(F)(F)F)C=2,0.8910890817642211
FOHHNHSLJDZUGQ-UHFFFAOYSA-N,CCCCN(CCCC)CCC(O)c1cc2c(Cl)cc(Cl)cc2c2cc(C(F)(F)F)ccc12,0.995049476623535
MKWVUUFAZUWDSJ-UHFFFAOYSA-N,Fc1ccc(-n2cc(C3CCNCC3)c3ccc(Cl)cc32)cc1,0.9554455280303951
JAQYIKMJEHZODL-UHFFFAOYSA-N,CN(CCN(C)[S+2](O)(O)c1ccc(N[S+2](C)(O)O)cc1)c1nc2ccccc2n1C,0.533003270626068
ZLIAFORUHVKWQY-UHFFFAOYSA-N,COc1cccc(C2CCN(C3CCC(C(=O)NCc4cc(C(F)(F)F)cc(C(F)(F)F)c4)(C(C)C)C3)CC2)c1,0.98514848947525
NCJKKRRMGQPBBA-UHFFFAOYSA-N,CC(C)C1(C(=O)NCc2cc(C(F)(F)F)cc(C(F)(F)F)c2)CCC(N2CCC(c3cccnc3)CC2)C1,0.995049476623535
JGGRYQAHJOLGSU-UHFFFAOYSA-N,C[N+]1CC[N+](CCCN2c3ccccc3Sc3ccc(C(F)(F)F)cc32)CC1,0.5891088843345641
PZBTVBSLNQDOCG-UHFFFAOYSA-N,Cc1cc(-c2ccc3c(c2)CCN(CCCSc2nnc(-c4ccccn4)n2C)CC3)no1,1.0
AZIHSCHAYYVWIY-UHFFFAOYSA-N,Cc1cc(-c2ccc3c(c2)CCN(CCCSc2nnc(-c4cccn4C)n2C)CC3)no1,0.9900990128517151
KEOZDNQHXGUGES-UHFFFAOYSA-N,Cc1cc(-c2ccc3c(c2)CCN(CCCSc2nnc(-c4ccc(F)c(F)c4)n2C)CC3)n(C)n1,0.98514848947525
NAFIXABLSKOHPB-UHFFFAOYSA-N,Cc1ccn2c3c(nc2c1)CCN(CCCSc1nnc(-c2cccc4nc(C)ccc24)n1C)CC3,0.94554454088211
UIZPEXQHMIZQPQ-UHFFFAOYSA-N,COc1ccc(C2CCN(CCC3CCOc4ccccc43)CC2)cc1OC,0.9900990128517151
IUUXSMYSJYIRRG-UHFFFAOYSA-N,c1ccc(C[N+]2CCCC(c3c(-c4ccccc4)[nH]c4ccccc34)C2)cc1,0.995049476623535
RXSMNWVUQNFEGE-UHFFFAOYSA-N,CC(C(=O)NC1(c2ccccc2)CCC(N2CCC3(CCC(=O)O3)CC2)CC1)c1cc(C(F)(F)F)cc(C(F)(F)F)c1,1.0
VSUKSHADZRDBII-UHFFFAOYSA-N,Cc1cc(-c2ccc3c(c2)CCN(CCCSc2nnc(-c4ccc5nc(C)c(C)nc5c4)n2C)CC3)no1,0.9920791983604431
LOUPRKONTZGTKE-UHFFFAOYSA-N,C=CC1CN2CCC1CC2C(O)c1ccnc2ccc(OC)cc12,0.9603960514068601
MVXMOYOFQUJRHY-UHFFFAOYSA-N,O=C1C(c2cc(C(F)(F)F)cc(C(F)(F)F)c2)CCN1C1(c2ccccc2)CCC(N2CCC3(CCOC3)CC2)CC1,1.0
DRGSZTLTIYQWJD-UHFFFAOYSA-N,CN(C1CCN(c2nc3ccccc3n2Cc2ccc(F)cc2)CC1)C1NC=CC(=O)N1,0.9752475023269651
MSXJZHUTIDWQBZ-UHFFFAOYSA-N,COc1cc2c(cc1OC)C(CC(O)c1ccc(Cl)cc1)N(C)CC2,0.894801974296569
JZEQFVDLSUHIOP-UHFFFAOYSA-N,CC1(c2cc(C(F)(F)F)cc(C(F)(F)F)c2)CCN(C2(c3ccccc3)CCC(N3CCC4(CCOC4)CC3)CC2)C1=O,0.995049476623535
BQBSHJUQVIWEFM-UHFFFAOYSA-N,CN(CCc1ccc(Cl)c(Cl)c1)CC(O)COc1ccc(NS(C)(=O)=O)cc1,0.995049476623535
GUGOEEXESWIERI-UHFFFAOYSA-N,CC(C)(C)c1ccc(C(O)CCCN2CCC(C(O)(c3ccccc3)c3ccccc3)CC2)cc1,0.9306930899620051
SXKNFGNGCSTXQU-UHFFFAOYSA-N,CCn1nc(Cc2ccc(-c3ccccc3)cc2)cc1C1CCN(CC2CN(C(C(=O)O)C3CCCCC3)CC2c2cccc(F)c2)CC1,0.896039605140686
ASRDPULQBHFPGU-UHFFFAOYSA-N,CC(=O)c1cccc(NC(=O)NC2CCCCC2CN2CCCC(Cc3ccc(F)cc3)C2)c1,0.935643553733825
KMMAIJQUGOQJIO-UHFFFAOYSA-N,CCNC1CCN(CC(=O)Nc2cc(-n3nc(C)cc3C)nc(-c3ccc(C)o3)n2)C1,0.970297038555145
XQPLBOPPSBAOCM-UHFFFAOYSA-N,CS(=O)(=O)Nc1ccc(OCC(O)CN(CCc2ccc(Cl)c(Cl)c2)Cc2ccccc2)cc1,1.0
JWHAUXFOSRPERK-UHFFFAOYSA-N,CCCNCC(O)COc1ccccc1C(=O)CCc1ccccc1,0.9798679947853081
ZMIXNTFGXGIDHD-UHFFFAOYSA-N,CCC[S+]([O-])CCC[N+](CC)CC(O)COc1ccc(C#N)cc1,0.9521452188491821
RTHCYVBBDHJXIQ-UHFFFAOYSA-N,CNCCC(Oc1ccc(C(F)(F)F)cc1)c1ccccc1,1.0
FNOOCAJCXVWPOF-UHFFFAOYSA-N,N#Cc1ccc(Cn2cncc2C[N+](CCC[NH])C2CCN(Cc3cccc(Cl)c3)C2=O)cc1,0.982673287391662
DAUSNPVLXKKGNQ-UHFFFAOYSA-N,Fc1ccc2c(C3CNCCC3F)c(-c3ccc4ccccc4c3)[nH]c2c1,1.0
DAUSNPVLXKKGNQ-UHFFFAOYSA-N,Fc1ccc2c(C3CNCCC3F)c(-c3ccc4ccccc4c3)[nH]c2c1,1.0
RFIKMECJVGIKGU-UHFFFAOYSA-N,Cc1ccc2c(-c3nnc(SCCCN4CCc5ccc(-c6cc(C)on6)cc5CC4)n3C)cccc2n1,1.0
AGSWPZXGFSITHZ-UHFFFAOYSA-N,CC1CCCN1CCCOc1ccc(N2CCN(C(=O)c3cc(F)cc(F)c3)CC2=O)cc1,0.520385444164276
SLVMESMUVMCQIY-UHFFFAOYSA-N,CN1CCCCC1CCN1c2ccccc2Sc2ccc([S+](C)[O-])cc21,0.907178223133087
ZMSOBBRPDJQSNR-UHFFFAOYSA-N,C[N+]1CCCCC1CCN1c2ccccc2Sc2ccc([S+](C)[O-])cc21,0.8527227640151971
MREBEPTUUMTTIA-UHFFFAOYSA-N,CN1CCN(CCCCN2C(=O)CN(N=Cc3ccc(-c4ccc(Cl)cc4)o3)C2=O)CC1,0.939768970012664
LDVRAJSZIPKJHL-UHFFFAOYSA-N,CC(C(=O)NC1(c2ccccc2)CCC(N2CCC3(CCOC3)CC2)CC1)c1cc(C(F)(F)F)cc(C(F)(F)F)c1,1.0
FJQPCZJPOCTEEK-UHFFFAOYSA-N,Cc1cc(C)n(-c2cc(NC(=O)CN3CCC(N(C)C)C3)nc(-c3ccc(C)o3)n2)n1,0.9900990128517151
AZJYWGPAABBHMB-UHFFFAOYSA-N,CC(C)C1(C(=O)NCc2cc(C(F)(F)F)cc(C(F)(F)F)c2)CCC(N2CCC(c3cnccn3)CC2)C1,0.9673267602920531
LOUPRKONTZGTKE-UHFFFAOYSA-N,C=CC1CN2CCC1CC2C(O)c1ccnc2ccc(OC)cc12,0.9603960514068601
QMEYMCGPEYQIJC-UHFFFAOYSA-N,[NH]CCC(O)c1cc2c(Cl)cc(Cl)cc2c2cc(C(F)(F)F)ccc12,0.8457095623016351
ADEIAEFCLQCOPY-UHFFFAOYSA-N,CC(=O)c1cccc(-c2cccc(-n3cc(C(=O)Nc4c(Cl)cncc4Cl)c(=O)c4cccnc43)c2)c1,0.9306930899620051
GEFDXUZHLNJUMR-UHFFFAOYSA-N,CS(=O)(=O)Nc1ccc(OCC(O)CNCCc2ccc(Cl)c(Cl)c2)cc1,0.9900990128517151
BFMVLFRBLSHGFU-UHFFFAOYSA-N,COc1ccc(C(O)CC2c3cc(OC)c(OC)cc3CCN2C)cc1,0.9059405922889711
NKANXQFJJICGDU-UHFFFAOYSA-N,CCC(=C(c1ccccc1)c1ccc(OCCN(C)C)cc1)c1ccccc1,0.935643553733825
GCGKFTIWTCUWFE-UHFFFAOYSA-N,CS(=O)(=O)Nc1ccc(OCC(O)CN(CCc2ccc(Cl)c(Cl)c2)Cc2cccc(O)c2)cc1,0.98514848947525
PXLGTQTYMBVHFH-UHFFFAOYSA-N,Cc1ccc2c(-c3nnc(SCCCN4CCc5ccc(-c6ncc(C)o6)cc5CC4)n3C)cccc2n1,1.0
NZPLLWYDJFVQEH-UHFFFAOYSA-N,Cc1ccc2c(-c3nnc(SCCCN4CCc5ccc6oc(-c7cc(C)nn7C)nc6c5CC4)n3C)cccc2n1,0.949669957160949
KHTUQDQSUXMHQA-UHFFFAOYSA-N,Cc1cc(-c2nc3c4c(ccc3o2)CCN(CCCSc2nnc(-c3ocnc3C)n2C)CC4)n(C)n1,0.8556105494499201
ANNTYLPRTLHHJC-UHFFFAOYSA-N,O=C1C(c2cc(C(F)(F)F)cc(C(F)(F)F)c2)CCCN1C1(c2ccccc2)CCC(N2CCC3(CCOC3)CC2)CC1,0.995049476623535
FELGMEQIXOGIFQ-UHFFFAOYSA-N,Cc1nccn1CC1CCc2c(c3ccccc3n2C)C1=O,0.9306930899620051
PVNKTEVKLYEYIV-UHFFFAOYSA-N,CS(=O)(=O)Nc1ccc(OCC(O)CN(CCc2ccc(Cl)c(Cl)c2)Cc2ccccc2O)cc1,0.98514848947525
YIQYJBKGDDWABP-UHFFFAOYSA-N,CC(C)(O)C1(C(=O)NCc2cc(C(F)(F)F)cc(C(F)(F)F)c2)CCC(N2CCC(c3cncnc3)CC2)C1,0.8415841460227961
BCERHNLMUQCEJQ-UHFFFAOYSA-N,NC(CC(=O)N1CCCC1C(=O)NCc1ccc(C(F)(F)F)cc1)Cc1ccccc1F,0.9105610847473141
WSWLUEDPQUZWSK-UHFFFAOYSA-N,O=C(Nc1ccccc1)c1[nH]c2cc(F)ccc2c1C1CNCCC1F,0.9422442317008971
DDHVVNWORMJVLB-UHFFFAOYSA-N,Fc1ccc2c(C3CNCCC3F)c(C3CCCCCC3)[nH]c2c1,0.9752475023269651
WSWLUEDPQUZWSK-UHFFFAOYSA-N,O=C(Nc1ccccc1)c1[nH]c2cc(F)ccc2c1C1CNCCC1F,0.9422442317008971
RZCZKNPTZMHVSH-UHFFFAOYSA-N,CC(=O)C1=NN2c3cc(F)ccc3OCC2C1(CCCN)c1ccccc1,0.8366336822509761
WCNNBKIYWOWYQW-UHFFFAOYSA-N,COC1(c2cc(C(F)(F)F)cc(C(F)(F)F)c2)CCN(C2(c3ccccc3)CCC(N3CCC4(CCOC4)CC3)CC2)C1=O,0.98514848947525
WDABUKHQRJDQAX-UHFFFAOYSA-N,CN(C)C1CCC(c2ccccc2)(N2CCC(c3cc(C(F)(F)F)cc(C(F)(F)F)c3)C2=O)CC1,0.9752475023269651
SSEQSOKGNDFROE-UHFFFAOYSA-N,CCCCc1oc2ccccc2c1C(=O)c1cc(I)c(OCC[N+](CC)CC)c(I)c1,0.9059405922889711
OLUONKODHNDKJM-UHFFFAOYSA-N,CCn1nc(Cc2ccc(C#N)cc2)cc1C1CCN(CC2CN(C(C(=O)O)C(C)(C)C)CC2c2cccc(F)c2)CC1,0.9405940771102901
CJDRUOGAGYHKKD-UHFFFAOYSA-N,CCC1C2CC3C4N(C)c5ccccc5C45CC(C2C5O)N3C1O,0.9009901285171501
CJDRUOGAGYHKKD-UHFFFAOYSA-N,CCC1C2CC3C4N(C)c5ccccc5C45CC(C2C5O)N3C1O,0.9009901285171501
NFGNMJPMZYHRDW-UHFFFAOYSA-N,CC(C(O)c1ccc2c(c1)CCC(=O)N2)N1CCC(O)(c2ccc(Cl)cc2)CC1,0.995049476623535
UAAYMUFGVDVSAW-UHFFFAOYSA-N,Cc1cc(C)n(-c2cc(NC(=O)CN3CCC(CN(C)C)C3)nc(-c3ccc(C)o3)n2)n1,0.995049476623535
DNZPRATYNIWQSM-UHFFFAOYSA-N,C=CC1CN2CCC1CC2C(C)(O)c1ccnc2ccc(OC)cc12,0.8787128925323481
QAMSRCBRYCCTDQ-UHFFFAOYSA-N,FC1CCNCC1c1c(-c2ccccc2)[nH]c2ccccc12,1.0
IQPFJRBMUWFJBI-UHFFFAOYSA-N,N#Cc1ccc(Cn2cncc2C[N+](CC[N+]2CCNCC2)C2CCN(Cc3cccc(Cl)c3)C2=O)cc1,0.9504950642585751
HXTGXYRHXAGCFP-UHFFFAOYSA-N,COc1cccc(C(O)C2CCN(CCc3ccc(F)cc3)CC2)c1OC,0.94554454088211
BFIKQYQPKFNDJQ-UHFFFAOYSA-N,CC(c1ccc(-c2ccc(F)cc2)cc1)C(N)C(=O)N1CCC(F)C1,0.8910890817642211
QAMSRCBRYCCTDQ-UHFFFAOYSA-N,FC1CCNCC1c1c(-c2ccccc2)[nH]c2ccccc12,1.0
JPKSISIJPSXDLA-UHFFFAOYSA-N,CN1CCN(Cc2ccc3c(c2)Cc2c(-c4csc(C#CCOc5ccccc5)c4)n[nH]c2-3)CC1,0.9603960514068601
MNZDOBBBEUPYAL-UHFFFAOYSA-N,CC(O)(c1ccccc1)C1C=CC(C(c2cc[n+](O)cc2)c2ccc(OC(F)F)c(OC(F)F)c2)=CN1,0.7425742745399471
NMPOSNRHZIWLLL-UHFFFAOYSA-N,CCOC(=O)C1C(OC(=O)c2ccccc2)CC2CCC1N2C,0.970297038555145
YEPCEIRFLLOWNI-UHFFFAOYSA-N,CN(C)C(=O)C(c1ccc(-c2ccc(F)cc2)cc1)C(N)C(=O)N1CCCC1,0.7920792102813721
ZQSDLUMGBYOLJF-UHFFFAOYSA-N,CN1CCC(N(C)C(=O)N2CC(c3cc(F)ccc3F)=CC2c2ccccc2)CC1,0.8861386179924011
REAHNDOSRQJMDW-UHFFFAOYSA-N,CS(=O)(=O)Nc1ccc(OCC(O)CN(CCc2ccc(Cl)c(Cl)c2)Cc2ccccc2F)cc1,0.9900990128517151
NMPOSNRHZIWLLL-UHFFFAOYSA-N,CCOC(=O)C1C(OC(=O)c2ccccc2)CC2CCC1N2C,0.970297038555145
HSTMYWDURDPUMY-UHFFFAOYSA-N,N#Cc1c(Cl)cccc1OCC(O)CN1CCCC1Cc1ccccc1,0.9257425665855401
VMCOPKACEUYYIT-UHFFFAOYSA-N,Fc1ccc(-c2[nH]c3cc(F)ccc3c2C2CCCNC2)cc1,0.995049476623535
NKLVBHMAIMEVEH-UHFFFAOYSA-N,CN(C(=O)N1CC(c2cc(F)ccc2F)=CC1c1ccccc1)C1CCNCC1,0.8910890817642211
QRNZXNUHQIYSQV-UHFFFAOYSA-N,CN(CCCN)C(=O)N1CC(c2cc(F)ccc2F)=CC1c1ccccc1,0.890594065189361
JTGDXZKJMAMXST-UHFFFAOYSA-N,Cc1oc(-c2ccc(Cl)cc2)nc1CCOc1cccc(CC2C(=O)N(c3ccc(C(C)(C)C)cc3)C2C(=O)O)c1,0.9306930899620051
VMIBLDKZGHZFMI-UHFFFAOYSA-N,CS(=O)(=O)Nc1ccc(OCC(O)CNCCc2ccc(Cl)cc2)cc1,0.978547871112823
KVZUKTSYJONTHS-UHFFFAOYSA-N,FC1CCNCC1c1c(-c2ccccc2)[nH]c2cc(Cl)ccc12,1.0
KVZUKTSYJONTHS-UHFFFAOYSA-N,FC1CCNCC1c1c(-c2ccccc2)[nH]c2cc(Cl)ccc12,1.0
MMAYPVADBNWURJ-UHFFFAOYSA-N,O=C1NCC(c2ccccc2)C12CCN(C1CCCCC1c1ccccc1)CC2,0.9653465151786801
YDFGWCGWYBPBRC-UHFFFAOYSA-N,CC(OC1CCn2ccnc2CC1c1ccc(F)cc1)c1cc(C(F)(F)F)cc(C(F)(F)F)c1,0.9603960514068601
JCJWFLPZJBEMKB-UHFFFAOYSA-N,CC(C)C1(C(=O)NCc2cc(C(F)(F)F)cc(C(F)(F)F)c2)CCC(N2CCC(c3cncnc3)CC2)C1,0.9752475023269651
HBNPJJILLOYFJU-UHFFFAOYSA-N,COCC(=O)OC1(CCN(C)CCCc2nc3ccccc3[nH]2)CCc2cc(F)ccc2C1C(C)C,0.9884488582611081
HBNPJJILLOYFJU-UHFFFAOYSA-N,COCC(=O)OC1(CCN(C)CCCc2nc3ccccc3[nH]2)CCc2cc(F)ccc2C1C(C)C,0.9884488582611081
GVERGJNQZKUDON-UHFFFAOYSA-N,Fc1ccc2c(C3CNCCC3F)c(-c3ccsc3)[nH]c2c1,0.995049476623535
DMAQQUULTGXWQK-UHFFFAOYSA-N,OC1c2ccc(OCc3ccccc3-c3ccccc3)cc2CCC1CCN1CCC(c2ccccc2)CC1,0.9059405922889711
OLJQAUHETSJHHJ-UHFFFAOYSA-N,NC(C(=O)N1CCC(F)C1)C(C(=O)N1CCCC1)c1ccc(-c2ccc(F)cc2)cc1,0.534653484821319
GVERGJNQZKUDON-UHFFFAOYSA-N,Fc1ccc2c(C3CNCCC3F)c(-c3ccsc3)[nH]c2c1,0.995049476623535
SGSKDJMEPQTYQW-UHFFFAOYSA-N,CC(C)(C)C(N)C(=O)N1CC(c2cc(F)ccc2F)=CC1c1ccccc1,0.995049476623535
RTHCYVBBDHJXIQ-UHFFFAOYSA-N,CNCCC(Oc1ccc(C(F)(F)F)cc1)c1ccccc1,1.0
CKMHNXQNOFEKDS-UHFFFAOYSA-N,CCC(=C(c1ccccc1)c1ccc(OCC[N+](C)C)cc1)c1ccccc1,0.9686468839645381
CUWYXEKZVGDQDJ-UHFFFAOYSA-N,COc1ccc2nccc(C3CN(C4CCN(Cc5cc6ccccc6[nH]5)CC4)C(=O)O3)c2c1,0.896039605140686
HXEXYULSUCMWPN-UHFFFAOYSA-N,Fc1ccc(-c2[nH]c3cc(F)ccc3c2C2CNCCC2F)cc1,1.0
HXEXYULSUCMWPN-UHFFFAOYSA-N,Fc1ccc(-c2[nH]c3cc(F)ccc3c2C2CNCCC2F)cc1,1.0
KMTMWUFYNBUHOB-UHFFFAOYSA-N,CC(C(O)c1ccc2c(c1)OCC(=O)N2)N1CCC(O)(c2ccc(F)cc2)CC1,0.9801980257034301
MKOGVIYZVVVIRD-UHFFFAOYSA-N,CS(=O)(=O)Nc1ccc(OCC(O)CNCCc2ccc(F)c(F)c2)cc1,0.9653465151786801
SVZCHDXRIPMIIX-UHFFFAOYSA-N,CS(=O)(=O)Nc1ccc(OCC(O)CN(CCc2ccc(Cl)c(Cl)c2)Cc2ccc(F)c(F)c2F)cc1,0.9801980257034301
YPJHELJTCJBMJE-UHFFFAOYSA-N,CN(C)Cc1ccc2c(c1)CCC(N(C)C(=O)c1ccc(-c3ccc(F)cc3)cc1)C2,0.9108911156654351
JWTBNTCDSNQIDW-UHFFFAOYSA-N,CN(CC(=O)N(C)C)Cc1ccc2c(c1)CCC(N(C)C(=O)c1ccc(-c3ccc(F)cc3)cc1)C2,0.8514851331710811
VKAMBSPXFFZIQB-UHFFFAOYSA-N,CNC1CCN(c2ccc(-n3ncc4cc(-c5ccc(C(F)(F)F)cc5)sc4c3=O)cn2)C1,0.8745874762535091
ZIWFCOIGUNPHPM-UHFFFAOYSA-N,COc1ccc(OC(F)(F)F)cc1CNC1CCCNC1c1ccccc1,0.94554454088211
ZKOGSLKSILTRTB-UHFFFAOYSA-N,CC(OC1CCC2NC1(c1ccccc1)CC2c1nnn(C)n1)c1cc(C(F)(F)F)cc(C(F)(F)F)c1,0.9752475023269651
BRKOVFUTTJGJEO-UHFFFAOYSA-N,O=C1NCC(c2ccccc2)C12CCN(C1CCCCC1(O)c1ccc(F)cc1)CC2,0.8267326951026911
WAFZISBSKUIZLT-UHFFFAOYSA-N,NCC1CCC2(CC1)OOC1(O2)C2CC3CC(C2)CC1C3,0.8168317079544061
RFKDHOWUSOAINF-UHFFFAOYSA-N,Cc1oc(-c2cccc(Cl)c2)nc1CCOc1cccc(CC2C(=O)N(c3ccc(C(C)(C)C)cc3)C2C(=O)O)c1,0.9653465151786801
HNQIZPRWNRLKAA-UHFFFAOYSA-N,CC(OC1CCc2nccn2CC1c1ccc(F)cc1)c1cc(C(F)(F)F)cc(C(F)(F)F)c1,0.94554454088211
VJDCPXRVPLDANO-UHFFFAOYSA-N,N#CC1CCCN1C(=O)C1CN(Cc2ccc(-n3cncn3)cc2)CC1N,0.831683158874511
UAAYMUFGVDVSAW-UHFFFAOYSA-N,Cc1cc(C)n(-c2cc(NC(=O)CN3CCC(CN(C)C)C3)nc(-c3ccc(C)o3)n2)n1,0.995049476623535
XMAYWYJOQHXEEK-UHFFFAOYSA-N,CC(=O)N1CCN(c2ccc(OCC3COC(Cn4ccnc4)(c4ccc(Cl)cc4Cl)O3)cc2)CC1,0.7384286522865291
VVVGZTGKMJOGEW-UHFFFAOYSA-N,NC(C(=O)N1CCSC1)C1CCC(NC(=O)Nc2ccc(I)cc2)CC1,0.683168292045593
XMAYWYJOQHXEEK-UHFFFAOYSA-N,CC(=O)N1CCN(c2ccc(OCC3COC(Cn4ccnc4)(c4ccc(Cl)cc4Cl)O3)cc2)CC1,0.7384286522865291
HTPCWPVYNDSILH-UHFFFAOYSA-N,CS(=O)(=O)Nc1ccc(OCC(O)CNCCc2ccc(Cl)c(F)c2)cc1,0.9801980257034301
PFUQNLIPHWCBSH-UHFFFAOYSA-N,CC1(c2cc(C(F)(F)F)cc(C(F)(F)F)c2)CCN(C2(c3ccccc3)CCC(N3CCN(c4ccccc4)C(=O)C3)CC2)C1=O,0.9900990128517151
PZFVISYBXMCPDS-UHFFFAOYSA-N,CCC(O)c1cn(-c2ccc(F)cc2)c2ccc(Cl)cc12,0.34289446473121604
GZSKEXSLDPEFPT-UHFFFAOYSA-N,COc1cc(N)c(Cl)cc1C(=O)NC1CCN2CCCC1C2,0.9504950642585751
FJVFFJPYYUVVJU-UHFFFAOYSA-N,Cc1cnc(-c2nnc(SCCN3CCc4ccc(-c5cc(C)nn5C)cc4CC3)n2C)cn1,0.908415853977203
OLWRVVHPJFLNPW-UHFFFAOYSA-N,N#Cc1ccc2c(c1)CCN(CCC1CCC(NC(=O)c3ccnc4ccccc34)CC1)C2,0.9009901285171501
RTHCYVBBDHJXIQ-UHFFFAOYSA-N,CNCCC(Oc1ccc(C(F)(F)F)cc1)c1ccccc1,1.0
GXXOEDOPXGPUFF-UHFFFAOYSA-N,O=C1NCCN1CC[N+]1CC=C(c2cn(-c3ccc(F)cc3)c3ccc(Cl)cc23)CC1,0.7520626783370971
DEGBCQBDRINUIO-UHFFFAOYSA-N,Cc1ncccc1C(=O)N1CCC(NCc2cncn2Cc2ccc(C#N)cc2)C1=O,0.611386120319366
ONJIDPSNVZIKJS-UHFFFAOYSA-N,CN(C)Cc1ccc2c(c1)CCC(N(C)C(=O)c1ccc(-c3ccc(F)cc3)nc1)C2,0.871287107467651
RRFPMVCMACNLJQ-UHFFFAOYSA-N,CC(C(O)c1ccc2c(c1)CCC(=O)N2)N1CCC(O)(c2cccc(F)c2)CC1,0.92079210281372
BWKAHABETZLDBG-UHFFFAOYSA-N,CC(=O)C1=NN2c3cc(F)ccc3OCC2C1(CCCN1CCN(C(C)=O)CC1)c1ccccc1,0.8019801974296571
LJMDQOSAVJNIPL-UHFFFAOYSA-N,CC(C(O)c1ccc2c(c1)CCC(O)N2)N1CCC(O)(c2ccccc2)CC1,0.844059407711029
JCGAMUKFIGRQFG-UHFFFAOYSA-N,CC(c1ccc(C#N)cc1)N1CC(N)C(C(=O)C2CCCC2C#N)C1,0.78910893201828
YKLQISOTHKATHJ-UHFFFAOYSA-N,CC1(c2ccccc2)CCN(CC2CCc3cccnc3C(O)C2)CC1,0.095473833382129
QTGSINBFNYAXSI-UHFFFAOYSA-N,CCn1nc(Cc2ccccc2)cc1C1CCN(CC2CN(C(C(=O)O)C(C)C)CC2c2cccc(F)c2)CC1,0.019801979884505
QXILTVSZVUBYFU-UHFFFAOYSA-N,CCC(C)C(C(=O)O)N1CC(CN2CCC(c3cc(Cc4ccc(C#N)cc4)nn3CC)CC2)C(c2cccc(F)c2)C1,0.13861386477947202
IXLAACMWTDRWNI-UHFFFAOYSA-N,O=C(O)C(CC1CCC1)N1CC(CN2CCC(c3cnc4ccc(C(F)(F)F)cn34)CC2)C(c2cccc(F)c2)C1,0.014851485379040002
GQXWEIHRIBAWAF-UHFFFAOYSA-N,CN(C)C(=N)c1ccc(CN2C(=O)CN(S(=O)(=O)c3cc4cc(Cl)ccc4[nH]3)CC2CC(=O)O)cc1,0.24752475321292802
OYCCHVFLJCOTKI-UHFFFAOYSA-N,CC(=O)N1CCC(N(C)C(=O)N2CC(c3cc(F)ccc3F)=CC2c2ccccc2)CC1,0.03960395976901
WBQCKUNNRLRPOG-UHFFFAOYSA-N,CN(C)C(=O)C(=O)N(C)C1CCCCn2c1nc(C(=O)NCc1ccc(F)cc1)c(O)c2=O,0.014851485379040002
QDLSQZUNQXEAFR-UHFFFAOYSA-N,Oc1ccc(OCCN2CCC(O)(Cc3ccccc3)C(O)C2)cc1,0.043564356863498
QDLSQZUNQXEAFR-UHFFFAOYSA-N,Oc1ccc(OCCN2CCC(O)(Cc3ccccc3)C(O)C2)cc1,0.043564356863498
IXLAACMWTDRWNI-UHFFFAOYSA-N,O=C(O)C(CC1CCC1)N1CC(CN2CCC(c3cnc4ccc(C(F)(F)F)cn34)CC2)C(c2cccc(F)c2)C1,0.014851485379040002
XHNXDERATDTZIU-UHFFFAOYSA-N,COc1ccccc1OCCNCC(O)COC1=CC=CC2=Nc3ccccc3C12,0.20288778841495503
OGHNVEJMJSYVRP-UHFFFAOYSA-N,COc1ccccc1OCCNCC(O)COc1cccc2[nH]c3ccccc3c12,0.653037071228027
JMEZNPNWVKWWOI-UHFFFAOYSA-N,CN(C(=O)N1CC(c2cc(F)ccc2F)=CC1(CO)c1ccccc1)C1CCN(CCF)CC1,0.019801979884505
AFPXRCJVDFTWMT-UHFFFAOYSA-N,CN(C)C(=O)C(c1ccc(-c2cccc(-n3cnnn3)c2)cc1)C(N)C(=O)N1CCC(F)C1,0.054455444216728
MAKUSAJTXWUWHK-UHFFFAOYSA-N,CC(C)C(Oc1ccc(CNC(=O)C2CCCN2C(=O)CC(N)Cc2c(F)c(F)c(F)c(F)c2F)cc1)C(=O)O,0.049504950642585005
HOLMVLAGEPDFQK-UHFFFAOYSA-N,CN(C)C(=O)C(c1ccc(-c2ccc3ncnn3c2)cc1)C(N)C(=O)N1CCC(F)(F)C1,0.014851485379040002
TUXQZPCSIXZJCG-UHFFFAOYSA-N,CC(N)C1CCN(c2c(F)cc3c(=O)c(C(=O)O)cn4c3c2OCC4C)C1,0.0
WTLFRZGLMDADRS-UHFFFAOYSA-N,CS(=O)(=O)c1ccc(-c2noc(C(CC3CC3)C(N)C(=O)N3CCC(F)C3)n2)cc1,0.09900990128517101
BQSSHYNPAGSOBT-UHFFFAOYSA-N,O=C(Cn1cc(Nc2ncnc3cc(OCCCN4CCCC4CO)ccc23)cn1)Nc1cccc(F)c1F,0.03960395976901
CTQMRUXMUVMMNE-UHFFFAOYSA-N,O=C(Cn1cc(Nc2ncnc3cc(OCCCN4CCCC4COP(=O)(O)O)ccc23)cn1)Nc1cccc(F)c1F,0.03960395976901
PEBCJHONXDFPDD-UHFFFAOYSA-N,CN(C)C(=O)Nc1ccc(S(=O)(=O)NC2CCC(C(N)C(=O)N3CCCC3)CC2)cc1,0.019801979884505
ADSYCQHXJJBMGD-UHFFFAOYSA-N,NC(C(=O)N1CCCC1)C1CCC(NS(=O)(=O)c2ccc(NS(=O)(=O)CC(F)(F)F)cc2)CC1,0.034653466194868005
QOHCKNSBKXAMAV-UHFFFAOYSA-N,CC(c1ccc(-c2cccc(C(=O)O)c2)cc1)C(N)C(=O)N1CCC(F)C1,0.014851485379040002
BQJCRHHNABKAKU-UHFFFAOYSA-N,CN1CCC23c4c5ccc(O)c4OC2C(O)C=CC3C1C5,0.0
AQIXAKUUQRKLND-UHFFFAOYSA-N,CNC(=NC#N)NCCSCc1nc[nH]c1C,0.019801979884505
JINLPDCSJHGHJE-UHFFFAOYSA-N,CCOc1ccccc1OCCNC(C)Cc1ccc(OC)c([S+2](N)(O)O)c1,0.398514837026596
LUHMMHZLDLBAKX-UHFFFAOYSA-N,CC1=C2C3OC(=O)C(C)C3C(O)CC2(C)C=CC1=O,0.0
JWLQSWJBHJDZPV-UHFFFAOYSA-N,N#Cc1ccc(Cn2cncc2CNC2CCN(C(=O)c3cccnc3S)C2=O)cc1,0.19837340712547302
RCAXDUZVJIMXJF-UHFFFAOYSA-N,CCn1nc(Cc2ccc(OC)c(OC)c2)cc1C1CCN(CC2CN(C(C(=O)O)C(C)(C)C)CC2c2cccc(F)c2)CC1,0.054455444216728
XOZYJPDXACCQDE-UHFFFAOYSA-N,COc1cccc(C2(O)CCN(C(C)C(O)c3ccc4c(c3)CCC(=O)N4)CC2)c1,0.108910888433456
FHIRATRLDJRXHH-UHFFFAOYSA-N,O=C(C(O)C1CC1)N1CC(c2cc(F)ccc2F)=CC1c1ccccc1,0.009900989942252001
QAGYKUNXZHXKMR-UHFFFAOYSA-N,Cc1c(O)cccc1C(=O)NC(CSc1ccccc1)C(O)CN1CC2CCCCC2CC1C(=O)NC(C)(C)C,0.421676099300384
ADMTUTZDAMUJSX-UHFFFAOYSA-N,OC1CC(CN2CCC(c3ccc(F)cc3Cl)C(O)C2)CCc2cccnc21,0.009900989942252001
RWXTYWYNQMAVCA-UHFFFAOYSA-N,Cc1cc(F)ccc1C1CCN(CC2CCc3cccnc3C(O)C2)CC1O,0.009900989942252001
AGSWPZXGFSITHZ-UHFFFAOYSA-N,CC1CCCN1CCCOc1ccc(N2CCN(C(=O)c3cc(F)cc(F)c3)CC2=O)cc1,0.520385444164276
GHIZHNQXMPLRIP-UHFFFAOYSA-N,Cc1[nH]nc2c1c(=O)n(CC(F)CN)c1cc3c(cc21)CCCC3,0.049504950642585005
BPNUQXPIQBZCMR-UHFFFAOYSA-N,Cc1n[nH]c2ccc(-c3cncc(OCC(N)Cc4ccccc4)c3)cc12,0.113861389458179
MUYIFNFODMQVMV-UHFFFAOYSA-N,COCCc1ccc(-n2cc(C3CC[N+](CCN4CCNC4=O)CC3)c3cc(Cl)ccc32)cc1,0.05940594151616001
WEXRUCMBJFQVBZ-UHFFFAOYSA-N,CCCC(C)C1(CC)C(=O)NC(=O)NC1=O,0.009900989942252001
NQZYDIWYPVKGER-UHFFFAOYSA-N,C[N+]1CC[N+](C2c3ccccc3Nc3ccc(Cl)cc3N2O)CC1,0.18440593779087003
IHNXTAHQOZPVBI-UHFFFAOYSA-N,COc1ccc2c(=O)n(CC(O)CO)c(C#N)c(-c3ccccc3)c2c1,0.0049504949711260005
BMZVUMSBUURNOU-UHFFFAOYSA-N,CCSc1ncccc1C(=O)N1CCC(NCc2cncn2Cc2ccc(C#N)cc2)C1=O,0.19059406220912903
IIVZUBFHVGRROU-UHFFFAOYSA-N,CCn1nc(Cc2ccccc2)cc1C1CCN(CC2CN(C(C(=O)O)C(C)(C)C)CC2c2cccc(F)c2)CC1,0.06435643881559301
RCBBASWGELNHIE-UHFFFAOYSA-N,CC(=O)N1CCN(Cc2ccc3c(c2)CCC(N(C)C(=O)c2ccc(-c4ccc(F)cc4)cn2)C3)CC1,0.049504950642585005
RZPQYTXPEIHPIJ-UHFFFAOYSA-N,CN(C)C(=O)N1CC(c2cc(F)ccc2F)=CC1(CCC(N)C(F)F)c1ccccc1,0.051072608679533005
YTZHTNOYQFRADU-UHFFFAOYSA-N,CN(C(=O)N1CC(c2cc(F)ccc2F)=CC1(CO)c1ccccc1)C1CCN(C2CC2)CC1,0.0049504949711260005
KXKRZHKEPHLIGJ-UHFFFAOYSA-M,CC1COc2c(N3CC[N+](C)CC3)c(F)cc3c(=O)c(C(=O)[O-])cn1c23,0.014851485379040002
TXOOBKBDBNRQCF-UHFFFAOYSA-N,CCC1OC(=O)C(C)C(OC2CC(C)(OC)C(O)C(C)O2)C(C)C(OC2OC(C)CC(NC)C2O)C(C)(O)CC(C)C(=O)C(C)C(O)C1(C)O,0.0049504949711260005
CHZRIUCQCGDOGQ-UHFFFAOYSA-N,CN(CCO)C(=O)N1CC(c2cc(F)ccc2F)=CC1c1cccc(O)c1,0.009900989942252001
QWAXKHKRTORLEM-UHFFFAOYSA-N,CC(C)(C)NC(=O)C1CC2CCCCC2CN1CC(O)C(Cc1ccccc1)NC(=O)C(CC(N)=O)NC(=O)c1ccc2ccccc2n1,0.08993399143218901
QIOWXXXKNBGPEJ-UHFFFAOYSA-N,COc1c(N2CCC(C(C)NCCC#N)C2)c(F)cc2c(=O)c(C(=O)O)cn(C3CC3)c12,0.0
IVJZHSAWAMPKFD-UHFFFAOYSA-N,COc1c(N2CCC(C(N)CC#N)C2)c(F)cc2c(=O)c(C(=O)O)cn(C3CC3)c12,0.0
DCRAPCRZDJGSOF-UHFFFAOYSA-N,CNC(CC#N)C1CCN(c2c(F)cc3c(=O)c(C(=O)O)cn(C4CC4)c3c2OC)C1,0.0
SUQUWONDIBHQOZ-UHFFFAOYSA-N,CNC(C)C1CCN(c2c(F)cc3c(=O)c(C(=O)O)cn(C4CC4)c3c2OC)C1,0.0
DHFPPSZIVXLVAG-UHFFFAOYSA-N,CC(NCCC#N)C1CCN(c2c(F)cc3c(=O)c(C(=O)O)cn4c3c2OCC4C)C1,0.0
ZMJBHOMMFXCGJB-UHFFFAOYSA-N,CNC(CC#N)C1CCN(c2c(F)cc3c(=O)c(C(=O)O)cn4c3c2OCC4C)C1,0.0
BDAYFZXWTZOMHU-UHFFFAOYSA-N,CC1COc2c(N3CCC(C(N)CC#N)C3)c(F)cc3c(=O)c(C(=O)O)cn1c23,0.0
TTYFNJRNLUXRAC-UHFFFAOYSA-N,COc1c(N2CCC(C)(C(N)CC#N)C2)ccc2c(=O)c(C(=O)O)cn(C3CC3)c12,0.019801979884505
LZFZMUMEGBBDTC-UHFFFAOYSA-N,CC(NC(CCc1ccccc1)C(=O)O)C(=O)N1CCCC1C(=O)O,0.037953794002532
VWVXJUWUORALDD-UHFFFAOYSA-N,CCOc1ccc(Cc2cc(C3CCN(CC4CN(C(C(=O)O)C(C)CC)CC4c4cccc(F)c4)CC3)n(CC)n2)cc1,0.113861389458179
BWXGEBUBIIIAGP-UHFFFAOYSA-N,COc1ccc2c(=O)n(CC(O)CO)c(C#N)c(-c3cccc(C(F)(F)F)c3)c2c1,0.019801979884505
XYESQXUVTLGLPS-UHFFFAOYSA-N,CC(C(O)c1ccc2c(c1)CCC(=O)N2)N1CCC(O)(c2ccc3c(c2)COCC3)CC1,0.06930693238973601
SCVRXRIXRGTJCH-UHFFFAOYSA-N,NC(C(=O)N1CCC(F)(F)C1)C1CCC(NC(=O)c2ccc(F)c(F)c2)CC1,0.0
VFSLWMDPHBMMRV-UHFFFAOYSA-N,Cc1nnc(-c2ccc(CN3CC(N)C(C(=O)N4CCCC4C#N)C3)cc2)o1,0.067656762897968
CDARLPUCXXLHNH-UHFFFAOYSA-N,N=C1[N]CC2c3ccccc3Cc3ccccc3N12,0.422029703855514
MPSNEAHFGOEKBI-UHFFFAOYSA-N,COC(=O)C1=CCC2CCC1N2C,0.0049504949711260005
SWZQJGBKFZAFAX-UHFFFAOYSA-N,CC(=O)C1=NN2c3cc(F)ccc3OCC2C1(CCCN1CCNC(=O)CC1)c1ccccc1,0.108910888433456
OGWARBNUWZYESR-UHFFFAOYSA-N,NC(C(=O)N1CCCC1)C1CCC(NC(=O)c2cccc3ccccc23)CC1,0.009900989942252001
HSUGRBWQSSZJOP-UHFFFAOYSA-N,COc1ccc(C2Sc3ccccc3N(CCN(C)C)C(=O)C2OC(C)=O)cc1,0.23990648984909002
HSUGRBWQSSZJOP-UHFFFAOYSA-N,COc1ccc(C2Sc3ccccc3N(CCN(C)C)C(=O)C2OC(C)=O)cc1,0.23990648984909002
NJSVKCVXSOFHRQ-UHFFFAOYSA-N,Cc1ccccc1C1CCN(CC2CCc3cccnc3C(O)C2)CC1CO,0.0066006602719420005
VZBXWCRSKIZNLD-UHFFFAOYSA-N,CN(C(=O)N1CC(c2cc(F)ccc2F)=CC1(CO)c1ccccc1)C1CCNCC1,0.049504950642585005
OLHRLKFUMOQGCV-UHFFFAOYSA-N,O=C(C(O)C1CC1)N1CC(c2cc(F)ccc2F)=CC1c1cccc(O)c1,0.024752475321292003
HXSAWRBPCYILHG-UHFFFAOYSA-N,COCC(O)COc1cn2ncnc(Oc3ccc4[nH]c(C)cc4c3F)c2c1C,0.034653466194868005
DVLXDPTZHLUZHB-UHFFFAOYSA-N,CC(=O)C1=NN2c3cc(F)ccc3OCC2C1(CCCO)c1ccccc1,0.06435643881559301
NFSUAYDKDYDXQY-UHFFFAOYSA-N,CC1CC(c2c(F)c(N)c3c(=O)c(C(=O)O)cn(C4CC4)c3c2F)CC(C)N1,0.042106710374355004
HWOKKMFQJSXDKU-UHFFFAOYSA-N,Cc1oc(-c2ccccc2)nc1CCOc1ccc(CC2C(=O)N(c3ccc(C(C)(C)C)cc3)C2C(=O)O)cc1,0.292079210281372
DZZWHBIBMUVIIW-UHFFFAOYSA-N,CC1CN(c2c(F)c(N)c3c(=O)c(C(=O)O)cn(C4CC4)c3c2F)CC(C)N1,0.21227568387985202
OHLDJJXRTLZQSU-UHFFFAOYSA-N,CN(C)C(=O)N1N=C(c2cc(F)ccc2F)CC1(CCCN)c1ccccc1,0.056105609983205004
MYBGWENAVMIGMM-UHFFFAOYSA-N,CN1CCC(N(C)C(=O)N2CC(c3cc(F)ccc3F)=CC2(CO)c2ccccc2)C(F)C1,0.0
UUCMWQOGZNNWGQ-UHFFFAOYSA-N,NC(C(=O)N1CCC(F)C1)C1CCC(NC(=O)c2ccc(F)c(F)c2)CC1,0.0
FWKUWRLCCHFYDK-UHFFFAOYSA-N,Cc1cc(CN2CC(N)C(C(=O)C3CCCC3C#N)C2)ccc1C#N,0.02640264108777
XJRKSIGWBHUEDQ-UHFFFAOYSA-N,CC(C)(O)C1(C(=O)NCc2cc(C(F)(F)F)cc(C(F)(F)F)c2)CCC(N2CCC(c3cccc(C(=O)O)c3)CC2)C1,0.108910888433456
OSEUZQHNGOJCFY-UHFFFAOYSA-N,CCOC(=O)C1=C(COCC[NH])NC(C)=C(C(=O)OC)C1c1ccccc1Cl,0.588283836841583
MRVUIEVIMFOBHX-UHFFFAOYSA-N,CC(=O)C1=NN2c3cc(Cl)ccc3OCC2C1(CCCN(C)C)c1ccccc1,0.9504950642585751
WQIJMZYASPFYIG-UHFFFAOYSA-N,CN(C)C(=N)c1ccc(C(=O)Nc2ccc(Cl)cc2C(=O)Nc2ccc(Cl)cn2)c(N2CCCCC2C(=O)O)c1,0.574257433414459
LZVOCVBJCLTFOL-UHFFFAOYSA-N,Cn1c(=O)cc(NC2CCN(Cc3ccc4c(c3)OCO4)CC2)c2cc(OC(F)F)ccc21,0.9146039485931391
DKMBEYUSXSCEOR-UHFFFAOYSA-N,Cn1c(=O)c(C#N)c(NC2CCN(Cc3ccc4c(c3)OCO4)CC2)c2cc(Cl)ccc21,0.9603960514068601
DRUMVTPJIGDIHS-UHFFFAOYSA-N,Cn1c(=O)c(C#N)c(NC2CCN(Cc3ccc4ccccc4c3)CC2)c2cc(Cl)ccc21,0.92079210281372
SRSOWXVISAPYSC-UHFFFAOYSA-N,Cn1c(=O)c(C(=O)N2CCCC2)c(NC2CCN(Cc3ccc4c(c3)OCO4)CC2)c2cc(Cl)ccc21,0.755775570869445
QVMYFGSETVJBSQ-UHFFFAOYSA-N,Cc1ccccc1N1CCN(CC2CCc3cccnc3C(O)C2)CC1,0.788543164730072
BTWSXWRYWXPDBK-UHFFFAOYSA-N,FC1CCNCC1c1c(-c2ccccc2)[nH]c2c(Cl)cccc12,1.0
JQPRDWQRAAFLTI-UHFFFAOYSA-N,CCn1nc(Cc2ccc(C(C)(C)C)cc2)cc1C1CCN(CC2CN(C(C(=O)O)C(C)(C)C)CC2c2cccc(F)c2)CC1,0.9554455280303951
BTWSXWRYWXPDBK-UHFFFAOYSA-N,FC1CCNCC1c1c(-c2ccccc2)[nH]c2c(Cl)cccc12,1.0
LPCDOMMRICKOBC-UHFFFAOYSA-N,COc1cccc(-c2nc(CCOc3cccc(CC4C(=O)N(c5ccc(C(C)(C)C)cc5)C4C(=O)O)c3)c(C)o2)c1,0.9405940771102901
XBMIVRRWGCYBTQ-UHFFFAOYSA-N,CCC(OC(C)=O)C(CC(C)N(C)C)(c1ccccc1)c1ccccc1,0.912305533885955
ZPUWHZPEHISDSA-UHFFFAOYSA-N,CC(C)(CN)C(=O)N1CC(c2cc(F)ccc2F)=CC1c1ccccc1,0.9801980257034301
PZFVISYBXMCPDS-UHFFFAOYSA-N,CCC(O)c1cn(-c2ccc(F)cc2)c2ccc(Cl)cc12,0.34289446473121604
FVYCZVOQAJZLBF-UHFFFAOYSA-N,Cc1cc(C)n(-c2cc(NC(=O)CCN3CCC(N(C)C)C3)nc(-c3ccc(C)o3)n2)n1,0.9752475023269651
IZOGIEBLWOHFCN-UHFFFAOYSA-N,CCn1nc(Cc2ccc(-c3ccccc3)cc2)cc1C1CCN(CC2CN(C(C(=O)O)C(C)(C)C)CC2c2cccc(F)c2)CC1,0.9504950642585751
VZCRXAJULSYPCD-UHFFFAOYSA-N,CC(C(O)c1ccc2c(c1)COC(=O)N2)N1CCC(O)(c2ccc(F)cc2)CC1,0.995049476623535
GNFWJCGIZJCASB-UHFFFAOYSA-N,CC(C)C(N)C(=O)N1CC(c2cc(F)ccc2F)=CC1c1ccccc1,0.9752475023269651
HSZKJVJUUUIVFL-UHFFFAOYSA-N,CC(=O)C1=NN2c3cc(C)ccc3OCC2C1(CCCN(C)C)c1ccccc1,0.9653465151786801
BWYOFBHDLKEMKX-UHFFFAOYSA-N,CC1CC(OC(C)c2cc(C(F)(F)F)cc(C(F)(F)F)c2)C(c2ccc(F)cc2)CNC1=O,0.970297038555145
YSMYHFYQNPTSTR-UHFFFAOYSA-N,Cc1ccc(CCNCC(O)COc2ccc(NS(C)(=O)=O)cc2)cc1C,0.957920789718627
UTMPBYAPGSEZCC-UHFFFAOYSA-N,Fc1ccc2c(C3CNCCC3F)c(C3=CNC=CC3)[nH]c2c1,0.9752475023269651
VRLORRTWDYVKNM-UHFFFAOYSA-N,CN(C(=O)c1ccc(-c2ccc(F)cc2)cc1)C1CCc2cc(CN3CCS(=O)(=O)CC3)ccc2C1,0.9108911156654351
SZWVUASESVZMCY-UHFFFAOYSA-N,Cc1c(Cl)ccc2c1N1C(C)CNCC1C2,0.685643553733825
CHURMCWBVMVAMK-UHFFFAOYSA-N,Fc1ccc2c(C3CNCCC3F)c(-c3cccnc3)[nH]c2c1,0.9752475023269651
BTUWHHFNOHVCMQ-UHFFFAOYSA-N,O=c1[nH]ccc2nc(-c3ccc(CN4CCC(c5nnc(-c6ccccn6)[nH]5)CC4)cc3)c(-c3ccccc3)cc12,0.7920792102813721
WHTVZRBIWZFKQO-UHFFFAOYSA-N,CCN(CC)CCCC(C)Nc1ccnc2cc(Cl)ccc12,0.9900990128517151
NSOOFJHAXVGHFH-UHFFFAOYSA-N,Cc1ccc2nc3c(n2c1)CCN(CCCSc1nnc(-c2cccc4nc(C)ccc24)n1C)CC3,0.970297038555145
SIEQNGMENABBKP-UHFFFAOYSA-O,CC(C)OC(=O)c1ccc(NC(=O)NC(Cc2ccc(O)cc2)C(=O)NC2CCC[N+](C)(Cc3cccc(O)c3)C2)cc1,0.7920792102813721
KPRXKFKHZVTBIT-UHFFFAOYSA-N,CN1Cc2cncn2Cc2ccc(C#N)c(c2)Oc2ccc3c(c2)C(CC3)N2CCC1C2=O,0.9723597168922421
JGTFYTXGSPCVDN-UHFFFAOYSA-N,CN(C)Cc1ccc2c(c1)CCC(N(C)C(=O)c1ccc(-c3ccc(Cl)cc3)cn1)C2,0.797029674053192
PEOZESLDPFYTRU-UHFFFAOYSA-N,O=C(O)C(CC1CCC1)N1CC(CN2CCC(c3cnc4ccccn34)CC2)C(c2cccc(F)c2)C1,0.9900990128517151
RTISLUNVDWEWQD-UHFFFAOYSA-N,NC(=O)CNCC1CCC2(CC1)OOC1(O2)C2CC3CC(C2)CC1C3,0.7549505233764641
PEOZESLDPFYTRU-UHFFFAOYSA-N,O=C(O)C(CC1CCC1)N1CC(CN2CCC(c3cnc4ccccn34)CC2)C(c2cccc(F)c2)C1,0.9900990128517151
OAUXHFPOFOZZLZ-UHFFFAOYSA-N,O=C1CCCN1C1CCN(CCOc2ccc(Oc3nc4ccccc4s3)cc2)CC1,0.9504950642585751
XLMALTXPSGQGBX-UHFFFAOYSA-N,CCC(=O)OC(Cc1ccccc1)(c1ccccc1)C(C)CN(C)C,0.9740098714828491
BWAMRYBZFXESAA-UHFFFAOYSA-N,CC(OC1CCC2NC1(c1ccccc1)CC2c1nnnn1C)c1cc(C(F)(F)F)cc(C(F)(F)F)c1,0.9900990128517151
DLASHKPJUVPKQY-UHFFFAOYSA-N,[O-][S+](c1ccccc1)c1ccc(C=Cc2ccc(F)cc2F)nc1,0.7784653306007381
IEFYZYNWWLPCJV-UHFFFAOYSA-N,NC(C(=O)N1CCSC1)C1CCC(NS(=O)(=O)c2ccc(OC(F)(F)F)cc2)CC1,0.9801980257034301
YRQCJPSWALKIBN-UHFFFAOYSA-N,[O-][S+](c1ccc(C=Cc2ccc(F)cc2)nc1)c1ccccc1F,0.8655115365982051
NKDFBHULJVFUTN-UHFFFAOYSA-N,CN(C)Cc1ccc2c(c1)CCC(N(C)C(=O)c1ccc(-c3ccccc3)cn1)C2,0.09900990128517101
NNPLHKJFMDINKF-UHFFFAOYSA-N,CC(=O)N1CCN(Cc2ccc3c(c2)CCC(N(C)C(=O)c2ccc(-c4ccccn4)cc2)C3)CC1,0.029702970758080004
MCDBKPBDTVBVTL-UHFFFAOYSA-N,CN(C)S(=O)(=O)N(C)C1CCCn2c1nc(C(=O)NCc1ccc(F)cc1)c(O)c2=O,0.009900989942252001
WIIZWVCIJKGZOK-UHFFFAOYSA-N,O=C(NC(CO)C(O)c1ccc([N+](=O)[O-])cc1)C(Cl)Cl,0.034653466194868005
SOYKEARSMXGVTM-UHFFFAOYSA-N,CN(C)CCC(c1ccc(Cl)cc1)c1ccccn1,0.48413485288619906
WSZPVEPHZIBFKY-UHFFFAOYSA-N,COc1ncccc1C(=O)N1CCC(NCc2cncn2Cc2ccc(C#N)cc2)C1=O,0.158769443631172
YCGIBRPJFAKJEZ-UHFFFAOYSA-N,Cc1ccc2c(n1)N1C(C)CNCC1C2,0.024752475321292003
RJVRDLDDCGQDGE-UHFFFAOYSA-N,CCC(C)C(C(=O)O)N1CC(CN2CCC(c3cc(Cc4ccc(OC)c(OC)c4)nn3CC)CC2)C(c2cccc(F)c2)C1,0.0049504949711260005
ZPXUSKUJOYAZDE-UHFFFAOYSA-N,NC(C(=O)N1CCSC1)C1CCC(NC(=O)c2cccc3ccccc23)CC1,0.029702970758080004
ISMDFYMIOSVVKL-UHFFFAOYSA-N,CC(C)(O)C1C=CC(C(c2cc[n+]([O-])cc2)c2ccc(OC(F)F)c(OC(F)F)c2)=CN1,0.0
PZFVISYBXMCPDS-UHFFFAOYSA-N,CCC(O)c1cn(-c2ccc(F)cc2)c2ccc(Cl)cc12,0.34289446473121604
RZPOCZHUFDCVQZ-UHFFFAOYSA-N,CC(Oc1cccc2ncnc(Nc3ccc4c(cnn4Cc4nccs4)c3)c12)C(=O)N1CCOCC1,0.10396039485931301
ALKOZRMIHXYOHB-UHFFFAOYSA-N,O=C1NCC(c2ccc(F)cc2)C12CCN(C1COCCC1(O)c1ccccc1)CC2,0.084158413112163
VGDDOIZXGFJDRC-UHFFFAOYSA-N,COc1cc(N)c(Cl)cc1C(=O)NC1CCN(CCCCCC(=O)OC2CN3CCC2CC3)CC1OC,0.042079206556081
WDLCRPUFOKJNEU-UHFFFAOYSA-N,C[N+]1CCCC1c1cccnc1,0.08374587446451101
SNICXCGAKADSCV-UHFFFAOYSA-N,CN1CCCC1c1cccnc1,0.449422448873519
RWUSOKGVCNRFRC-UHFFFAOYSA-N,CC(C)(C)C(NC(=O)OCCO)C(=O)N1CC(c2cc(F)ccc2F)=CC1c1ccccc1,0.019801979884505
MEXOYMZYZADMKI-UHFFFAOYSA-N,CC(Oc1cccc2ncnc(Nc3ccc4c(cnn4-c4ccccn4)c3)c12)C(=O)N(C)C,0.21287128329277002
ISMDFYMIOSVVKL-UHFFFAOYSA-N,CC(C)(O)C1C=CC(C(c2cc[n+]([O-])cc2)c2ccc(OC(F)F)c(OC(F)F)c2)=CN1,0.0
CIJTVUQEURKBDL-UHFFFAOYSA-N,CCC1OC(=O)C(C)C(OC2CC(C)(OC)C(O)C(C)O2)C(C)C(OC2OC(C)CC(NC)C2O)C(C)(OC)CC(C)C(=O)C(C)C(O)C1(C)O,0.009900989942252001
YKVGZZSPPYJECO-UHFFFAOYSA-N,CC(c1ccc(-c2cccc(-c3noc(=O)[nH]3)c2)cc1)C(N)C(=O)N1CCC(F)C1,0.042079206556081
XFLMPAVFJGLLHK-UHFFFAOYSA-N,Cc1cc(CN2CC(N)C(C(=O)C3CCCC3C#N)C2)cc(C)c1C#N,0.05940594151616001
KFEAQGNOINWFSL-UHFFFAOYSA-N,Fc1cccc2c(C3CNCCC3F)c(-c3ccccc3)[nH]c12,0.995049476623535
CAGZIBHOJDZLGX-UHFFFAOYSA-N,CCC(C)C(C(=O)O)N1CC(CN2CCC(c3cc(Cc4ccc(-c5ccccc5)cc4)nn3CC)CC2)C(c2cccc(F)c2)C1,0.871287107467651
KFEAQGNOINWFSL-UHFFFAOYSA-N,Fc1cccc2c(C3CNCCC3F)c(-c3ccccc3)[nH]c12,0.995049476623535
ZNHZMFMDDLFSPW-UHFFFAOYSA-N,COc1cc(CC(=O)Nc2cc(-n3nc(C)cc3C)nc(-c3ccc(C)o3)n2)cc(OC)c1,0.7141088843345641
FTEPMVFWUZEGMB-UHFFFAOYSA-N,CC(=O)C1=NN(c2cc(C)ccc2F)CC1(CCCN(C)C)c1ccccc1,0.896039605140686
KFKPYSORIJDHRO-UHFFFAOYSA-N,CC(C(O)c1ccc2c(c1)CN(C)C(=O)N2)N1CCC(O)(c2ccc(F)cc2)CC1,0.9752475023269651
VCXXQIVAVCLUOT-UHFFFAOYSA-N,CCc1nc2ccc3c(c2s1)CCN(CCCSc1nnc(-c2ocnc2C)n1C)CC3,0.7178217768669121
GLSSNBLKKWINSD-UHFFFAOYSA-N,COc1ccc(-c2nc(CCOc3cccc(CC4C(=O)N(c5ccc(C(C)(C)C)cc5)C4C(=O)O)c3)c(C)o2)cc1,0.8910890817642211
DHUATBAZHILHIC-UHFFFAOYSA-N,Cc1c(C(=O)c2ccc(Cl)cc2)c2ccc(OC(F)(F)F)cc2n1Cc1cccc(OC(C)C(=O)O)c1,0.782178223133087
DSRUIFDXWAYHHS-UHFFFAOYSA-N,Cc1ccc(C2(O)CCN(C(C)C(O)c3ccc4c(c3)CCC(=O)N4)CC2)cc1,0.9801980257034301
CMBQRLAOLALFJJ-UHFFFAOYSA-N,CC(=O)C1=NN2c3cc(Cl)ccc3OCC2C1(CCCN1CCOCC1)c1ccccc1,0.9603960514068601
PVISFTMIHRDVDS-UHFFFAOYSA-N,COc1cc(Cl)ccc1OC(c1ccccc1)C1CNCCO1,0.879537940025329
SGTNSNPWRIOYBX-UHFFFAOYSA-N,COc1ccc(CCN(C)CCCC(C#N)(c2ccc(OC)c(OC)c2)C(C)C)cc1OC,1.0
OXZKVOKBUMLJAE-UHFFFAOYSA-N,CCC(C)C(C(=O)O)N1CC(CN2CCC(c3cc(Cc4ccc(C5COC5)cc4)nn3CC)CC2)C(c2cccc(F)c2)C1,0.935643553733825
RMNSTABIWGFSQE-UHFFFAOYSA-N,CN(C)C(=O)N1CC(c2cc(F)ccc2F)=CC1(CCCN)c1ccccc1,0.418788313865661
KJUDPHSYLGLADQ-UHFFFAOYSA-N,CCn1nc(Cc2ccc(C3COC3)cc2)cc1C1CCN(CC2CN(C(C(=O)O)C(C)(C)C)CC2c2cccc(F)c2)CC1,0.9752475023269651
VCOUEHUEFUDZIS-UHFFFAOYSA-N,NC(C(=O)N1CC(c2cc(F)ccc2F)=CC1c1ccccc1)C1CC1,0.970297038555145
DLNAKYFPFYUBDR-UHFFFAOYSA-N,Nc1ccc(C(=O)N2CC3CC(CN(Cc4ccccc4)C3)C2)cc1,0.9900990128517151
IKACRWYHQXOSGM-UHFFFAOYSA-N,CCC(=O)OC(Cc1ccccc1)(c1ccccc1)C(C)CNC,0.9603960514068601
DLNAKYFPFYUBDR-UHFFFAOYSA-N,Nc1ccc(C(=O)N2CC3CC(CN(Cc4ccccc4)C3)C2)cc1,0.9900990128517151
IKACRWYHQXOSGM-UHFFFAOYSA-N,CCC(=O)OC(Cc1ccccc1)(c1ccccc1)C(C)CNC,0.9603960514068601
SCQDFAONTBDEIU-UHFFFAOYSA-N,CC(C(=O)NC1(c2ccccc2)CCC(N2CCN(c3ccccc3)C(=O)C2)CC1)c1cc(C(F)(F)F)cc(C(F)(F)F)c1,0.9339933991432191
IMGGWISNLMKMPR-UHFFFAOYSA-N,CN1C2CCCC1CN(CC(=O)c1nn(C)c3ccccc13)C2,0.8663366436958311
DKNDOKIVCXTFHJ-UHFFFAOYSA-N,CC1(C)CC(CN2CCC(F)(CNC(=O)c3cc(Cl)cc(Cl)c3)CC2)CCO1,0.995049476623535
KSQMVWHPUVEXGK-UHFFFAOYSA-N,COCCCCC(=NOCC[NH])c1ccc(C(F)(F)F)cc1,0.7153111696243281
BYGHXMKCHHHFAS-UHFFFAOYSA-N,CCC(C)C(C(=O)O)N1CC(CN2CCC(c3cc(Cc4ccc(OCC(F)(F)F)cc4)nn3CC)CC2)C(c2cccc(F)c2)C1,0.831683158874511
CJOFXWAVKWHTFT-UHFFFAOYSA-N,COCCCCC(=NOCCN)c1ccc(C(F)(F)F)cc1,0.5172795653343201
DJBNUMBKLMJRSA-UHFFFAOYSA-N,O=C(NCC1CCCCN1)c1cc(OCC(F)(F)F)ccc1OCC(F)(F)F,0.9158415794372551
YFWOOEBYKGJCJO-UHFFFAOYSA-N,[O-][S+](c1ccccc1)c1ccc(C=Cc2ccc(F)cc2)nc1,0.858910918235778
DJBNUMBKLMJRSA-UHFFFAOYSA-N,O=C(NCC1CCCCN1)c1cc(OCC(F)(F)F)ccc1OCC(F)(F)F,0.9158415794372551
KNEOFETYPLKNAE-UHFFFAOYSA-N,C[N+](C)CCCC1(c2ccc(F)cc2)OCc2cc(C#N)ccc21,0.970297038555145
WSEQXVZVJXJVFP-UHFFFAOYSA-N,CN(C)CCCC1(c2ccc(F)cc2)OCc2cc(C#N)ccc21,0.9900990128517151
MDTAKMHHAHITNR-UHFFFAOYSA-N,CCC(C)C(C(=O)O)N1CC(CN2CCC(c3cc(Cc4ccccc4)nn3CC)CC2)C(c2cccc(F)c2)C1,0.029702970758080004
NMZKSRUUENLYFV-UHFFFAOYSA-N,CN(C)Cc1ccc2c(c1)CCC(N(C)C(=O)c1ccc(-c3ccccn3)cc1)C2,0.054455444216728
VUTDWPBZQRKLRF-UHFFFAOYSA-N,CN(C(=O)c1ccc(-c2ccccn2)cc1)C1CCc2cc(CN3CCS(=O)(=O)CC3)ccc2C1,0.04455445706844301
WLOBUUJURNEQCL-UHFFFAOYSA-N,CNCCCC(C#N)(c1ccc(OC)c(OC)c1)C(C)C,0.37128713726997303
CLONKDIKSCVALV-UHFFFAOYSA-N,COc1ccc(C(C#N)(CCC[NH])C(C)C)cc1OC,0.34653463959693903
LJRLAJVWAFFRLV-UHFFFAOYSA-N,CC1CNCC2Cc3ccc(COCC4CC4)nc3N12,0.062706269323825
ZNGNLXZBVWXEKM-UHFFFAOYSA-N,O=C(Cc1cc(Nc2ncnc3cc(OCCCN4CCCC4CO)ccc23)n[nH]1)Nc1cccc(F)c1F,0.024752475321292003
KALSMXLQRKFVPO-UHFFFAOYSA-N,COc1cc2c(Nc3cc(CC(=O)Nc4cccc(F)c4F)[nH]n3)ncnc2cc1OCCCN1CCCC1CO,0.0
WSIXKAHFCWLWHX-UHFFFAOYSA-N,C=CC1CC1(NC(=O)C1CC2CN1C(=O)C(C(C)(C)C)NC(=O)OCCCC=Cc1ccc3ccnc(c3c1)O2)C(=O)NS(=O)(=O)C1CC1,0.13696369528770402
GTKCZSXHQIQSPL-UHFFFAOYSA-N,CC(=O)N1CCN(CCCC2(c3ccccc3)CC(c3cc(F)ccc3F)=NN2C(C)=O)CC1,0.06930693238973601
RLDCTYNUILGEQM-UHFFFAOYSA-N,O=C(CCc1ccccc1)NC1CCC(c2ccc(O)cc2)CC1,0.0049504949711260005
FPUUYDBYWLFVMA-UHFFFAOYSA-N,O=C(CCc1cccnc1)NC1CCC(c2ccc(O)cc2)CC1,0.009900989942252001
SRQOKQFDYYWIEA-UHFFFAOYSA-N,O=C(CCc1ccccn1)NC1CCC(c2ccc(O)cc2)CC1,0.0049504949711260005
JIHJKNMBUYNINN-UHFFFAOYSA-N,O=C(CCc1ccccc1)NC1CCC(O)(c2ccc(O)cc2)CC1,0.009900989942252001
WHIWOTLPHYDESG-UHFFFAOYSA-N,Cc1cc(O)ccc1C1CCC(NC(=O)CCc2ccccc2)CC1,0.0049504949711260005
TVARSTZCSSBQNQ-UHFFFAOYSA-N,O=C(CCc1ccccc1)NC1CCC(O)(c2ccc(O)c(F)c2)CC1,0.0
XDSKICAQKGYYJF-UHFFFAOYSA-N,NC1CN(C(=O)c2cnc3ccccc3n2)CC1C(=O)N1CCCC1,0.014851485379040002
FAKRSMQSSFJEIM-UHFFFAOYSA-N,CC(CS)C(=O)N1CCCC1C(=O)O,0.019801979884505
OROGSEYTTFOCAN-UHFFFAOYSA-N,COc1ccc2c3c1OC1C(O)C=CC4C(C2)N(C)CCC341,0.0049504949711260005
OROGSEYTTFOCAN-UHFFFAOYSA-N,COc1ccc2c3c1OC1C(O)C=CC4C(C2)N(C)CCC341,0.0049504949711260005
HTBMJZQKUYGPEX-UHFFFAOYSA-N,COC1CC(OC2C(C)C(=O)OC(C)C(C)C(O)C(C)C(=O)C3(CO3)CC(C)C(OC3OC(C)CC([N+](C)C)C3O)C2C)OC(C)C1O,0.014851485379040002
KFCPOTABOSFYOA-UHFFFAOYSA-N,CN(C)C(=O)N1CC(c2cc(F)ccc2F)=CC1c1cccc(O)c1,0.009900989942252001
YJAPXTJNXJHOJK-UHFFFAOYSA-N,CN(C(=O)c1ccc(-c2ccc(F)cc2)nc1)C1CCc2cc(CN3CCNC(=O)C3)ccc2C1,0.08580858260393101
AFLYNEOQVCMCBV-UHFFFAOYSA-N,NC(C(=O)N1CCCC1)C1CCC(NS(=O)(=O)c2ccc(F)cc2F)CC1,0.0
PNEUWEAIHJAZMP-UHFFFAOYSA-N,COCc1ccc(-n2cc(C3CC[N+](CCN4CCNC4=O)CC3)c3cc(Cl)ccc32)cc1,0.06435643881559301
MYBGWENAVMIGMM-UHFFFAOYSA-N,CN1CCC(N(C)C(=O)N2CC(c3cc(F)ccc3F)=CC2(CO)c2ccccc2)C(F)C1,0.0
RJVRDLDDCGQDGE-UHFFFAOYSA-N,CCC(C)C(C(=O)O)N1CC(CN2CCC(c3cc(Cc4ccc(OC)c(OC)c4)nn3CC)CC2)C(c2cccc(F)c2)C1,0.0049504949711260005
ZMAHAONSAMATES-UHFFFAOYSA-N,NC(C(=O)N1CCC(F)C1)C1CCC(NC(=O)OCc2ccccc2)CC1,0.0
YDJNEXNYNQFHSZ-UHFFFAOYSA-N,CC(C)Oc1cc(C(C2=CNC(C(O)(C(F)(F)F)C(F)(F)F)S2)c2ccc[n+]([O-])c2)ccc1OC(F)F,0.0
YDJNEXNYNQFHSZ-UHFFFAOYSA-N,CC(C)Oc1cc(C(C2=CNC(C(O)(C(F)(F)F)C(F)(F)F)S2)c2ccc[n+]([O-])c2)ccc1OC(F)F,0.0
RIZTTWNWHUZNED-UHFFFAOYSA-N,NC(C(=O)N1CCSC1)C1CCC(NC(=O)c2ccccc2C(F)(F)F)CC1,0.014851485379040002
FQMKIHAIJVUQMW-UHFFFAOYSA-M,C[N+]1C2CCC1C(C(=O)[O-])C(OC(=O)c1ccccc1)C2,0.108910888433456
GVGYEFKIHJTNQZ-UHFFFAOYSA-N,CN1C2CCC1C(C(=O)O)C(OC(=O)c1ccccc1)C2,0.19059406220912903
NNJNAROWGAKUJQ-UHFFFAOYSA-N,Fc1ccc2c(C3CNCCC3F)c(-c3ccccc3)[nH]c2c1,1.0
NNJNAROWGAKUJQ-UHFFFAOYSA-N,Fc1ccc2c(C3CNCCC3F)c(-c3ccccc3)[nH]c2c1,1.0
ZKEREZNJKGRMFY-UHFFFAOYSA-N,Cc1cc(C)n(-c2cc(NC(=O)Cc3ccc(S(C)(=O)=O)cc3)nc(-c3ccccn3)n2)n1,0.47524753212928705
ZKMMUOFYONDNCU-UHFFFAOYSA-N,CC(C)(CCCN1CCC2CCCCC2C1)S(=O)(=O)c1ccccc1,0.6905940771102901
YPGNHGMZLLVIHB-UHFFFAOYSA-N,CN(C)C(=O)C(c1ccc(-c2ccc(F)cc2)cc1)C(N)C(=O)N1CCC(F)C1,0.806930720806121
MBPICXUBVCOQJO-UHFFFAOYSA-N,CC(=O)C1=NN2c3cc(F)ccc3OCC2C1(CCCN1CCNCC1)c1ccccc1,0.9554455280303951
YPGNHGMZLLVIHB-UHFFFAOYSA-N,CN(C)C(=O)C(c1ccc(-c2ccc(F)cc2)cc1)C(N)C(=O)N1CCC(F)C1,0.806930720806121
DFXJFEAHWLUMQK-UHFFFAOYSA-N,N#Cc1ccc2cc1Oc1ccc3c(c1)C(CC3)N1CCC(NCc3cncn3C2)C1=O,0.9617986679077141
RZKJERNIDGJRAZ-UHFFFAOYSA-N,Cc1ccccc1C1CCN(CC2Cc3cccnc3C(O)C2)CC1,0.908415853977203
PKOPGQYFQBKBPB-UHFFFAOYSA-N,CC1CNCC2Cc3ccc(Cl)nc3N12,0.032531823962926004
QUASBPFEEGUFFV-UHFFFAOYSA-N,NC(C(=O)N1CCCC1)C1CCC(NC(=O)OCc2ccccc2)CC1,0.0049504949711260005
BIPYJOQSCUNINC-UHFFFAOYSA-N,Cc1ccccc1C1CCN(CC2CCc3cccnc3C(O)C2)CC1O,0.015676567330956
KCXFHVRMGGPJBY-UHFFFAOYSA-N,NC(C(=O)N1CCC(F)C1)C(C(=O)n1cnnn1)c1ccc(-c2ccc(F)cc2)cc1,0.10396039485931301
QSAGECMFQHGXSW-UHFFFAOYSA-N,CC(C)Oc1cc(C(C2=CNC(C(C)(C)O)C=C2)c2cc[n+]([O-])cc2)ccc1OC(F)F,0.0
ZZLROBRAQFBDQX-UHFFFAOYSA-N,CC(C)Oc1cc(C(C2=CNC(C(C)(C)O)C=C2)c2ccc[n+]([O-])c2)ccc1OC(F)F,0.0
ZZLROBRAQFBDQX-UHFFFAOYSA-N,CC(C)Oc1cc(C(C2=CNC(C(C)(C)O)C=C2)c2ccc[n+]([O-])c2)ccc1OC(F)F,0.0
FIMRNLAKAARHPD-UHFFFAOYSA-N,C#CC1CCC(C#N)N1C(=O)CNC1(C)CCN(c2cc(C(=O)O)ccn2)CC1,0.036633662879467004
UYJJHUSVSWNRCU-UHFFFAOYSA-N,CN(C)C(=O)C(C1CCC(NS(=O)(=O)c2ccc(F)cc2F)CC1)C(N)C(=O)N1CCC(F)C1,0.029702970758080004
QTZTUCOZZMQUFY-UHFFFAOYSA-N,NC(C(=O)N1CCC(F)C1)C1CCC(NS(=O)(=O)c2ccc(F)cc2F)CC1,0.0
OEUKDGTYEZUHLE-UHFFFAOYSA-N,CN(C)C(=O)C1CCCN1Cc1ccc2c(c1)CCC(N(C)C(=O)c1ccc(-c3ccc(F)cc3)cc1)C2,0.9009901285171501
OWZMXGWNSWZOSE-UHFFFAOYSA-N,CS(=O)(=O)NC(=O)C1CC2(c3ccc(F)cc3)NC1CCC2NCc1cc(OC(F)(F)F)ccc1OC1CC1,0.6613861322402951
VNEJEACQXCJUFD-UHFFFAOYSA-N,CC(OC1CCC2NC1(c1ccccc1)CC2(F)c1nnn(C)n1)c1cc(C(F)(F)F)cc(C(F)(F)F)c1,0.42574256658554005
DPCAHAOUMBAXKR-UHFFFAOYSA-N,CC(C)(CCCN1CCCC(C(F)(F)F)C1)S(=O)(=O)c1ccccc1,0.6435643434524531
OSLJYKCMMISVMB-UHFFFAOYSA-N,CC(C)(CCCN1CCCC(c2ccccc2)C1)S(=O)(=O)c1ccccc1,0.7524752616882321
VLPUPQGQROBWIQ-UHFFFAOYSA-N,CCOC(=O)C1CCCN(CCCC(C)(C)S(=O)(=O)c2ccccc2)C1,0.41600659489631603
DKNDOKIVCXTFHJ-UHFFFAOYSA-N,CC1(C)CC(CN2CCC(F)(CNC(=O)c3cc(Cl)cc(Cl)c3)CC2)CCO1,0.995049476623535
FRHJULSNWZOUMW-UHFFFAOYSA-N,CCc1nc2c3c(ccc2o1)CCN(CCCSc1nnc(-c2ocnc2C)n1C)CC3,0.854455471038818
NYUKWJXYAADYOO-UHFFFAOYSA-N,CN(C)Cc1ccc2c(c1)CCC(N(C)C(=O)c1ccc(-c3ccc(Cl)cc3)nc1)C2,0.831683158874511
DHAIYNYURHDUCT-UHFFFAOYSA-N,CN(C)Cc1ccc2c(c1)CCC(N(C)C(=O)c1ccc(-c3ccc(F)cc3)cn1)C2,0.8613861203193661
RMZXAQNHSDWZDH-UHFFFAOYSA-N,NC(C(=O)N1CCC(F)(F)C1)C1CCC(NS(=O)(=O)c2ccc(OC(F)(F)F)cc2)CC1,0.970297038555145
HYKIIMZOXRYZDB-UHFFFAOYSA-N,CC[N+](CC)CCNC(=O)c1cc(Cl)c(N)cc1OC,0.7660890817642211
JQDBXOHJKFSLAO-UHFFFAOYSA-N,Fc1ccc2c(C3CNCCC3F)c(C3CCCCC3)[nH]c2c1,0.9801980257034301
MIPMPJNHZAYWQS-UHFFFAOYSA-N,CC1CC(OC(C)c2cc(C(F)(F)F)cc(C(F)(F)F)c2)C(c2ccc(F)cc2)CN(C)C1=O,0.92079210281372
YLBUTQNEBVPTES-UHFFFAOYSA-N,CCCCNCC(O)c1cc(Cl)cc2c1-c1ccc(Cl)cc1C2=Cc1ccc(Cl)cc1,0.9603960514068601
KNNVYJYRCBIUSI-UHFFFAOYSA-N,NC(C(=O)N1CCC(F)C1)C1CCC(NS(=O)(=O)c2ccc(OC(F)(F)F)cc2)CC1,0.995049476623535
XNRDIULNKXSIMU-UHFFFAOYSA-N,CCC(C)C(C(=O)O)N1CC(CN2CCC(c3cc(Cc4ccc(OC(C)(C)C)cc4)nn3CC)CC2)C(c2cccc(F)c2)C1,0.9653465151786801
FUAKCAYITOKHOL-UHFFFAOYSA-N,NC(C(=O)N1CC(c2cc(F)ccc2F)=CC1c1cccc(O)c1)C1CC1,0.772277235984802
AZOJERYDGJIDNE-UHFFFAOYSA-N,CC(=O)C1=NN2c3cc(Cl)ccc3OCC2C1(CCCN1CCN(C(C)=O)CC1)c1ccccc1,0.871287107467651
XEEQGYMUWCZPDN-UHFFFAOYSA-N,OC(c1cc(C(F)(F)F)nc2c(C(F)(F)F)cccc12)C1CCCCN1,0.856435656547546
OXZKVOKBUMLJAE-UHFFFAOYSA-N,CCC(C)C(C(=O)O)N1CC(CN2CCC(c3cc(Cc4ccc(C5COC5)cc4)nn3CC)CC2)C(c2cccc(F)c2)C1,0.935643553733825
WJMXEGCIFZKOOF-UHFFFAOYSA-N,NC(C(=O)N1CCCC1)C1CCC(NS(=O)(=O)c2ccc(OC(F)(F)F)cc2)CC1,0.9554455280303951
MBWXNTAXLNYFJB-UHFFFAOYSA-N,CC(=CCC1=C(C)C(=O)c2ccccc2C1=O)CCCC(C)CCCC(C)CCCC(C)C,0.935643553733825
KYPUJSDJTKKTQO-UHFFFAOYSA-N,N#Cc1ccc(Cn2cncc2CNC2CCN(C(=O)c3cccc(Cl)c3)C2=O)cc1,0.8811880946159361
MLRDIJRZSJTOLB-UHFFFAOYSA-N,N#Cc1ccc(Cn2cncc2CNC2CCN(C(=O)c3cccc(Cl)c3)C2)cc1,0.9504950642585751
CQXHKARMTLIBQZ-UHFFFAOYSA-N,O=c1[nH]nc(C2CC3(c4ccc(F)cc4)NC2CCC3NCc2cc(OC(F)(F)F)ccc2OC2CC2)[nH]1,0.9653465151786801
CNPVJJQCETWNEU-UHFFFAOYSA-N,COCC(c1ccc(C(F)(F)F)cc1)N1CCN(C2(C)CCN(C(=O)c3c(C)ncnc3C)CC2)CC1C,0.871287107467651
XQBOWELYOBLTAR-UHFFFAOYSA-N,NC(C(=O)N1CCSC1)C1CCC(NC(=O)c2ccc(F)c(F)c2)CC1,0.6633663177490231
ZZLRBKFHORVSEX-UHFFFAOYSA-N,CC(=O)C1=NN2c3cc(F)ccc3OCC2C1(CCCN(C)C)c1ccccc1,0.935643553733825
AHNFQQHGOJRCIY-UHFFFAOYSA-N,N#Cc1ccc(Cn2cncc2CNC2CCN(C(=O)c3ccc[nH]c3=O)C2=O)cc1,0.312234789133071
ZAKVYFKOQFBNTN-UHFFFAOYSA-N,N#Cc1ccc(Cn2cncc2CNC2CCN(C(=O)c3cccnc3N)C2=O)cc1,0.15815064311027502
UECVBKMBWUTOOU-UHFFFAOYSA-N,Cc1ccccc1C1CCN(CC2Cc3cccnc3C(O)C2)CC1O,0.011551154777407
JWRFFRGIXWVGLV-UHFFFAOYSA-N,OC1CC(CN2CCC(c3ccc(F)cc3Cl)C(O)C2)Cc2cccnc21,0.009900989942252001
AJRJPORIQGYFMT-UHFFFAOYSA-N,CC=C1N(C)C(C)CC1(c1ccccc1)c1ccccc1,0.029702970758080004
LSQZJLSUYDQPKJ-UHFFFAOYSA-N,CC1(C)SC2C(NC(=O)C(N)c3ccc(O)cc3)C(=O)N2C1C(=O)O,0.019801979884505
DBGIVFWFUFKIQN-UHFFFAOYSA-N,CCNC(C)Cc1cccc(C(F)(F)F)c1,0.242574259638786
WTRWFOXPPRLKFP-UHFFFAOYSA-N,COc1ccc(N2C(=O)C(Cc3ccc(OCCc4nc(-c5ccccc5)oc4C)cc3)C2C(=O)O)cc1,0.09900990128517101
NEOCIRBUHOQWHN-UHFFFAOYSA-N,CC(C)Oc1cc(C(C2=CCC(=O)N=C2)C2=CNC(C(C)(C)O)C=C2)ccc1OC(F)F,0.024752475321292003
UEIDYAWIUQPJEB-UHFFFAOYSA-N,CC(C)(C)Oc1cc(C(C2=CNC(C(C)(C)O)S2)c2cc[n+]([O-])cc2)ccc1OC(F)F,0.0
AGOYDEPGAOXOCK-UHFFFAOYSA-N,CCC1OC(=O)C(C)C(OC2CC(C)(OC)C(O)C(C)O2)C(C)C(OC2OC(C)CC(N(C)C)C2O)C(C)(OC)CC(C)C(=O)C(C)C(O)C1(C)O,0.0049504949711260005
AGOYDEPGAOXOCK-UHFFFAOYSA-N,CCC1OC(=O)C(C)C(OC2CC(C)(OC)C(O)C(C)O2)C(C)C(OC2OC(C)CC(N(C)C)C2O)C(C)(OC)CC(C)C(=O)C(C)C(O)C1(C)O,0.0049504949711260005
BCDMNHGZHZHNEL-UHFFFAOYSA-N,CC(c1ccc(-c2cccc(-c3nnn[nH]3)c2)cc1)C(N)C(=O)N1CCC(F)C1,0.06435643881559301
UMNUGEIXQBLVCO-UHFFFAOYSA-N,N#Cc1ccc(Cn2cncc2CNC2CCN(C(=O)c3cncc(Br)c3)C2=O)cc1,0.7355021238327021
AWVSZEIDIPLFFV-UHFFFAOYSA-N,CCn1nc(Cc2ccc(OC(F)(F)F)cc2)cc1C1CCN(CC2CN(C(C(=O)O)C(C)(C)C)CC2c2cccc(F)c2)CC1,0.9801980257034301
ZFRLEPMXXGKKBN-UHFFFAOYSA-N,CC(=O)c1sc(NC(=O)NC2CN(C(C)=O)CCC2CN2CCCC(Cc3ccc(F)cc3)C2)nc1C,0.748514831066131
QZHOKWHGBRFWKM-UHFFFAOYSA-N,FC(F)(F)Oc1ccc(OC2CC2)c(CNC2CCC3NC2(c2ccccc2)CC3c2nnn[nH]2)c1,0.8663366436958311
XVOFQVYYIGNDLB-UHFFFAOYSA-N,O=C(NS(=O)(=O)c1ccccc1)C1CC2(c3ccc(F)cc3)NC1CCC2NCc1cc(OC(F)(F)F)ccc1OC1CC1,0.676237642765045
QGNVIJKJOJRPFM-UHFFFAOYSA-N,CC(=O)C1=NN2c3cc(F)ccc3OCC2C1(CCCN1CCOCC1)c1ccccc1,0.9653465151786801
MKHFAQHYZXBPKR-UHFFFAOYSA-N,Fc1ccc(-n2cc(C3CC[N+](CCN4CCNC4=S)CC3)c3cc(Cl)ccc32)cc1,0.6425035595893861
XRVNSFDHOMAYDC-UHFFFAOYSA-N,Cc1oc(-c2ccccc2)nc1CCOc1cccc(CC2C(=O)N(c3ccc(C(C)(C)C)cc3)C2C(=O)O)c1,0.831683158874511
RUOOPFXWFLREEM-UHFFFAOYSA-N,CC(=O)C1=NN2c3cc(C)ccc3OCC2C1(CCCN1CCOCC1)c1ccccc1,0.9554455280303951
DBMAUWVASVSMOE-UHFFFAOYSA-N,COc1ccc2nccc(C3CN(C4CCN(Cc5ccc(C)c(C)c5)CC4)C(=O)O3)c2c1,0.896039605140686
AKDFSCPPNYDWHG-UHFFFAOYSA-N,O=C1CN(C2CCC(c3ccccc3)(N3CCCC(c4cc(C(F)(F)F)cc(C(F)(F)F)c4)C3=O)CC2)CCN1c1ccccc1,0.9801980257034301
YADRWDGGCRCQGR-UHFFFAOYSA-N,CC[S+2](O)(O)CNC1c2cc(C[NH])ccc2OC(C)(C)C1O,0.39603960514068604
XYUMIRJLHXWAGA-UHFFFAOYSA-N,CN(C(=O)N1CC(c2cc(F)ccc2F)=CC1c1cccc(O)c1)C1CCNCC1,0.7178217768669121
PKJWAYXUSCHOOG-UHFFFAOYSA-N,CN(C)C(=N)c1ccc(C(=O)Nc2ccc(Cl)cc2C(=O)Nc2ccc(Cl)cn2)c(N(C)CCCC(=O)O)c1,0.67079210281372
HVSJHHXUORMCGK-UHFFFAOYSA-N,CCS(=O)(=O)N(C)C1c2cc(C#N)ccc2OC(C)(C)C1O,0.47615510225296004
NNDBXESVYQQFSH-UHFFFAOYSA-N,CCN=C(c1ccc(OC)c(OC)c1)N1CCCc2cc(C3=NNC(=O)SC3C)ccc21,0.9801980257034301
BOZHYJXZRTYKQA-UHFFFAOYSA-N,CN(C(=O)c1ccc(-c2ccc(F)cc2)cc1)C1CCc2cc(CN3CCN(C(N)=O)CC3)ccc2C1,0.7871286869049071
VVDKIQHOQWYCMD-UHFFFAOYSA-N,CC(OC1CCC(=O)N(C)C(C)C1c1ccc(F)cc1)c1cc(C(F)(F)F)cc(C(F)(F)F)c1,0.9801980257034301
NRQSZGRFSAAGML-UHFFFAOYSA-N,COC(=O)C1C(O)CC2CCC1[N+]2C,0.060396037995815006
QIQNNBXHAYSQRY-UHFFFAOYSA-N,COC(=O)C1C(O)CC2CCC1N2C,0.08168316632509201
FRVUOTVOYLJPCA-UHFFFAOYSA-N,C[N+]1CCCCC1c1c(-c2ccccc2)[nH]c2ccccc12,0.9158415794372551
ITBKCDFUYADWSI-UHFFFAOYSA-N,Fc1ccc2[nH]c(-c3ccccc3)c(C3CNCCC3F)c2c1,1.0
PAVYFSUMGRBRPZ-UHFFFAOYSA-N,FC1CCNCC1c1c(-c2ccccc2)[nH]c2ccc(Cl)cc12,0.9900990128517151
VWNBOOIWICWEPL-UHFFFAOYSA-N,N#Cc1ccc2cc1Oc1ccc3c(c1)C(CCC3)N1CCC(NCc3cncn3C2)C1=O,0.5309405922889711
ITBKCDFUYADWSI-UHFFFAOYSA-N,Fc1ccc2[nH]c(-c3ccccc3)c(C3CNCCC3F)c2c1,1.0
PAVYFSUMGRBRPZ-UHFFFAOYSA-N,FC1CCNCC1c1c(-c2ccccc2)[nH]c2ccc(Cl)cc12,0.9900990128517151
MRONYHYWJWVKKK-UHFFFAOYSA-N,N#Cc1ccc(Cn2cncc2CNC2CCN(Cc3ccccc3)C2=O)cc1,0.995049476623535
MRONYHYWJWVKKK-UHFFFAOYSA-N,N#Cc1ccc(Cn2cncc2CNC2CCN(Cc3ccccc3)C2=O)cc1,0.995049476623535
ZPUCINDJVBIVPJ-UHFFFAOYSA-N,COC(=O)C1C(OC(=O)c2ccccc2)CC2CCC1N2C,0.935643553733825
SCXSQUUTGCWHFU-UHFFFAOYSA-N,CCN(C(=O)Cc1ccc(S(C)(=O)=O)cc1)C1CCN(CCC(c2ccc(S(C)(=O)=O)cc2)c2cc(F)cc(F)c2)CC1,0.9009901285171501
LIIMZDKZANZWFU-UHFFFAOYSA-N,CC(C(O)c1ccc2c(c1)CNC(=O)N2)N1CCC(O)(c2ccc(F)cc2)CC1,0.995049476623535
UOPYFDKQWMFBDI-UHFFFAOYSA-N,CN(C)Cc1ccccc1Oc1ccc(Cl)cc1Cl,0.9158415794372551
XIINYKRQARUYJK-UHFFFAOYSA-N,COc1cc(Cl)ccc1Oc1ccccc1CN(C)C,0.863036274909973
VXYNDBOWMKXSIO-UHFFFAOYSA-N,CNCc1cc(C(N)=O)ccc1Oc1ccc(Cl)cc1OC,0.8283828496932981
FUFMKPBBSWMURG-UHFFFAOYSA-N,CNCc1cc(C(=O)NC)ccc1Oc1ccc(Cl)cc1OC,0.7541254162788391
YJNSSHGTSILZGM-UHFFFAOYSA-N,CNCc1cc(C(=O)N(C)C)ccc1Oc1ccc(Cl)cc1OC,0.7623762488365171
HEBFKAQNVHADTH-UHFFFAOYSA-N,CNCc1cc(C(N)=O)ccc1Oc1ccc(Cl)cc1Cl,0.9257425665855401
IHBJHLUWGRKAPP-UHFFFAOYSA-N,CNCc1cc(C(=O)NC)ccc1Oc1ccc(Cl)cc1C,0.8366336822509761
RMRJXGBAOAMLHD-UHFFFAOYSA-N,COC12CCC3(CC1C(C)(O)C(C)(C)C)C1Cc4ccc(O)c5c4C3(CCN1CC1CC1)C2O5,0.9603960514068601
ISKBVCXTQANZNE-UHFFFAOYSA-N,CN(C(=O)c1ccc(-c2ccc(F)cc2)cc1)C1CCc2cc(CN3CCNC(=O)C3)ccc2C1,0.7920792102813721
VQSYXEIAGGXRCQ-UHFFFAOYSA-N,CCOc1cc(N)c(Cl)cc1C(=O)NCC1C[N+](Cc2ccc(F)cc2)CCO1,0.6258251070976251
HPUWDQDUZQWGIJ-UHFFFAOYSA-N,CSc1ncccc1C(=O)N1CCC(NCc2cncn2Cc2ccc(C#N)cc2)C1=O,0.8345119953155511
YQNDWHKGOQHVNT-UHFFFAOYSA-N,CC(C)(C)C(=O)N1CC(c2cc(F)ccc2F)=CC1c1cccc(O)c1,0.8118811845779411
XKFYPIKUIRIHMW-UHFFFAOYSA-N,CC(C)(C)C(O)C(=O)N1CC(c2cc(F)ccc2F)=CC1c1cccc(O)c1,0.7772276997566221
OASYXJZGABKMRD-UHFFFAOYSA-N,Cc1ccccc1C1CCN(CC2CCc3cccnc3C(O)C2)CC1C,0.472701549530029
NOBSINPJDRJYCC-UHFFFAOYSA-N,O=C(c1cc(F)cc(F)c1)N1CCN(c2ccc(OCCCN3CCCC3)cc2)C(=O)C1,0.7334983348846431
VGKDLMBJGBXTGI-UHFFFAOYSA-N,CNC1CCC(c2ccc(Cl)c(Cl)c2)c2ccccc21,0.9900990128517151
RXTGLCJZFJYNNA-UHFFFAOYSA-N,CC(C)NCC(O)c1ccc(N[S+2](C)(O)O)cc1,0.143564358353614
WIGIZIANZCJQQY-UHFFFAOYSA-N,CCC1=C(C)CN(C(=O)NCCc2ccc(S(=O)(=O)NC(=O)NC3CCC(C)CC3)cc2)C1=O,0.009900989942252001
ZKRQPBIDEQBRMX-UHFFFAOYSA-M,O=C([O-])c1ccc(-n2cc(C3CC[N+](CCN4CCNC4=O)CC3)c3cc(Cl)ccc32)cc1,0.10396039485931301
DTKVWZHRUMDYLF-UHFFFAOYSA-N,NC(C(=O)N1CCC(F)C1)C(C(=O)O)c1ccc(-c2ccc(F)cc2)cc1,0.17326731979846902
IHNXTAHQOZPVBI-UHFFFAOYSA-N,COc1ccc2c(=O)n(CC(O)CO)c(C#N)c(-c3ccccc3)c2c1,0.0049504949711260005
NBZKIFBMZDGKHC-UHFFFAOYSA-N,NC(CC(=O)N1CCCC1C(=O)NCc1ccc(CC(=O)O)cc1)Cc1ccc(F)c(F)c1,0.084158413112163
JLSTVOPSMZBZSR-UHFFFAOYSA-N,COC(=O)N(NC(=O)c1c(OC)c(-c2ccccc2)nc2ccccc12)c1ccccc1,0.9108911156654351
VZHJJBFDOPZNIN-UHFFFAOYSA-N,CC(C)(CCCN1CCCC(c2cnco2)C1)S(=O)(=O)c1ccccc1,0.6534653306007381
QOPBRVUVSGSTDY-UHFFFAOYSA-N,CCCC[N+](CCCC)CC(O)c1cc(Cl)cc2c1-c1ccc(Cl)cc1C2=Cc1ccc(Cl)cc1,0.9554455280303951
SESNYPNPIJXNNP-UHFFFAOYSA-N,CCC(C)C(C(=O)O)N1CC(CN2CCC(c3cc(Cc4ccc(C(C)C)cc4)nn3CC)CC2)C(c2cccc(F)c2)C1,0.9059405922889711
NCDNCNXCDXHOMX-UHFFFAOYSA-N,CC(C)c1nc(CN(C)C(=O)NC(C(=O)NC(Cc2ccccc2)CC(O)C(Cc2ccccc2)NC(=O)OCc2cncs2)C(C)C)cs1,0.8036303520202631
CJPSOUOLAPMNQT-UHFFFAOYSA-N,COC(=O)c1[nH]c2cc(F)ccc2c1C1CNCCC1F,0.9306930899620051
QAGYKUNXZHXKMR-UHFFFAOYSA-N,Cc1c(O)cccc1C(=O)NC(CSc1ccccc1)C(O)CN1CC2CCCCC2CC1C(=O)NC(C)(C)C,0.421676099300384
CJPSOUOLAPMNQT-UHFFFAOYSA-N,COC(=O)c1[nH]c2cc(F)ccc2c1C1CNCCC1F,0.9306930899620051
PEUBMPVLEUTSNQ-UHFFFAOYSA-N,CC(C)C(N)C(=O)N1CC(c2cc(F)ccc2F)=CC1c1cccc(O)c1,0.935643553733825
JUCZGNXHCDAERA-UHFFFAOYSA-N,CC1CC(OC(C)c2cc(C(F)(F)F)cc(C(F)(F)F)c2)C(c2ccc(F)cc2)CC(=O)N1,0.9257425665855401
KJHKTHWMRKYKJE-UHFFFAOYSA-N,Cc1cccc(C)c1OCC(=O)NC(Cc1ccccc1)C(O)CC(Cc1ccccc1)NC(=O)C(C(C)C)N1CCCNC1=O,0.92079210281372
FDCWDCYSJSNMNL-UHFFFAOYSA-N,CC(C(O)c1ccc2c(c1)CCC(=O)N2)N1CCC(O)(c2ccc(F)cc2)CC1,1.0
DKIUFVFEAUCDLY-UHFFFAOYSA-N,COc1ccc(N2C(=O)C(Cc3cccc(OCCc4nc(-c5ccccc5)oc4C)c3)C2C(=O)O)cc1,0.217821776866912
ULGZDMOVFRHVEP-UHFFFAOYSA-N,CCC1OC(=O)C(C)C(OC2CC(C)(OC)C(O)C(C)O2)C(C)C(OC2OC(C)CC(N(C)C)C2O)C(C)(O)CC(C)C(=O)C(C)C(O)C1(C)O,0.0
DGVWICFSPMABCW-UHFFFAOYSA-N,COC(=O)N(NC(=O)c1c(CN2CCN(C(C)=O)CC2)c(-c2ccccc2)nc2ccccc12)c1ccccc1,0.8415841460227961
GWKWKOFCTIYRPP-UHFFFAOYSA-N,COC(=O)N(NC(=O)c1c(CN2CCN(C(C)C)CC2)c(-c2ccccc2)nc2c(F)cccc12)c1ccccc1,0.9405940771102901
KQNYTTDHCMFOME-UHFFFAOYSA-N,COC(=O)N(NC(=O)c1c(CN2CCN(C(C)(C)C)CC2)c(-c2ccccc2)nc2c(F)cccc12)c1ccccc1,0.927392721176147
XSLKCJFAEISGNN-UHFFFAOYSA-N,COC(=O)N(NC(=O)c1c(CN2CCN(C3(C)CCOCC3)CC2)c(-c2ccccc2)nc2c(F)cccc12)c1ccccc1,0.9405940771102901
OPNWBWOUADKLSR-UHFFFAOYSA-N,COC(=O)N(NC(=O)c1c(CN2CCN(C3CCOCC3)CC2)c(-c2ccccc2)nc2c(F)cccc12)c1ccccc1,0.9257425665855401
GEDVVWSAYINLFO-UHFFFAOYSA-N,O=S(=O)(c1ccc(C=Cc2ccc(F)cc2)nc1)c1cccc(F)c1,0.8613861203193661
HCQGGYRWBPHDIG-UHFFFAOYSA-N,O=S(=O)(c1ccc(C=Cc2ccc(F)cc2)nc1)c1ccccc1F,0.98514848947525
ANNXZFGXMGNRDN-UHFFFAOYSA-N,O=S(=O)(c1ccccc1)c1ccc(C=Cc2ccc(F)cc2)nc1,0.9257425665855401
AMJJFRAHQZYBJE-UHFFFAOYSA-N,O=S(=O)(c1ccc(C=Cc2ccccc2F)nc1)c1ccccc1F,0.9108911156654351
NHBSENMOHAEDAT-UHFFFAOYSA-N,O=S(=O)(c1ccc(C=Cc2cccc(F)c2)nc1)c1ccccc1F,0.9653465151786801
PNIRAOQLYCRNSM-UHFFFAOYSA-N,O=S(=O)(c1ccc(C=Cc2ccc(F)cc2F)nc1)c1ccccc1F,0.9653465151786801
OORCBDUKAGBPKM-UHFFFAOYSA-N,[O-][S+](c1ccc(C=Cc2ccc(F)cc2F)nc1)c1ccccc1F,0.775165021419525
VTXWSPAVKRKGBQ-UHFFFAOYSA-N,CC(OC1CCC(=O)NCC1c1ccc(F)cc1)c1cc(C(F)(F)F)cc(C(F)(F)F)c1,0.94554454088211
UTYSCDQCCAYENJ-UHFFFAOYSA-N,CC(OC1CCC(=O)N(C)CC1c1ccc(F)cc1)c1cc(C(F)(F)F)cc(C(F)(F)F)c1,0.9306930899620051
CNWUKDYFDDUVSI-UHFFFAOYSA-N,CC(OC1CCNC(=O)CC1c1ccc(F)cc1)c1cc(C(F)(F)F)cc(C(F)(F)F)c1,0.8539603948593141
DAARLFWXUXISRO-UHFFFAOYSA-N,CC(OC1CCN(C)C(=O)CC1c1ccc(F)cc1)c1cc(C(F)(F)F)cc(C(F)(F)F)c1,0.8844884634017941
SXNSKNFVWYYWIC-UHFFFAOYSA-N,CC(OC1CC(C)N(C)C(=O)CC1c1ccc(F)cc1)c1cc(C(F)(F)F)cc(C(F)(F)F)c1,0.8976897597312921
YFKDOMJVBVEBIG-UHFFFAOYSA-N,CC(OC1CCC(=O)NC(C)C1c1ccc(F)cc1)c1cc(C(F)(F)F)cc(C(F)(F)F)c1,0.9368811845779411
PRWFNQWPCVCDDH-UHFFFAOYSA-N,CC(OC1CCc2n[nH]c(=O)n2CC1c1ccc(F)cc1)c1cc(C(F)(F)F)cc(C(F)(F)F)c1,0.8910890817642211
ZWDMWDRBUJRBNX-UHFFFAOYSA-N,CC(OC1CCn2c(n[nH]c2=O)CC1c1ccc(F)cc1)c1cc(C(F)(F)F)cc(C(F)(F)F)c1,0.9237623810768121
OBKQMZCTGOCMFK-UHFFFAOYSA-N,N#Cc1ccc2cc1Oc1ccc3c(c1)C(CCO3)N1CCC(NCc3cncn3C2)C1=O,0.96089106798172
XOJGVMOCJXHBMM-UHFFFAOYSA-N,COCCOCC#Cc1cc(C2N=NC3=C2Cc2cc(CN4CCN(C)CC4)ccc23)cs1,0.9674682021141051
JVQVZNATXHVKNL-UHFFFAOYSA-N,C[N+]1CCCC(c2c(-c3ccccc3)[nH]c3ccccc23)C1,0.98514848947525
LDTUIPCDYVXKIB-UHFFFAOYSA-N,CCn1nc(Cc2ccc(OC(C)C)cc2)cc1C1CCN(CC2CN(C(C(=O)O)C(C)(C)C)CC2c2cccc(F)c2)CC1,0.9801980257034301
SDWJBJHQWZLCOE-UHFFFAOYSA-N,CC(=O)C1=NN2c3cc(F)ccc3OCC2C1(CCCN1CCC(=O)N(C)CC1)c1ccccc1,0.782178223133087
FZCVYOKVSXZELZ-UHFFFAOYSA-N,COC(=O)Cc1ccc(CNC(=O)C2CSCN2C(=O)CC(N)Cc2ccccc2F)cc1,0.856435656547546
XNOGDHYDNAIZRZ-UHFFFAOYSA-N,OC1CC(CN2CCC(c3ccccc3)CC2)CCc2cccnc21,0.121287129819393
UHGHALWOVVUXKD-UHFFFAOYSA-N,CCC(=O)C(CC(C)[N+](C)C)(c1ccccc1)c1ccccc1,0.889203190803527
GKMOQWBWMMGWKN-UHFFFAOYSA-N,CC(C)C(Oc1ccc(CNC(=O)C2CSCN2C(=O)CC(N)Cc2cc(F)ccc2F)cc1)C(=O)O,0.12871287763118702
KXKRZHKEPHLIGJ-UHFFFAOYSA-M,CC1COc2c(N3CC[N+](C)CC3)c(F)cc3c(=O)c(C(=O)[O-])cn1c23,0.014851485379040002
GSDSWSVVBLHKDQ-UHFFFAOYSA-N,CC1COc2c(N3CCN(C)CC3)c(F)cc3c(=O)c(C(=O)O)cn1c23,0.0
XJDGQHCPKBYDFF-UHFFFAOYSA-N,O=C([O-])C1=C[N+](C2CC2)=C2C=C(N3CCNCC3)C(F)=CC2C1=O,0.09900990128517101
