key,input,activity10
RAEDEZWVLQSYAR-CLFYSBASSA-N,[O-]/[N+](=N\OCCl)N1CCOCC1,0.34282178217821785
UTXDPIGHIUIJIS-UHFFFAOYSA-N,CC(CN)c1cnc[nH]1,0.1831683168316832
ODJQKYXPKWQWNK-UHFFFAOYSA-N,O=C(O)CCSCCC(=O)O,0.034653465346534656
BWUFFNRDKQQEQQ-GDVGLLTNSA-N,CC1SC(=O)[C@@H]2CCCN2C1=O,0.22442244224422445
RSXWJXPKLRYMHW-UHFFFAOYSA-N,Cc1nc([N+](=O)[O-])cn1CCO,0.1364922206506365
JWOSTXBESVWMJW-UHFFFAOYSA-N,NS(=O)(=O)OC1CCCCC1,0.21287128712871287
RMIPQHUGPXYCNJ-UHFFFAOYSA-N,Sc1nc(-c2cnccn2)no1,0.26402640264026406
HJJPJSXJAXAIPN-UHFFFAOYSA-N,COC(=O)C1=CCCN(C)C1,0.03712871287128713
UIIIBRHUICCMAI-UHFFFAOYSA-N,C=CCS(=O)(=O)O,0.12326732673267327
BVBHLUPLDQQCEO-UHFFFAOYSA-N,CC(Cn1ncccc1=O)C(=N)S,0.10066006600660067
ZZKQYXZXRHAHKH-UHFFFAOYSA-N,O=C(O)CNC1=NCCCCC1,0.15016501650165015
VHKABBARGFUYOF-UHFFFAOYSA-N,O=Cc1ccc2c(c1)NC(=O)CO2,0.2273102310231023
PBMRQWSDPALSGJ-RXMQYKEDSA-N,C=C1C[C@@H]1CC(N)=O,0.07574257425742574
ZHTYLJBFAGOFTI-UHFFFAOYSA-N,Cc1[nH]cc(CO)c(=O)c1O,0.11476897689768976
POAJZJIIPONBQZ-UHFFFAOYSA-N,CSCc1cc(C(=O)O)[nH]n1,0.0594059405940594
TWORTZAXDSRCIT-OCAPTIKFSA-N,OCC[C@]1(O)CC[C@@H](O)CC1,0.1782178217821782
XIELUBTUPNHUBE-QPJJXVBHSA-N,C/[N+]([O-])=C\c1ccc([N+](=O)[O-])o1,0.15973597359735972
YEKJABDQUZLZOA-UHFFFAOYSA-N,CNC(=O)C(N)c1ccccc1,0.09694719471947195
CDUXWOGEFLHLAE-UHFFFAOYSA-N,CC(C)(C)C(=O)NC#N,0.0726897689768977
BMDACKAPJVTQEU-UHFFFAOYSA-N,CC(C)CCc1n[nH]c(=O)o1,0.31902404526166905
VETJNXLHVDPVOS-UHFFFAOYSA-N,O=C(O)c1cccc(OCCO)c1,0.12747524752475248
WPOFILKHBZCUBY-UHFFFAOYSA-N,CCC(c1c[nH]cn1)C(N)C(=O)OC,0.11179867986798679
DFMICROCHBNKJA-UHFFFAOYSA-N,CCCc1c(C(N)C(=O)O)cnn1O,0.17326732673267325
HBROZNQEVUILML-UHFFFAOYSA-N,O=C(NO)c1ccccc1O,0.0264026402640264
DJSJGNSOMVFVLJ-UHFFFAOYSA-N,Cc1ccc(NC(=N)NCCO)nc1,0.15965346534653466
GGIDWPFJFKVALD-UHFFFAOYSA-N,CCOC(=O)ON1C(=O)CCC1=O,0.12656765676567658
OJYQADLIYHRBEX-YRNVUSSQSA-N,CN(C)/C=N/NC(=O)c1ccncc1,0.22235973597359734
PREXGTBZMLDXHV-UHFFFAOYSA-N,O=NN1CCCCO1,0.3048679867986799
JFPOJFNCLXTSOD-UHFFFAOYSA-N,O=P(O)(O)Cc1ccncn1,0.12219471947194718
NKWCGTOZTHZDHB-UHFFFAOYSA-N,O=C(O)c1c[nH]cn1,0.06435643564356436
BABNDIHHFOPOOI-UHFFFAOYSA-N,Nc1cc(=O)[nH]c2c1CCC2,0.16336633663366337
ZWWMMGWARKFOJP-ZJUUUORDSA-N,CC(C)C(=O)N1C[C@H]2CCCN[C@H]2C1,0.12541254125412543
YBWLIIDAKFNRBL-UHFFFAOYSA-N,CC(=O)SCCN,0.05132013201320131
WWUXRAWFAFPGPY-UHFFFAOYSA-N,CC(=O)c1cnc2nc(C)nn2c1C,0.21782178217821782
NHYQQYMSESLQDX-UHFFFAOYSA-N,N#Cc1ncnc2[nH]cnc12,0.15759075907590758
OYWFPLMLVSSSLE-UHFFFAOYSA-N,COc1ncnc2c1NC(=O)CS2,0.26485148514851486
DMOYBIUAWCVPLF-UHFFFAOYSA-N,CC1(C)CC(=O)C(=[N+]=[N-])C(=O)C1,0.1943069306930693
PBQZQTQFQFYBNJ-UHFFFAOYSA-N,CONC(=O)c1ccccc1,0.0655940594059406
UPMLHDQEUSGTQG-PHIMTYICSA-N,CCN1C[C@H]2C[C@@H](C1)CN(C(C)=O)C2,0.2516501650165016
DOYOPBSXEIZLRE-UHFFFAOYSA-N,O=C(O)c1cc[nH]c1,0.024752475247524754
JSXCAZOHVKHONY-UHFFFAOYSA-N,Cc1cc(C)n2ncc(N)c2n1,0.10808580858085808
WXDSVKZIHNLBES-UHFFFAOYSA-N,COC(=O)CCC(=O)N1CC1C,0.037953795379537955
ULBUASDTRNVFPH-UHFFFAOYSA-N,CN(C)C(=O)c1cnn2c1OCCC2,0.30610561056105606
KZEYOZKGIDUZLU-QLNVLWNGSA-N,CC(=O)/C=C/C(=C/[C@H](C)O)CO,0.17920792079207923
DZLFRQHFFVRYEE-UHFFFAOYSA-N,NNC(=O)c1cc2ccccc2[nH]1,0.17202970297029702
UAXMDBXWWFRSAK-YMVPXFTJSA-N,C[C@H]1C[C@@H]2OC(=O)[C@@H]3C(=O)OC[C@H]1[C@@H]32,0.13283828382838284
QCKRAMDNVJZRBF-UHFFFAOYSA-N,O=C1CC(c2ccccc2)NCN1,0.2194719471947195
QVBXPYTXSYFPBC-RNFRBKRXSA-N,CNC(=O)OC[C@H]1C[C@H]1N(C)C,0.10504479019330502
ZIIBGHUPSHQDEW-UHFFFAOYSA-N,CCn1c(C)cc(O)cc1=O,0.11757425742574257
RQFRQMMYBMWQBM-UXBLZVDNSA-N,CO/N=C/C1CN2CCC1CC2,0.5957095709570956
BERUOTKXCOOJJM-DUXPYHPUSA-N,C/C(=C\C(=O)O)CO,0.05049504950495049
IKPHLXTZBLLGCG-UHFFFAOYSA-N,O=C1c2ccccc2C(=O)c2[nH]nnc21,0.26435643564356437
RBCVXENZZZVCFS-UHFFFAOYSA-N,CNC(=S)NNC(=O)C(C)(C)C,0.12310231023102311
MDGKXYUMSAQTPL-UHFFFAOYSA-N,CON1C(=O)CC2(CCCC2)C1=O,0.18481848184818483
GXHXWYPFYXTSRC-UHFFFAOYSA-N,Cc1nn(C)c2c1sc1nncn12,0.30586987270155586
RYMYQAMZUWJAEO-UHFFFAOYSA-N,NS(=O)(=O)c1cc2ccccc2[nH]1,0.22623762376237624
JBMBVWROWJGFMG-UHFFFAOYSA-N,Clc1ncc2[nH]cnc2n1,0.21287128712871287
OCWIPIMYSTWDJI-UHFFFAOYSA-N,O=C(NO)c1ncccc1Cl,0.07095709570957096
KMOUUZVZFBCRAM-UHFFFAOYSA-N,O=C1OC(=O)C2CC=CCC12,0.11839933993399339
PZOIEPPCQPZUAP-UHFFFAOYSA-N,CCCCC(O)CN,0.20618811881188118
BHTZCIGVYSJBQB-UHFFFAOYSA-N,CC(=O)c1cc[nH]n1,0.06641914191419143
WAFDOCQYHNCLIC-UHFFFAOYSA-N,COCc1nnc(NC(C)=O)s1,0.20115511551155116
WLECPZJERMBRKY-UHFFFAOYSA-N,CCCCP(=O)(O)CC(O)CN,0.24752475247524752
ZJVBKUCVYUDUHK-SNAWJCMRSA-N,COC(=O)/C=C/C1=CN(C)CN1C,0.1485148514851485
CWXYHOHYCJXYFQ-UHFFFAOYSA-N,O=C(O)CCNC(=O)c1ccccc1,0.039603960396039604
WPZGDMHEBVYNLZ-VMPITWQZSA-N,CS(=O)(=O)/C(C#N)=C/c1ccc[nH]1,0.2107260726072607
DVOSRLSVEOCANS-UHFFFAOYSA-N,O=[N+]([O-])OCCCCCO,0.3056341348420557
ZJGXLWXYCZGAJX-UHFFFAOYSA-N,NC1=NC2(CCCO2)CCS1,0.38506600660066015
JYLRGSILCSWRSY-UHFFFAOYSA-N,Cc1n[nH]c(NCCO)c1[N+](=O)[O-],0.19389438943894388
HQTYIRUSJRQGBS-UHFFFAOYSA-N,O=C1COC2(CCNCC2)C1,0.24785478547854786
ZAKLKBFCSHJIRI-UHFFFAOYSA-N,O=C1OC(O)C(Cl)=C1Cl,0.11105610561056103
GOIFAGYTACLHFG-UHFFFAOYSA-O,C[n+]1ccc(/C=N/O)c(F)c1,0.1363036303630363
YHUAHVPZGNXPMS-UHFFFAOYSA-N,CCc1c(O)c(=O)ccn1C,0.11831683168316831
FGVVTMRZYROCTH-UHFFFAOYSA-N,[O-][n+]1ccccc1S,0.22880716643092883
GBQQIMAKWFXDDK-UHFFFAOYSA-N,Cc1ncn2c(=O)[nH]ncc12,0.165016501650165
PGRHXDWITVMQBC-UHFFFAOYSA-N,CC(=O)C1C(=O)C=C(C)OC1=O,0.04579207920792079
CIKRUXXVSDQFHD-UHFFFAOYSA-N,O=C1C=C(C2CC=CCO2)C(O)O1,0.08333333333333333
HIZMOSZXHSNYFG-UHFFFAOYSA-N,CC1=C(CO)C(C)(C)CC(=O)C1O,0.09752475247524753
NBPIKJMMYBAHGS-UHFFFAOYSA-N,Cc1cc(C(=O)NCC(=O)O)c(C)o1,0.08580858085808582
OIDIRWZVUWCCCO-UHFFFAOYSA-N,CC[n+]1ccccc1,0.1056105610561056
HANLPTNWOHPPBT-UHFFFAOYSA-N,CC(C)C(CO)CC(=O)O,0.09028760018859028
VUERQRKTYBIULR-UHFFFAOYSA-N,CCO[PH](=O)O,0.07623762376237625
FBSFWRHWHYMIOG-UHFFFAOYSA-N,COC(=O)c1cc(O)c(O)c(O)c1,0.1188118811881188
ALYNCZNDIQEVRV-UHFFFAOYSA-N,Nc1ccc(C(=O)O)cc1,0.019801980198019802
MNWYXJXDGKCBFV-UHFFFAOYSA-N,Nc1nc(-c2cnccn2)ns1,0.11386138613861387
NWARLDNUDONSGV-UHFFFAOYSA-N,Cc1cc(Cl)nc(NCCN)n1,0.27722772277227725
KLYZILOJVQMYSK-UHFFFAOYSA-N,COc1ccc(OC)c(C(N)=O)c1,0.165016501650165
RJNJWHFSKNJCTB-UHFFFAOYSA-N,NC(=O)NCc1ccccc1,0.17120462046204618
RUMORPMPZWAZOZ-UHFFFAOYSA-N,O=C1C=CC(NC(=O)CCl)C1,0.09166666666666667
SRCBMONTDYZTOB-UHFFFAOYSA-N,CCN(COC)N=O,0.26320132013201325
GGYVTHJIUNGKFZ-UHFFFAOYSA-N,CN1CCCCC1=O,0.20627062706270627
JFUVIRBIEGGGAV-XBXARRHUSA-N,Nc1nnnn1/N=C/c1cccs1,0.15841584158415842
PZKWQLXWCWIRGV-ZCFIWIBFSA-N,CCNC(=O)N[C@H](CC)CO,0.16553512494106554
VQPCEYJOGDXUFW-FXBDTBDDSA-N,C[C@H]1CCC[C@]2(O[C@@H](O)C=CC2=O)O1,0.18003300330033004
QHOOUEYCLVTBPU-UHFFFAOYSA-O,CC[N+](C)(C)CC(=O)O,0.046723243752946717
UVSNFZAOYHOOJO-UHFFFAOYSA-N,Oc1ccc2[nH]nnc2c1,0.08622112211221121
KAJYCRNJJRQNMU-WEVVVXLNSA-N,O=C(NO)N/N=C/c1ccccc1O,0.12541254125412543
NAAZXRDKBDXLMS-UHFFFAOYSA-N,CC(=O)Nc1ccncc1N,0.0891089108910891
FRGRBTVTBPOAIY-UHFFFAOYSA-N,O=C(NCCCl)SCCO,0.13052805280528051
LWRZENUXXSTRBD-UHFFFAOYSA-N,CNC(C(=O)O)c1c(C)o[nH]c1=O,0.02599009900990099
QEZPUQMNWKYVDS-UHFFFAOYSA-N,O=Cc1ccc(OCC(O)CO)cc1,0.20462046204620463
ULXKXLZEOGLCRJ-UHFFFAOYSA-N,CCSCC(N)C(=O)O,0.04966996699669967
OTVCGIWBAYNHOW-UHFFFAOYSA-N,CNC(=O)c1cccc(C(=O)NO)c1,0.11056105610561057
LCTPUJDUSKCUMZ-YUMQZZPRSA-N,C[C@H]1CC2(CC[C@@H]1O)OCCO2,0.2079207920792079
DTIFFHAURKBXJT-LURJTMIESA-N,FCc1cc(OC[C@@H]2CCN2)on1,0.4682343234323432
IKJDIDUPEGBVKA-UHFFFAOYSA-N,O=c1[nH]c2ncccc2cc1O,0.09405940594059406
OECTYKWYRCHAKR-UHFFFAOYSA-N,C1CC2OC2CC1C1CO1,0.5783828382838283
DCDBUDNURLZBED-POYBYMJQSA-N,NC[C@@H]1C=C[C@H](c2c[nH]cn2)O1,0.21782178217821782
OIRDBPQYVWXNSJ-UHFFFAOYSA-N,COS(=O)(=O)C(F)(F)F,0.13366336633663367
VFSOLOWNRZXMRH-UHFFFAOYSA-N,O=C(Cc1cccc(F)c1)NO,0.13696369636963696
SJDAOFMYBGFPOF-BJMVGYQFSA-N,O/N=C/c1nc(-c2ccncc2)no1,0.22524752475247525
XKXCGXSHUNVFCT-UHFFFAOYSA-N,N/C(=N\O)c1ccccn1,0.10726072607260725
BGKUWZFWNZFRMO-UHFFFAOYSA-N,NCC#Cc1cccnc1,0.10247524752475247
BZZIJKWURTYMLH-UHFFFAOYSA-N,CN(C)C1=CC(=O)C(N(C)C)=CC1=O,0.1424092409240924
YYZCEOGYVYXDPC-BJMVGYQFSA-N,C/C(=N\NC(N)=S)c1ccc[nH]1,0.12805280528052806
DVKSJLWFAOFXDM-ONEGZZNKSA-N,O=C(O)/C=C/C(=O)Nc1cccnc1,0.0594059405940594
YXLPJEYGHOYBND-UHFFFAOYSA-N,COc1cccc(N2CCC(=O)N2)c1,0.3254950495049505
CXOGMMQKRNROKJ-UHFFFAOYSA-N,O=c1cccc2n1CC1CNCC21,0.3102310231023102
DOPJTDJKZNWLRB-UHFFFAOYSA-N,Nc1ccc([N+](=O)[O-])cc1O,0.06204620462046204
NHTGHBARYWONDQ-JTQLQIEISA-N,C[C@](N)(Cc1ccc(O)cc1)C(=O)O,0.1485148514851485
WUJKUDYOBOSPIE-UHFFFAOYSA-N,CCOC(=O)C(C(=O)NO)C(C)C,0.09818481848184818
ZKBWTTJXLBXQBL-RUDMXATFSA-N,Cc1ccc(/C=N/n2nnnc2N)o1,0.3910891089108911
MGNRYCZKSOWXIP-UHFFFAOYSA-N,NCC1CC(=O)CC(=O)C1,0.15181518151815182
CAHPJJJZLQXPKS-JTQLQIEISA-N,C[C@](N)(Cc1cccc(O)c1)C(=O)O,0.15841584158415842
WDMDEGIRDMDAFZ-FWPZAIACSA-N,C=CC1C[C@H](N)[C@H](C(=O)O)C1,0.13597359735973596
UVHFUQYTPWWZFB-UUFMJPOISA-N,CO/N=C(\C)[C@H]1CN2CC[C@H]1C2,0.22937293729372935
BXTYDNLOFHBZFS-UHFFFAOYSA-N,COC(=O)C(Br)CF,0.05925271098538426
ZMNVGQRKZUGOQF-BYPYZUCNSA-N,CSC(=S)N[C@H]1CCOC1=O,0.12508250825082506
NQEWXLVDAVTOHM-UHFFFAOYSA-N,NNC(=O)c1cccc([N+](=O)[O-])c1,0.15511551155115513
CVVDYLXTNDBWJC-UHFFFAOYSA-N,NC1CC=C(C(=O)O)C1,0.039603960396039604
VBIWTALYKCUJQJ-UHFFFAOYSA-N,N=C(N)N1CCc2ccccc21,0.1827557755775578
CORPZWBVJRCLMW-UHFFFAOYSA-N,NCCCc1cccnc1,0.44554455445544555
KTEPQLOOQDLKHF-BQBZGAKWSA-N,C[C@H]1CNC[C@@H]1c1c[nH]cn1,0.19257425742574258
FCBGYAWEDJSZGV-UWVGGRQHSA-N,N[C@H]1Cc2ccccc2C[C@H](O)C1=O,0.1782178217821782
NSZLSZUYGCHLLY-UHFFFAOYSA-N,O=c1[nH]cnc2c1N1CCC2CC1,0.4752475247524752
OVOOMKQEFDAYTF-UHFFFAOYSA-N,Cc1cc(C)nc(NCCC(=O)O)n1,0.13861386138613863
NOIRTYMOEFHJRM-UHFFFAOYSA-N,COCN1C(=O)c2ccccc2C1=O,0.24092409240924095
CGJMVNVWQHPASW-UHFFFAOYSA-N,NC(=O)c1cnc2ccccc2n1,0.09158415841584158
JVMUEYFSUCQOKO-UHFFFAOYSA-N,NCCCNCCCCN1CC1,0.5415841584158416
UBZIRRGOXVDJQB-UHFFFAOYSA-N,OC1c2ccccc2C(O)C2OC12,0.14356435643564355
ZNQFZPCFVNOXJQ-UHFFFAOYSA-N,CC(=O)N(C)C(C)=O,0.02103960396039604
ATFRCSUHHNRRLZ-UHFFFAOYSA-N,CNc1ncnn2cccc12,0.2871287128712871
IOWZFEODXQZVRF-VNKDHWASSA-N,CC/C=C/C=C/OCC(O)CO,0.1878123526638378
XVHNGLQDZFUCKO-UHFFFAOYSA-N,O=c1[nH]ccc2cnccc12,0.1608910891089109
XEEYSDHEOQHCDA-UHFFFAOYSA-N,C=C(C)CS(=O)(=O)O,0.029950495049504953
IHDSFYHRZSBSGS-UHFFFAOYSA-N,NC(C(=O)O)C1CC2C=CC1C2,0.10726072607260727
FWNNQQDQXAMXMK-UHFFFAOYSA-N,CC(N)Cc1cc(O)c(O)cc1O,0.0801980198019802
UEGOHPVSKUDFJE-UHFFFAOYSA-N,NCCc1c[nH]c(C(F)(F)F)n1,0.38613861386138615
CFHPNABTZSOBQJ-UHFFFAOYSA-N,Cc1cccc(NC(=N)N=C(N)N)c1,0.16971947194719472
JVGVDSSUAVXRDY-QMMMGPOBSA-N,O=C(O)[C@@H](O)Cc1ccc(O)cc1,0.048679867986798686
XMBWDFGMSWQBCA-AHCXROLUSA-N,[123IH],0.024752475247524754
RMRXSWXCXDHSBA-UHFFFAOYSA-N,NCCc1nc[nH]c1Cl,0.31435643564356436
DVLGIQNHKLWSRU-UHFFFAOYSA-N,COC(=O)c1c[nH]cn1,0.0655940594059406
CXDZNCNRYCJVBG-UHFFFAOYSA-N,CC(N)P(=O)(O)CCC(=O)O,0.05627062706270627
ZAKAONRTRWRIJT-UHFFFAOYSA-N,CCOC(=N)CC(=O)OCC,0.142020273455917
ZPIAUDCRBBFYAR-UHFFFAOYSA-N,N=C(N)Nc1ccc(NC(=N)N)cc1,0.08168316831683169
YZGQDNOIGFBYKF-UHFFFAOYSA-N,CCOCC(=O)O,0.05538661008958038
FJHZBXIXOWMDDQ-WZUFQYTHSA-N,N#C/C(=N/NC(=N)N)c1cccs1,0.14249174917491747
CGQCWMIAEPEHNQ-QMMMGPOBSA-N,COc1cc([C@H](O)C(=O)O)ccc1O,0.0627062706270627
DTQHBGFFKQIZOV-NSCUHMNNSA-N,Cn1ncc(/C=C/C#N)cc1=O,0.2194719471947195
HQPMZDTTZSLKKL-UHFFFAOYSA-N,C/N=C(\S)c1nccnc1N,0.1363036303630363
UVOPIJQQMRLUAD-UHFFFAOYSA-N,Cc1[nH]ccc(=O)c1O,0.0900990099009901
AXFYFNCPONWUHW-UHFFFAOYSA-N,CC(C)(O)CC(=O)O,0.06617161716171617
OCQICQZUUHJWGZ-BYPYZUCNSA-N,CC1(C)N[C@H](C(=O)O)CS1,0.12722772277227723
GNOIPBMMFNIUFM-UHFFFAOYSA-N,CN(C)P(=O)(N(C)C)N(C)C,0.10610561056105612
GWXABUXUVQEBBW-UHFFFAOYSA-N,OC1Cc2ccccc2N1,0.18564356435643564
ZKMZPXWMMSBLNO-UHFFFAOYSA-N,O=C1CN2CCC1CC2,0.49876237623762376
CBAZYOHUXOJCOD-UHFFFAOYSA-N,CCOc1noc2c1CCNCC2,0.4183168316831683
QNAMAHPSRMVTQM-UHFFFAOYSA-N,CCCCc1cc(-c2nnn[nH]2)n[nH]1,0.47689768976897695
VBOYONXEJMSAAT-UHFFFAOYSA-N,CC1=C(CO)C(=O)CC1,0.08795379537953794
PHOJOSOUIAQEDH-UHFFFAOYSA-N,O=C(O)CCCCO,0.0902876001885903
JYVXNLLUYHCIIH-ZCFIWIBFSA-N,C[C@@]1(O)CCOC(=O)C1,0.1061056105610561
NQIDIIMAHJAXGD-UHFFFAOYSA-N,O=C(O)Cc1ccc(O)c(C(=O)O)c1,0.0952970297029703
IVDFJHOHABJVEH-UHFFFAOYSA-N,CC(C)(O)C(C)(C)O,0.18110561056105612
OIADDWVYJUDTDW-UHFFFAOYSA-N,CC1=NN2C(=O)CC(=O)N=C2S1,0.1547029702970297
FCVQWDOQFWTHET-YFHOEESVSA-N,NC(=O)/C(=N\O)c1ccccc1,0.15841584158415842
WGKWTPLXGGHZAR-UHFFFAOYSA-N,CC(C[PH](=O)C(C)N)C(=O)O,0.056270627062706274
WYAUHKUSKIIGEI-UHFFFAOYSA-N,N#CSCC(=O)O,0.09834983498349835
WDAATBIZVHOPMI-UHFFFAOYSA-N,COc1ccc(O)c(CCN)c1,0.25742574257425743
JYSWEDYPQJOEPO-UHFFFAOYSA-N,Cc1cc(C)n(CC(=O)O)n1,0.10891089108910891
JRHIBAUUJNOAAB-UHFFFAOYSA-N,Cc1cccnc1CC(O)C(=O)O,0.08168316831683169
AAPGLCCSVSGLFH-UHFFFAOYSA-N,O=C1CCNC(=O)c2[nH]ccc21,0.20214521452145215
INSWZAQOISIYDT-UHFFFAOYSA-N,c1cnc2nccn2c1,0.1188118811881188
BFOLTCOQDQOJOY-UHFFFAOYSA-N,CCCNCP(=O)(O)CN,0.23077557755775577
UJBOAPQQVIKFHR-UHFFFAOYSA-N,CC(C)C(=O)CP(=O)(O)O,0.10115511551155114
TYFNBAWXKVCFMT-UHFFFAOYSA-N,NCC(O)c1ccc(O)c(F)c1,0.08102310231023102
LLXJPNQWAGNDDN-UHFFFAOYSA-N,Nc1ccc2c(c1)CNC(=O)C2,0.2524752475247525
LNHURPJLTHSVMU-UHFFFAOYSA-N,ON=C1C=CC(=NO)C=C1,0.056270627062706274
OLNZOLAKUZHHFC-WDSKDSINSA-N,CCOC(=O)N[C@H]1CC[C@@H]1N,0.10793257897218292
AZQFNDSMVBYRQK-UHFFFAOYSA-N,CN(N)CC(O)c1ccccc1,0.12169966996699672
UNDFYAIFIIFDIC-ZETCQYMHSA-N,CC(C)C[C@@H]1NCCNC1=O,0.20544554455445543
SRHWTZAMPFLHAX-IZZDOVSWSA-N,C/C(=N\NC(N)=S)c1ccncc1,0.18844884488448843
JQBCKRZQAMELAD-UHFFFAOYSA-N,O=C1CCCN1O,0.10346534653465346
LPJCMSSFNLGRJD-UHFFFAOYSA-N,CC(C)SCCNCCN,0.35148514851485146
DFEMJYIRAXUQQB-UHFFFAOYSA-N,CCC1CCOC1=O,0.21493399339933997
KFORAYOQBPRFHN-UHFFFAOYSA-N,CCc1cc(CN)c(O)c(CN)c1,0.14603960396039603
MFIALBVUWLNEGU-UHFFFAOYSA-N,O=c1[nH]c2cnccc2cc1O,0.12211221122112212
PFTRYAJJOLIQIG-UHFFFAOYSA-N,CC(NO)C(C)(C)NO,0.10140264026402639
ZAJAQTYSTDTMCU-UHFFFAOYSA-N,Nc1cccc(S(=O)(=O)O)c1,0.13861386138613863
IIGUXNQRQSATOU-UHFFFAOYSA-N,CCOC(=O)CN(C)N=O,0.1598184818481848
HIBIJRSNVYGSBA-UHFFFAOYSA-N,N#Cc1ncn2ccc(=O)[nH]c12,0.23143564356435645
RDFMDVXONNIGBC-LURJTMIESA-N,CCCCC[C@H](N)C(=O)O,0.18646864686468645
GUCPYIYFQVTFSI-UHFFFAOYSA-N,COc1ccc(C(N)=O)cc1,0.2079207920792079
FEPALPYILGLEJX-UHFFFAOYSA-N,CC(Oc1ccccc1F)C(=O)NN,0.1591230551626591
JUVSRZCUMWZBFK-UHFFFAOYSA-N,Cc1ccc(N(CCO)CCO)cc1,0.3292079207920792
MQVYDIFXDZQMRX-UHFFFAOYSA-N,Cc1nonc1CN(C)C,0.22772277227722773
QSTZQJMQOOWRNP-UHFFFAOYSA-N,COC(=O)c1cc[n+](C)cc1,0.06435643564356436
TUGSJNQAIMFEDY-UHFFFAOYSA-N,COC(=O)c1ccc(C(=O)OC)nc1,0.12706270627062705
TXRCHGMTTXKTPE-NTSWFWBYSA-N,CCC[C@@H](O)[C@H](C)N,0.10412541254125414
VJYCHPGHOKIDDH-UHFFFAOYSA-N,Nc1nc(CCC(=O)O)cs1,0.15841584158415842
YLVVAWCDANPADI-UHFFFAOYSA-N,O=C1CN2Cc3ccccc3N=C2N1,0.2995049504950495
JYJGRWODSHEFGY-UHFFFAOYSA-N,BrC1NC=CN1,0.17986798679867985
CFMZSMGAMPBRBE-UHFFFAOYSA-N,O=C1c2ccccc2C(=O)N1O,0.1608910891089109
BAEFCXUMOHTMRJ-UHFFFAOYSA-N,CC12C3C4C1C1C2C3C41CO,0.12846534653465344
CBOPDFIRBQHXIG-LUAWRHEFSA-N,CO/N=C(/C#N)C1=CCCN(C)C1,0.17013201320132013
HFLDFQPTMPEWII-UHFFFAOYSA-N,CC(C)c1noc(C2CN=CNC2)n1,0.29455445544554454
YALMGFWDBZZMMB-UHFFFAOYSA-N,CN(C)CCCNCCC#N,0.5792079207920792
PYEQXZOIQJWYAH-UHFFFAOYSA-N,O=C1C=CC(=O)C(Br)=C1,0.1051980198019802
PERFWRNKWQXMCO-UHFFFAOYSA-N,CC(C)n1cc2c(N)ncnc2n1,0.1443894389438944
KHEBQHMBQSIODT-UHFFFAOYSA-N,CNc1nccn2ccnc12,0.15346534653465346
YAUZNKLMKRQDAM-UHFFFAOYSA-O,CNC(=O)OCC[N+](C)(C)C,0.12850070721357848
RXBROZSQDAUFHD-UHFFFAOYSA-N,CC12C(=O)OC(=O)C1(C)C1C=CC2O1,0.15346534653465346
NIHBOFIECFLYQB-UHFFFAOYSA-N,CC1CCN(CCCN=C(N)N)CC1,0.4207920792079208
JUVQJNOEIVXUFQ-UHFFFAOYSA-N,Cc1nnc(NC2=NCCC2)o1,0.2590759075907591
MLAOOSRHRBRHIZ-UHFFFAOYSA-N,Cn1ccc(=O)c(O)c1F,0.077007700770077
NRUOPZCNSMPDPG-YFKPBYRVSA-N,C[C@H](N)C(=S)N1CCSC1,0.05825082508250826
ABSNGNUGFQIDDO-UHFFFAOYSA-N,N=C(N)NCc1ccccc1,0.14645214521452143
GWZMWHWAWHPNHN-UHFFFAOYSA-N,C=CC(=O)OCC(C)O,0.10247524752475247
HPKKEDGOBIXMHS-UHFFFAOYSA-N,COc1cccc(CC(N)=O)c1,0.15181518151815182
KSBBJKNYPGSRAM-UHFFFAOYSA-N,CC(=O)Nc1nnc2n1CCS2,0.16204620462046204
WPUARJMRQQUYAY-UHFFFAOYSA-N,COCC1Cn2cc([N+](=O)[O-])nc2O1,0.15346534653465346
KLYVTOHAEIIQEP-UHFFFAOYSA-N,CC(C)(CO)SC1CC(=O)N1,0.14026402640264024
DQLYTFPAEVJTFM-ZETCQYMHSA-N,N[C@H](C(=O)O)c1cccc(O)c1,0.07673267326732673
WADZRHBGMFVDKY-UHFFFAOYSA-N,COC(=O)Nc1ccncc1N,0.06930693069306931
YQGNRERLSAOKJL-UHFFFAOYSA-N,CCOC(=O)CC(=O)Nc1cc[nH]n1,0.13358085808580858
GUOVBFFLXKJFEE-UHFFFAOYSA-N,O=C(O)c1ccc2[nH]nnc2c1,0.07425742574257425
NSTPXGARCQOSAU-UHFFFAOYSA-N,O=CNC(Cc1ccccc1)C(=O)O,0.08292079207920793
FJNCPBNCTRDXFB-UHFFFAOYSA-N,CCCCN(N=O)C(=N)N[N+](=O)[O-],0.19389438943894388
JUTHHQRVOOOAQP-RNFRBKRXSA-N,O=C1COC[C@H]2OCCC[C@H]2O1,0.40181518151815176
ZLPVUISIXREHMY-NSCUHMNNSA-N,C/C=C/OC(=O)C1CN=CNC1,0.14207920792079207
GOVNVPJYMDJYSR-UHFFFAOYSA-N,CC(=O)OCCCC(=O)O,0.0622937293729373
KVSRWNPBUMDYOQ-RITPCOANSA-N,COC(=O)[C@@H]1[C@@H](C=O)C1(C)C,0.15726072607260724
FTBBGQKRYUTLMP-UHFFFAOYSA-N,O=[N+]([O-])c1ccc[nH]1,0.15841584158415842
SNQQJEJPJMXYTR-UHFFFAOYSA-N,COC(=O)c1cccc(C(=O)OC)n1,0.0825082508250825
XJFIKRXIJXAJGH-UHFFFAOYSA-N,O=c1[nH]c2ccc(Cl)nc2[nH]1,0.24257425742574257
WXNXCEHXYPACJF-UHFFFAOYSA-N,CC(=O)NC(CC(C)C)C(=O)O,0.036716171617161716
LPBZKHDAKWWKDV-UHFFFAOYSA-N,Cc1nc2sccn2c1C(=O)NN,0.12128712871287128
DKSPRNJUDCWTID-UHFFFAOYSA-N,C1c2c(-c3nnn[nH]3)n[nH]c2C2CC12,0.23635077793493633
FVCKLOGYXTZIAN-NSCUHMNNSA-N,C/C=C/C#COC(=O)C1CN=CNC1,0.19323432343234323
ULDDTFAPYWLDGF-UHFFFAOYSA-N,CCCCN/C(N)=N/O,0.2145214521452145
HKOOXMFOFWEVGF-UHFFFAOYSA-N,NNc1ccccc1,0.11666666666666667
YBSZXIUKDXSGSC-UHFFFAOYSA-N,Cc1cc(C)[n+]2nc(C)n(C)c2n1,0.32517680339462524
PQJZHMCWDKOPQG-UHFFFAOYSA-N,O=C(O)C(=O)Nc1ccccc1,0.04950495049504951
QPLOLKZREQUJTC-UHFFFAOYSA-N,Cc1ncn2c(N(C)C)nncc12,0.3077557755775578
LYHHOFKJUMPEBV-UHFFFAOYSA-N,Cc1cc(=O)[nH]c(C2CCCNC2)n1,0.37087458745874585
NBGMCAGDMQPEBF-UHFFFAOYSA-N,Cc1nc2nc(N)nc(N)c2nc1C,0.10396039603960396
VTMATBHAKYANPP-UHFFFAOYSA-N,CN(C)CCCNC(=S)S,0.28671617161716173
JHPVZICOKOUZCF-SNVBAGLBSA-N,CC(C)(C)[C@@]1(O)C[N+](C)(C)CCO1,0.17632013201320132
JHTWYDHODRPLCW-RITPCOANSA-N,CC1=C[C@H](N)[C@H](C(=O)O)C1,0.04339933993399339
JQCBHVKQBLOSBD-UHFFFAOYSA-N,N=C(N)Cc1cccc(C(=O)O)c1,0.16336633663366337
RPYVIDQHSNAQAX-UHFFFAOYSA-N,C#CC1(O)CC(C)N(C)C(C)C1,0.1531353135313531
GNUCLSFLDHLOBV-UHFFFAOYSA-N,NC(C(=O)O)C(O)c1cccs1,0.054455445544554455
GXUAKXUIILGDKW-UHFFFAOYSA-N,COc1ccc(C(N)C(=O)O)cc1,0.0594059405940594
MCWYKGGJUASALA-MROZADKFSA-N,C[C@@H](C(=O)O)[C@@H]1C[C@H]1N,0.043894389438943894
QUXLCYFNVNNRBE-UHFFFAOYSA-N,Cc1cccc(N)n1,0.09834983498349834
XIBUBTQSOGWALU-UHFFFAOYSA-N,CCCC1(CC)C(=O)NC(=O)NC1=O,0.1373762376237624
RRJZGRCYRQRMEO-UHFFFAOYSA-N,CN(C)CCSS(=O)(=O)O,0.1981848184818482
RTLDJXGEOSVJEX-UHFFFAOYSA-N,O=C(O)C(O)c1ccco1,0.07920792079207921
JNCTYICYMGUAAK-UHFFFAOYSA-N,C#Cc1c(CO)cnc(C)c1O,0.13333333333333333
CACLKPLCEQSUCF-UHFFFAOYSA-N,Cn1ncc2sc3nncn3c21,0.29158415841584157
WICPORLNXBPBPR-UHFFFAOYSA-N,NC(=O)CCc1ccc(N)cc1,0.2747524752475248
SGZFJWQQBHYNNF-UHFFFAOYSA-N,O=C1Nc2ccccc2C1O,0.12871287128712872
ZSKDXMLMMQFHGW-JTQLQIEISA-N,OC[C@@H]1Cc2ccccc2CN1,0.23514851485148514
VRIIGDREOCLUPJ-UHFFFAOYSA-N,CCOC(=O)NN1CC=CCC1,0.23639792550683641
BNHMPHAWYKRSIF-UHFFFAOYSA-N,NC(CS)CCCCC(=O)O,0.14356435643564355
OVPMVOVVCQTDEO-UHFFFAOYSA-N,CC(=O)C(=[N+]=[N-])C(=O)OC(C)(C)C#N,0.08745874587458745
PTEMGJSNACOECE-UHFFFAOYSA-N,CC(=O)Nc1cc(NC(C)=O)ncn1,0.06064356435643564
VQASKUSHBVDKGU-UHFFFAOYSA-N,CCC1(C)OC(=O)N(C)C1=O,0.23285007072135785
OLNZOLAKUZHHFC-WDSKDSINSA-N,CCOC(=O)N[C@H]1CC[C@@H]1N,0.10793257897218292
KTWYCDBFLVQSAE-UHFFFAOYSA-N,CC(=O)OCc1nnn2c1CCC2,0.2170909948137671
CJQWLNNCQIHKHP-UHFFFAOYSA-N,CCOC(=O)CCS,0.28138849599245647
QEESFGJMQBONPV-UHFFFAOYSA-N,C=C(NC(=O)C1CC1(C)C)C(=O)O,0.039603960396039604
JASKMEUWYOXVFB-SSDOTTSWSA-N,NC[C@@H](CC(=O)O)Cc1ccco1,0.12046204620462046
LTEPZFZSPZASKJ-UHFFFAOYSA-N,O=C(CCO)c1ccc(O)cc1,0.061386138613861385
RHQDFWAXVIIEBN-UHFFFAOYSA-N,OCC(F)(F)F,0.09801980198019801
WXPYBUNRDDNOHK-UHFFFAOYSA-N,CC1Cn2c([N+](=O)[O-])cnc2O1,0.12706270627062707
STLLWMVKGSDWJT-UHFFFAOYSA-N,COc1ccccc1CNC(=N)N,0.14867986798679866
OUNXXBYNOUBNPF-UHFFFAOYSA-N,Clc1ccc2nncn2n1,0.17986798679867988
AKGUXECGGCUDCV-POHAHGRESA-N,NC(=O)N/N=C\c1ccccc1,0.10354785478547854
JKUHZEQDSDGIBW-UHFFFAOYSA-N,CC1(C)CNC(=O)CC(C)(C)N1O,0.08630363036303629
GPANNGWSSZJFPV-UHFFFAOYSA-N,O=C(O)CCCC1CCC(=O)N1,0.07376237623762376
COSSAOQSSXDIQW-JGVFFNPUSA-N,C[C@H]1OC[C@@H](C[N+](C)(C)C)O1,0.18564356435643564
REFCSLFSFZSHSF-UHFFFAOYSA-N,CC1(C)OC(C(=O)O)=CC1=O,0.03094059405940594
IQWCBYSUUOFOMF-BENRWUELSA-N,CO/N=C(/C#N)C1CN2CCC1CC2,0.32590759075907594
KNJPFVDARFWNET-IHWYPQMZSA-N,C/C=C\C(CN)CC(=O)O,0.07235973597359736
NKWKQENSIQASKC-UHFFFAOYSA-N,N=C(CCl)NCCCCN,0.3072607260726073
ITATYELQCJRCCK-UHFFFAOYSA-N,COC(=O)C(O)c1ccccc1,0.10726072607260727
GLSUOACRAMLJIW-UHFFFAOYSA-N,C=C=CC(=O)OCC,0.11593587930221591
JFCQEDHGNNZCLN-UHFFFAOYSA-N,O=C(O)CCCC(=O)O,0.029290429042904288
YFYAZKRTXIUHMX-UHFFFAOYSA-N,CCCn1nnc(NC(=O)C(C)C)n1,0.15835690711928332
RLHPGMQZQAPQMB-UHFFFAOYSA-N,N=C(N)Nc1ccc(O)cc1,0.10726072607260727
JFHAMNVZHGKQDQ-UHFFFAOYSA-N,CCOC(=O)C1=C(C)NC(=O)NC1C,0.11039603960396038
XUGCZDJCOYYMLB-RXMQYKEDSA-N,N[C@H](CC(=O)c1cccs1)C(=O)O,0.09405940594059406
CNTRRBGETIJCNM-UHFFFAOYSA-N,CCCCNC(=O)OCCO,0.29207920792079206
ZIRUVVYZSHKYCQ-PBKGFPTLSA-N,C/C=C/C#CC#C[C@H](O)CCO,0.13335690711928336
YEEVOZHRRAHGLD-UHFFFAOYSA-N,O=C1CCC(=O)N1c1ncccn1,0.14727722772277227
VLNBLDKJEZWHGP-UHFFFAOYSA-N,CC12OC1C1(O)CCCC1=CC2=O,0.2004950495049505
FBOZMFXZEXWVJC-UHFFFAOYSA-N,CC(C)C1CC1(CN)c1nnn[nH]1,0.21287128712871287
MBARKXJKNRDGRA-WNXMRAAYSA-N,CC/N=C(/C=N/O)N(C)C,0.18432343234323434
QGNQEODJYRGEJX-UHFFFAOYSA-N,O=C1Cc2ccccc2C(=O)N1,0.2376237623762376
MUBYTRYBVWQAKF-UHFFFAOYSA-N,CC1(O)C=CC(=O)C=C1,0.09405940594059406
YHGDZQUUDOZXID-UHFFFAOYSA-N,N=C(N)C1OCc2ccccc2O1,0.11386138613861387
BNHGNFYPZNDLAF-UHFFFAOYSA-N,N#CCC(N)=C(C#N)C#N,0.1707920792079208
DZNVSQPEELWIFL-UHFFFAOYSA-N,CCn1cnc2c1C(=O)C=CC2=O,0.2297854785478548
MGKKEVVRFCPKMQ-SYOAYPNSSA-N,C#CCO/N=C/[C@H]1CN2CC[C@H]1C2,0.5853960396039604
QSMSJHRQUBQMKD-UHFFFAOYSA-N,CC(CO)C(C)C(=O)O,0.043894389438943894
SDTFBAXSPXZDKC-UHFFFAOYSA-N,Nc1nc2ccccc2c(=O)[nH]1,0.17574257425742573
FWZUNOYOVVKUNF-UHFFFAOYSA-N,C=CCOC(C)=O,0.12880716643092877
DUKLUIAXHKCMQI-UHFFFAOYSA-N,O=C(O)C(Cl)(Cl)C(=O)O,0.07293729372937294
CKFCYMDUKBIIHV-UHFFFAOYSA-N,CN(C)CCOC(=O)N(C)C,0.14425978312116924
RYQHXWDFNMMYSD-UHFFFAOYSA-O,C[n+]1ccc(/C=N/O)cc1,0.1311881188118812
MBGUEYZJLORBNG-UHFFFAOYSA-N,CCCOC(=O)C1(C)C=CC=[N+]1[O-],0.12198255539839697
DPGGDVPPQMXEOF-UHFFFAOYSA-N,Cn1cnc([N+](=O)[O-])c1S,0.16552333804809052
BLKTWYUKESHQDJ-QMMMGPOBSA-N,CCNCC(=O)N1CCC[C@H]1C#N,0.1552805280528053
AZBOTYZVVSPOGY-DTWKUNHWSA-N,Cc1cc([C@H]2C[C@H](CO)CN2C)on1,0.22475247524752476
CVALVQJZQFHELD-UHFFFAOYSA-N,CC(=O)OC[n+]1ccccc1,0.10215700141442716
JJDMKDXGNVJWCD-UHFFFAOYSA-N,NC(=O)c1cccc2[nH]cnc12,0.23432343234323433
DAKDWRYLIPLFNB-UHFFFAOYSA-N,N#Cc1ccc(C(=O)NO)cc1,0.17986798679867988
FYMKTGYXMFIGTR-UHFFFAOYSA-N,CCNCCCNCCCNCC,0.4900990099009901
RVQKKYXTHSVLLB-UHFFFAOYSA-N,NCCn1ncc2ccc(O)cc21,0.13325082508250827
CWSXPZYRFGYVBO-ZETCQYMHSA-N,CC(C)C[C@H](CN)Cc1nnn[nH]1,0.1900990099009901
RWCIPYZWXPUGRM-UHFFFAOYSA-N,CCP(=O)(O)CCCN,0.22516501650165016
WKBXDYPKIPBECR-UHFFFAOYSA-N,NCC1OCc2c1ccc(O)c2O,0.1448019801980198
YSCJJOXSVFNSPY-UHFFFAOYSA-N,O=[N+]([O-])c1cccc(C2=NCCN2)c1,0.32425742574257427
BPFXQVPDQWEYFA-YUMQZZPRSA-N,Cn1ncc([C@H]2CN3CC[C@H]2C3)n1,0.5185643564356436
CNTKQZXDAYRFBY-UHFFFAOYSA-N,O=c1cc(O)c2ccc(O)c(O)c2o1,0.11633663366336634
NTVVAXXCLZJWPT-UHFFFAOYSA-N,Nc1ccc(CC2=NCCN2)cc1,0.2794554455445545
MVIPFBVXMASPHV-UHFFFAOYSA-N,CCC(CN)CC(=O)O,0.09009900990099011
QWPCKAAAWDCDCW-VKHMYHEASA-N,N[C@@H](CCSN=O)C(=O)O,0.06468646864686468
GCTMBEAVSLUTAW-UHFFFAOYSA-N,Nc1ccc2[nH]c(=O)cnc2c1,0.13366336633663367
UQOFGTXDASPNLL-HLTSFMKQSA-N,C[C@H]1O[C@@H](C[N+](C)(C)C)C[C@@H]1O,0.14059405940594058
DYUMBFTYRJMAFK-UHFFFAOYSA-N,N#Cc1ccc[nH]c1=O,0.15841584158415842
HWJHRPKZRZGNDH-UHFFFAOYSA-N,CC(C)(C)NC(=O)NO,0.1099009900990099
HYPMQJSKHPUPFW-UHFFFAOYSA-N,COC(=O)N1CCN=C1SC,0.08531353135313532
PYKHJSHBCGXOGW-SREVYHEPSA-N,C/C(CCN(C)C)=N/O,0.1630598774163131
WYHYNUWZLKTEEY-QDNHWIQGSA-N,[2H]C1C(C(=O)O)C([2H])C1C(=O)O,0.01815181518151815
ZOULUQNTQXNCKL-RKDXNWHRSA-N,NCC[C@H]1CCC[C@H](CCN)N1,0.4036303630363036
UHLKYVNSNIWKGX-UHFFFAOYSA-N,N=C(N)Nc1cccnc1,0.11014851485148515
SDXKNLVFKYSEAE-UHFFFAOYSA-N,CCCNCCCCNC(C)=O,0.43894389438943887
BVOLUTNLKJMNSA-UHFFFAOYSA-N,NC(=O)NN=C1CCn2cccc21,0.1254125412541254
ZOQXZSBVIOSOGM-UHFFFAOYSA-N,O=C1CCCN1CC#CCN1CCC1,0.37623762376237624
HURFIFVKMMRHHO-UHFFFAOYSA-N,COc1ccc(O)c(CN)c1,0.1396039603960396
IOMZCWUHFGMSEJ-UHFFFAOYSA-N,NNc1ccc(S(=O)(=O)O)cc1,0.19306930693069307
ABQHLJFPKHMBRJ-XFSBKJJWSA-N,O=C(O)/C(=N/O)C(F)(F)F,0.043894389438943894
LOESLMDNPQYFOG-UHFFFAOYSA-N,O=C(O)CCc1ncc[nH]1,0.09028760018859028
ZIPKWPPCKXBHEO-YFKPBYRVSA-N,N[C@H](CS)CCCC(=O)O,0.13366336633663367
YEINQAJIPMWJID-UHFFFAOYSA-N,Cc1cc(C(=O)O)c(O)c(CO)n1,0.08514851485148514
VIDVRVQOCVNHJG-UHFFFAOYSA-N,CN(C)C(=O)OCc1n(C)cc[n+]1C,0.11766855256954267
UJLMQYCGYGVEFV-ZJUUUORDSA-N,O=C(CC1CC1)N1C[C@H]2CCN[C@H]2C1,0.23267326732673269
KWHFVHRLIRLOLD-UHFFFAOYSA-N,CC(C(=O)O)C1SC(=O)NC1=O,0.04414191419141914
VREWEZFRKMWHEA-UHFFFAOYSA-N,O=C(c1c[nH]cn1)C1CCNCC1,0.24504950495049505
FEVIBJLRLZJFOR-UHFFFAOYSA-N,Cc1ccc(NC(=N)N)nc1,0.12013201320132012
CDMPVNKBFKEZMV-UHFFFAOYSA-N,CCS(=O)(=O)c1nonc1C,0.23514851485148514
CTSBUHPWELFRGB-VIFPVBQESA-N,O=C(O)[C@H](CO)NCc1ccccc1,0.09900990099009901
FVIOLJXJPWNFRB-UHFFFAOYSA-N,Cc1nccnc1N(C)C,0.15759075907590758
YYZCEOGYVYXDPC-YHYXMXQVSA-N,C/C(=N/NC(N)=S)c1ccc[nH]1,0.12805280528052806
PVXJBKOQPCPILX-UHFFFAOYSA-N,COc1cccc(OCC(O)CO)c1,0.2161716171617162
ZFPGARUNNKGOBB-UHFFFAOYSA-N,CCN1CCCC1=O,0.1905940594059406
PMVJGZGFFBJYLQ-UHFFFAOYSA-N,O=C(CNOCc1ccccc1)NO,0.09777227722772278
RRJOGGGKSTVZGQ-UHFFFAOYSA-N,N=C(N)NCc1ccc(O)cc1,0.1443894389438944
SQPJPMMCBPDNJN-WCBMZHEXSA-N,CC(C)=C[C@H](O)[C@H](O)C1=CC(=O)OC1,0.12563649222065065
WFIWHFWPQQSJDD-UHFFFAOYSA-N,NC(=O)c1c(O)cccc1O,0.12871287128712872
GVOOYVOZPRROMP-SSDOTTSWSA-N,Fc1ncccc1OC[C@H]1CCN1,0.31641914191419146
FZLIGRQKDXWIEQ-UHFFFAOYSA-N,Cc1cc(O)cc(=O)n1C,0.1254950495049505
XLYMOEINVGRTEX-ONEGZZNKSA-N,CCOC(=O)/C=C/C(=O)O,0.08993399339933994
PENAWPNXAHVARH-UHFFFAOYSA-N,CNC(=N)Nc1ccc(C(=O)O)cc1,0.0858085808580858
RKBQPUFPJRCJKE-UHFFFAOYSA-N,Cc1c(N)cc(N)cc1C(=O)O,0.0858085808580858
NVZINPVISUVPHW-UHFFFAOYSA-N,Cc1cccc(S(N)(=O)=O)c1,0.1188118811881188
ONYIKZRNXOSDCH-DJWKRKHSSA-N,Cc1noc(/C=N\O)n1,0.1443894389438944
YYUALTZHLJSXFR-UHFFFAOYSA-N,CC1CCC(=O)N1CC#CCN(C)C,0.4401815181518151
OYYKDTUIUXKOQS-UHFFFAOYSA-N,N=C(N)Nc1ncccc1[N+](=O)[O-],0.09504950495049505
OCOHIHUGGMQQMV-UHFFFAOYSA-N,CCc1ccc(C(N)=O)cn1,0.19306930693069307
DYVQTUZCXQZYGL-UHFFFAOYSA-N,O=C1CCCC(=O)C1C(=O)C1CC1,0.04950495049504951
VLLNDFLBLMNWOM-UHFFFAOYSA-N,Cc1nnc(C23CCN(CC2)C3)o1,0.4075907590759076
WWKWWGIKNDEUJE-UHFFFAOYSA-N,Nc1nc(=O)[nH]c2sccc12,0.12623762376237624
JMWRIQIIDLNILM-RQJHMYQMSA-N,C=CC[C@H]1CN[C@H](C(=O)O)C1,0.1815181518151815
AXRCJZJVVZUOHN-UHFFFAOYSA-N,O=C(O)c1ccc2c(c1)no[n+]2[O-],0.10024752475247525
JNGWGQUYLVSFND-UHFFFAOYSA-N,CC1(c2ccccc2)NC(=O)NC1=O,0.055280528052805276
XLYBWYJEEHPZMQ-UHFFFAOYSA-N,Nn1c(S)nnc1-c1ccco1,0.17623762376237626
ZLAAPNRAYFZHNK-UHFFFAOYSA-N,CNC(=O)Nc1ccccn1,0.07095709570957096
DNJFTXKSFAMXQF-UHFFFAOYSA-N,CN1CCC=C(C(=O)O)C1,0.054455445544554455
AAQCEQKLOPOEPG-UHFFFAOYSA-N,c1ccc(-c2cnn3nnnc3n2)cc1,0.1782178217821782
QNEXFJFTGQBXBJ-UHFFFAOYSA-N,CC(COc1ccccc1)NN,0.22211221122112212
PLIKAWJENQZMHA-UHFFFAOYSA-N,Nc1ccc(O)cc1,0.12458745874587458
XPAWJQUCISBPJW-ONNFQVAWSA-N,C/C=N/OCC(O)CNC(C)C,0.1782060348892032
NEQGOOOOLVHDDF-UHFFFAOYSA-N,CN(C)C(=O)N(CCCl)N=O,0.25
QWVNYYTZIQWSRS-UHFFFAOYSA-O,CCCC[N+](C)(C)CC(=O)O,0.16041961338991043
BELUKKYRXNKAEK-VIFPVBQESA-N,CN1CCC[C@H]1COc1cnccn1,0.4275695426685526
AOIHJKREJFPKDL-BYPYZUCNSA-N,N[C@H](CS)CCC(=O)O,0.060396039603960394
HGCAUCAWEADMPM-RXMQYKEDSA-N,CC(C)C[C@H](N)P(=O)(O)O,0.0811056105610561
CLTMYNWFSDZKKI-UHFFFAOYSA-N,NCc1ccccc1C(=O)O,0.07425742574257425
NUPZIDZMIWEQNX-VHSXEESVSA-N,CC[C@H]1COC[C@@H](C[N+](C)(C)C)O1,0.26732673267326734
VHNQIURBCCNWDN-UHFFFAOYSA-N,Nc1cccc(N)n1,0.09339933993399338
CSISQILZUHMAJB-UHFFFAOYSA-N,COc1ccc(C(=N)N)cc1,0.16171617161716173
SDYOVMHXYNKROV-UHFFFAOYSA-N,Cn1ncc(C(=O)O)c1Cl,0.07524752475247524
OIRUKBOUGSUYNE-UHFFFAOYSA-N,CCc1c(C)[n+]([O-])c2c([n+]1[O-])CCC2,0.27920792079207923
OAXIKPHHQBZTRO-UHFFFAOYSA-N,Cc1cc(C)n2nnnc2c1C#N,0.24339933993399343
JZKXXXDKRQWDET-UHFFFAOYSA-N,NC(Cc1cccc(O)c1)C(=O)O,0.08168316831683169
GOILPRCCOREWQE-UHFFFAOYSA-N,COc1ncnc2nc[nH]c12,0.25123762376237624
HDLWINONZUFKQV-QMMMGPOBSA-N,O=C([C@@H]1CCCN1)N1CCCC1,0.1782178217821782
QLPVTIQQFGWSQQ-UHFFFAOYSA-N,NCCC(=O)c1ccccc1N,0.0891089108910891
SILNNFMWIMZVEQ-UHFFFAOYSA-N,O=c1[nH]c2ccccc2[nH]1,0.2871287128712871
WBLPIVIXQOFTPQ-UHFFFAOYSA-N,CCCC1OC1(CC)C(N)=O,0.20932343234323436
ZHHCLIRTNOSAPB-UHFFFAOYSA-N,CCC(C)N1CCNCC1,0.24463696369636967
UNFHOAZOCIELCW-UHFFFAOYSA-N,O=C1CC(=O)Nc2ccccc2N1,0.12376237623762376
LRCXRAABFLIVAI-UHFFFAOYSA-N,NCC(O)c1cccc(O)c1,0.06023102310231024
GTCCGKPBSJZVRZ-UHFFFAOYSA-N,CC(O)CC(C)O,0.03498349834983498
UPSSEYSCZSETBN-UHFFFAOYSA-N,C[S+]([O-])CC(=O)c1ccncc1,0.1117986798679868
ONDNDTMAYANFKN-LURJTMIESA-N,NCCCC[C@H](N)CS,0.35148514851485146
XNLCXLPLUFBBQX-UHFFFAOYSA-O,CC(C)[N+](C)(C)CC(=O)O,0.04240924092409241
KGVWWFCEYXERAE-UHFFFAOYSA-N,C=CC[N+](C)(C)C,0.16287128712871288
XWHHYOYVRVGJJY-MRVPVSSYSA-N,N[C@H](Cc1ccc(F)cc1)C(=O)O,0.16336633663366337
SIYFLNPSVXWXGY-UHFFFAOYSA-N,O=C1CCN(C(=O)C(Cl)Cl)N1,0.09438943894389439
NXTJGIBOVGESBV-UHFFFAOYSA-N,O=C(O)CNC(=O)c1cccs1,0.09645214521452146
KWETYTFGFLMCQO-KSUZBYAFSA-N,C[C@H](O)/C=C(/C=C/[C@H](C)O)CO,0.14636963696369634
JIWAGFGPBKDFQN-UHFFFAOYSA-N,CC1CN(N=O)CC(C)N1N=O,0.19801980198019803
SOPASBFWKHVOQL-UHFFFAOYSA-N,CNCC(O)c1ccc(F)c(O)c1,0.07854785478547853
LGEXGKUJMFHVSY-UHFFFAOYSA-N,CNc1nc(NC)nc(NC)n1,0.15594059405940594
NRMZSBDXMQBQSP-UHFFFAOYSA-N,CCCCNc1cc(N)nc(=O)[nH]1,0.3935643564356436
DXUWUHDVNDSMPT-UHFFFAOYSA-N,CNC(=O)c1c(C)noc1C,0.13234323432343234
DRVCEVBLUHRJSO-DTWKUNHWSA-N,C[N+](C)(C)C[C@H]1CC[C@@H](O)C1,0.26089108910891096
KUDUQBURMYMBIJ-UHFFFAOYSA-N,C=CC(=O)OCCOC(=O)C=C,0.09859735973597358
MHMSTPWWRMNOQQ-UHFFFAOYSA-N,O=C(CNCc1ccccc1)NO,0.19554455445544555
HFIMLFRJUJSWHZ-SEZDTBSWSA-N,C[C@@H]1C[C@H]1C(=O)N1CC2CNCC2C1,0.20214521452145212
VCLPIANZRDFFDO-UHFFFAOYSA-N,CCCCNC(=O)CCCN,0.3815181518151815
GNICYWBQFNWTEP-KPKJPENVSA-N,C/C(=N\O)C(=O)NCc1ccncc1,0.10396039603960396
VIVLBCLZNBHPGE-UHFFFAOYSA-N,COCCCN(C)C,0.504950495049505
WAQXCJDLNSZZSS-UHFFFAOYSA-N,Nc1cc(-n2cccn2)ncn1,0.21782178217821782
YVPMIGCVKYQACC-UHFFFAOYSA-N,CC1CN=C(N)C1C,0.1561056105610561
SVKOUMMNDQKYPA-XVMARJQXSA-N,C[C@H]1C[C@@H]2CN[C@H](C1)O2,0.3633663366336634
YNYAYWLBAHXHLL-UHFFFAOYSA-N,COc1cc(C(O)CN)ccc1O,0.057920792079207924
VTMJKPGFERYGJF-UHFFFAOYSA-N,NC(C(=O)O)c1ccc(C(=O)O)cc1,0.0297029702970297
YRGYYQCOWUULNF-UHFFFAOYSA-N,Cc1cc(O)[nH]c(=O)c1C#N,0.04884488448844885
ANPBNAUKOUYEGJ-UHFFFAOYSA-N,CS(=O)(=O)c1ccc(C(=N)N)cc1,0.16336633663366337
ONFMFRKYPWSNLG-KXUCPTDWSA-N,C[C@@H]1O[C@H](C[N+](C)(C)C)CO[C@@H]1C,0.2767326732673267
CNYPMMIFPKZDGI-UHFFFAOYSA-N,Cc1nnn(C23CCCN(CC2)C3)n1,0.4431518151815181
ZVXQITNIMKKBBE-UHFFFAOYSA-N,c1nc(NC2CC2)c2nc[nH]c2n1,0.27722772277227725
OALGJRFKRSTPTN-UHFFFAOYSA-N,O=c1cc2c(n[nH]1)CCCO2,0.21782178217821782
PFBNSWWZXGYJSV-HYXAFXHYSA-N,CCOC(=O)/C=C\n1ccnc1,0.15496228194247996
SFRKFKTUSAUZMI-UHFFFAOYSA-N,CC1CC(=O)N2CCSC2=N1,0.1373762376237624
NAGJZTKCGNOGPW-UHFFFAOYSA-N,OP(O)(=S)S,0.08935643564356434
SZKGBSCQYWWPMO-UHFFFAOYSA-N,CC1(C)NCCN2C(=O)CSC21,0.15239273927392738
UQIOCSKMYXCWPN-UHFFFAOYSA-N,N=C(N)NC(=O)NCc1ccccc1,0.15841584158415842
IWHMHIGCZDANJP-BQBZGAKWSA-N,COC1=NO[C@H]([C@@H]2CCCN2)C1,0.40189768976897694
GJJPLKJBULCRQI-UHFFFAOYSA-O,O=C(O)C[n+]1ccccc1,0.0537953795379538
CSYZCWLVFOWQRK-UHFFFAOYSA-N,O=C1NCCc2cc(O)c(O)cc21,0.11897689768976896
UAQVHNZEONHPQG-ZETCQYMHSA-N,C[C@H](NC(=O)c1ccccc1)C(=O)O,0.0594059405940594
GCCITEYZWDUSEN-UHFFFAOYSA-N,Cc1[nH]nc(C(=O)O)c1F,0.06930693069306931
IXVPCJUAKDVYKX-UHFFFAOYSA-N,O=C(O)C(=O)c1ccco1,0.1051980198019802
MBRFGGHJIHPHGK-UHFFFAOYSA-N,c1cncc(C2=NCCN2)c1,0.2219471947194719
CLUWOWRTHNNBBU-UHFFFAOYSA-N,CSCCC=O,0.2524752475247525
WZANXVXLOKIMAM-SSDOTTSWSA-N,N[C@@H]1Cc2cccc3[nH]c(=O)n(c23)C1,0.14768976897689767
GSFLSJRVNIXWKZ-UHFFFAOYSA-N,CC(Oc1ccccc1)C(=O)NN,0.06064356435643564
QKCNMYZGZIKYHA-UHFFFAOYSA-N,CCc1nnc(S)[nH]1,0.14306930693069306
RMGQCZQEHAVQDV-COBSHVIPSA-N,CNC(=O)O[C@@H]1CN2CCC1C2,0.2516501650165016
HAWLEDDGXGWVSH-UHFFFAOYSA-N,CC(C)CC(N)[PH](=O)O,0.08853135313531352
SAYAVQYFEUOMBG-HACHORDNSA-N,CN1CCC2CC1C[C@@H](O)C2,0.3131188118811881
ROZCUVMFXOURIS-UHFFFAOYSA-N,NS(=O)(=O)CCc1ccccc1,0.3722772277227723
LBZUJSQLLVDWDQ-UHFFFAOYSA-N,CN(C)CCNC(=O)c1ccccc1,0.17285478547854785
CEPDWEWFQRUWPP-UHFFFAOYSA-N,COC(=O)Cc1ccc(O)c(N)c1,0.18316831683168316
SRDQSYZOPRMHHM-UHFFFAOYSA-N,Cc1c(C)[n+]([O-])c2ccccc2[n+]1[O-],0.37211221122112215
YAJRWHPHVXTDOV-UHFFFAOYSA-N,N#Cc1ccc(NC(=O)CF)cn1,0.1518151815181518
IBGNUSRLIIGHBS-UHFFFAOYSA-N,NC(=O)c1nnc(Cl)s1,0.10841584158415841
ZFHFDZCWLKLJPP-SCSAIBSYSA-N,C=C1C(=O)OC[C@H]1C,0.07425742574257425
OEEPAVHGOFHGOB-UWTATZPHSA-N,O=C(O)[C@H]1CS1,0.014191419141914189
XREUWQRXKYLCEK-UHFFFAOYSA-N,Cc1nn(O)cc1C1CCNCC1,0.2202970297029703
QSEALXFPOAYSEI-UHFFFAOYSA-N,O=c1[nH]nc(Cc2ccccc2)o1,0.2306105610561056
YCOFRPYSZKIPBQ-UHFFFAOYSA-N,C=C(C)C1(O)OC(=O)C=C1OC,0.13025695426685524
ULHLQCLIZGYXEV-JTQLQIEISA-N,C[N+](C)(C)[C@H](C(=O)[O-])c1ccccc1,0.09282178217821782
DVJDVAAMNXVEST-UHFFFAOYSA-N,Cn1nncc1C1CN2CCC1CC2,0.5767326732673267
DUOJRBRFWMBOOS-UHFFFAOYSA-N,Cc1ccnc(SCC(N)=O)n1,0.1716171617161716
JKLZCQWVERBDEZ-UHFFFAOYSA-N,CN1C(=O)CSC1=S,0.17798208392267797
BEPNJPZENSWTLL-UHFFFAOYSA-N,CC1=C(C)C(=O)c2nn(C)nc2C1=O,0.18417020273455914
UHGRVODUKSZAKV-UHFFFAOYSA-N,NCCCCSCCCN,0.3316831683168317
CYHOMWAPJJPNMW-DHBOJHSNSA-N,CN1[C@@H]2CC[C@H]1CC(O)C2,0.3079207920792079
UGYXPZQILZRKJJ-UHFFFAOYSA-N,Cc1nc[nH]c1CCN,0.31848184818481845
WBIAZONFXLIADH-UHFFFAOYSA-N,CCOC(=O)P(=O)(O)O,0.10404290429042903
FSHFDVYLIXYUED-UHFFFAOYSA-N,CC(C)C[N+]1(CCO)CC1,0.14435800722929434
VLPSTMLLXBVEAF-MRVPVSSYSA-N,CN1CCC[C@@H]1c1cc(CO)no1,0.22854785478547857
BYWPUNIXQZJWRS-AIGBEWNKSA-N,C[C@H]1[C@H]2OC[C@@H]3[C@@H]1C[C@H](O)[C@@]3(C)O2,0.18894389438943893
VTFVJLCBMVBAPX-UHFFFAOYSA-N,Cn1ccc(=O)n2nccc12,0.1812824139556813
XHWKNGLLYBNSBG-MQWKRIRWSA-N,CCC1CC(=O)N([C@@H](CC)C(N)=O)C1,0.10882838283828383
TVVRFUOKLKGUKT-UHFFFAOYSA-N,O=C1c2ccccc2C(=O)C2OC12,0.1765676567656766
IKQCSJBQLWJEPU-UHFFFAOYSA-N,O=S(=O)(O)c1cc(O)ccc1O,0.09876237623762375
KXWIXAUYMFNOKC-UHFFFAOYSA-N,COCCNc1ncnc2nc[nH]c12,0.4306930693069307
NZNPMUUOXMZCBF-UHFFFAOYSA-N,O=C(O)CCn1nnc2ccccc21,0.14603960396039603
APFSBOCBNKHACW-WDSKDSINSA-N,C=CC[C@@H](C[C@H](N)C(=O)O)C(=O)O,0.03795379537953795
NYYQBSUCPHNFQS-UHFFFAOYSA-N,COc1cc(=O)oc(CO)c1C,0.15855728429985855
RPKPVJSNXSZTPK-UHFFFAOYSA-N,O=Cc1cn(-c2ccc(O)cc2)nn1,0.23267326732673269
ZPCBWFNVTDNYTB-UHFFFAOYSA-N,Cn1ccc2c(=O)[nH]c(N)nc21,0.13613861386138615
IQZCKZOEVWQZMK-UHFFFAOYSA-N,OC1CCCN(C(=S)S)C1,0.1608910891089109
GFIPINBJCGELKW-UHFFFAOYSA-N,N#Cc1c[nH]c2ncnc(N)c12,0.14356435643564355
QBEGNPNWEWSLRI-UHFFFAOYSA-N,CCOc1cc(C)ncc1C(N)=O,0.1410891089108911
MFNJGDMJKJLUGC-UHFFFAOYSA-N,CCc1[nH]nc(C(=O)O)c1C,0.07920792079207921
UODZHRGDSPLRMD-UHFFFAOYSA-N,NCCCCNCCCCN,0.400990099009901
ZZTRDOMIHBHZAE-FPLPWBNLSA-N,CC1(C)C/C(=C(/C#N)C(N)=O)CCO1,0.050742574257425746
XSXYESVZDBAKKT-UHFFFAOYSA-N,NNC(=O)c1ccccc1O,0.04455445544554455
BNGFPYLLQCQZQF-UHFFFAOYSA-N,CNc1nncc2[nH]cnc12,0.19554455445544555
MTWDGUWQZYXGTQ-VOTSOKGWSA-N,NNC(=O)/C=C/c1ccccc1,0.0820957095709571
FQXYFKQHFGHHCC-UHFFFAOYSA-O,CC[N+](C)(CC)CC(=O)O,0.08533710513908534
NRDZGEYPUXJDMD-UHFFFAOYSA-N,CNc1cc(N)nc(NC)c1,0.09405940594059406
JCRJWRXBHMKBDQ-UHFFFAOYSA-N,CC1COCCN1C(=S)S,0.0896039603960396
FUWHCTSQIAULAK-UHFFFAOYSA-N,O=C(O)c1ccc(CCO)cc1,0.13861386138613863
RKYMKZBWOFGDLO-UHFFFAOYSA-N,Nc1cc(=O)[nH]n1-c1ccccn1,0.13465346534653466
CJLYVUNRUJYSGI-HJWRWDBZSA-N,CNC(=O)N(C)/N=N\CCCl,0.22353842527109855
AVFYHMHFDOZJCP-UHFFFAOYSA-N,C#Cn1ccnc1C#CCOC,0.22227722772277228
YUPDDGVCFCGZDD-UHFFFAOYSA-N,CCc1c(O)c(=O)ccn1CCCO,0.19094766619519093
CRISWXPNFWRXSH-NUTRPMROSA-N,N#[11C]C(O)c1ccc(O)c(O)c1,0.06782178217821781
IHJUECRFYCQBMW-UHFFFAOYSA-N,CC(C)(O)C#CC(C)(C)O,0.19364686468646866
KKAWRARRTNILEQ-UHFFFAOYSA-N,CC(C)(C)OC(=O)CP(=O)(O)O,0.10404290429042903
YZYSRFCRVIIRAE-ZHACJKMWSA-N,CC#CCO/N=C1\CN2CCC1C2,0.5004125412541255
SDQJTWBNWQABLE-UHFFFAOYSA-N,O=c1[nH]c(=O)c2ccccc2[nH]1,0.3102310231023102
LDGMRKNTWPEJFY-UHFFFAOYSA-N,CCCC[N+]1(CCO)CC1,0.3756011315417256
KGVWWFCEYXERAE-UHFFFAOYSA-N,C=CC[N+](C)(C)C,0.16287128712871288
DPBJAVGHACCNRL-UHFFFAOYSA-N,C=CC(=O)OCCN(C)C,0.216041961338991
JCUOJPUDVPCBHL-BYPYZUCNSA-N,Sc1nnc([C@@H]2CCCN2)o1,0.3507425742574257
JEHGATQUCUYHJL-UHFFFAOYSA-N,O=C(O)c1ccncc1O,0.04950495049504951
IMOHZKRUHQOEHN-DHZHZOJOSA-N,O=C(/C=N/O)NCCN1CCCCC1,0.23267326732673269
PACRSWXGHWAUJZ-UHFFFAOYSA-N,CCCCn1cc(CO)[n+](C)n1,0.2961456859971711
SYXGGMOJCHZAAY-UHFFFAOYSA-N,O=C1CCN(Cc2ccccc2)C1=O,0.28052805280528054
QXUSFQCJGVVVJR-RQJHMYQMSA-N,C#CC[C@H]1CN[C@H](C(=O)O)C1,0.09735973597359737
QASONRSLKVKRRW-UHFFFAOYSA-N,Nc1ccc(N2CC3CC2CN3)cn1,0.26666666666666666
PVHMARGUGAHOHZ-UHFFFAOYSA-N,C#CCOc1ccccc1C(N)=O,0.18613861386138614
GUSZQTIIJIPCLX-UHFFFAOYSA-N,Cc1cn(C2CCCO2)c(=O)nc1N,0.17326732673267325
XNNPAWRINYCIHL-UHFFFAOYSA-N,CC1(C)CC(C(N)=O)C(C)(C)N1[O],0.10404290429042903
DRICAGNNBBKCCF-UHFFFAOYSA-N,Nc1c2ccccc2nc(=S)n1N,0.2113861386138614
SCSROOBIOOCHHI-UHFFFAOYSA-N,O=Cc1cc([N+](=O)[O-])cc(O)c1O,0.13094059405940595
GGAOVRIMJZTBKL-UHFFFAOYSA-N,NC(C=C(F)F)CCC(=O)O,0.06270627062706272
GEFQWZLICWMTKF-YQFNKJDISA-N,CC(N)[C@H](O)c1ccc(O)c(O)c1,0.04636963696369637
XXIOWTNNQMLLIA-DTWKUNHWSA-N,C[C@H]1CO[C@H](C[N+](C)(C)C)CO1,0.22772277227722773
SPFBMNKRQFPDGH-UHFFFAOYSA-N,Nc1cc(-c2nn[nH]n2)ccc1F,0.1353135313531353
XBTQMVNOVUGQPW-UHFFFAOYSA-N,Cc1ccc(-c2n[nH]c(=O)n2N)cc1,0.2301980198019802
JCIKVKWNYHGCIB-MRVPVSSYSA-N,C[N+](C)(C)C[C@@H]1COCCO1,0.24455445544554455
HOUULULIIYVIAL-UHFFFAOYSA-N,NCCC#Cc1cccnc1,0.22046204620462048
JKNKNWJNCOJPLI-UHFFFAOYSA-N,O=C1OC(O)c2ccccc21,0.18811881188118812
IAIWVQXQOWNYOU-BAQGIRSFSA-N,NC(=O)N/N=C\c1ccc([N+](=O)[O-])o1,0.1774752475247525
QNDFYLBDUWCFJO-UHFFFAOYSA-N,Nc1ccc(F)c(N)c1,0.11980198019801981
BCSQOCJZQYFKBZ-UHFFFAOYSA-N,Cc1nn2c(N)csc2nc1=O,0.2046204620462046
CXUMFNFPQYKODT-UHFFFAOYSA-N,CCn1c(C)cc(=O)c(O)c1CO,0.13748231966053748
CQFQZOOEUPGOSM-UHFFFAOYSA-N,CNn1c(N)nc2ccccc21,0.19834983498349837
UHUHFYCRHYLQCN-UHFFFAOYSA-N,C1CCN=C(Nc2nn[nH]n2)CC1,0.30198019801980197
FXYQRYGWWZKUFV-UHFFFAOYSA-N,NNc1ccc(Cl)nn1,0.11221122112211222
DCWKRPJLVIHGCZ-UHFFFAOYSA-N,c1cncc(OC2CCNC2)c1,0.30775577557755773
YSWWAKJDYMKMGU-UHFFFAOYSA-N,O=c1c(O)c(-c2ccccc2)c1=O,0.10148514851485149
SDYIZAANGZBOSO-UHFFFAOYSA-N,COc1cccc(C(N)=O)c1OC,0.09405940594059406
ZRXZRRDYAAJOFH-UHFFFAOYSA-N,NC1Cc2ccccc2OC1=O,0.20726072607260726
COSSAOQSSXDIQW-HTQZYQBOSA-N,C[C@@H]1OC[C@@H](C[N+](C)(C)C)O1,0.18564356435643564
HMBNQNDUEFFFNZ-UHFFFAOYSA-N,C=COCCCCO,0.23550212164073556
XOIYZMDJFLKIEI-UHFFFAOYSA-N,NS(=O)(=O)Oc1ccccc1,0.20396039603960398
ZJRBRKUGRKKZOO-UHFFFAOYSA-N,OCc1ncccc1O,0.0834983498349835
DRTFEXPENUDDLJ-KDXUFGMBSA-N,C[C@@H]1C[C@H](C)[C@@H](C)O[C@@]1(O)CO,0.183003300330033
DOYJWZYLOQTRFQ-UHFFFAOYSA-N,O=C1C(O)CCN1C1CCCCC1,0.2566006600660066
BRXPUVKBOVEUEM-UHFFFAOYSA-N,N#CC1=C2CCCCC2(O)NC1=O,0.22277227722772278
IFVRGSVHHSCKIS-UHFFFAOYSA-N,NC(CCN1CCCCC1)=NO,0.1617161716171617
OFCNXPDARWKPPY-UHFFFAOYSA-N,O=c1[nH]cnc2[nH]ncc12,0.16336633663366337
UBVBXMAWHHHZFH-RVRFMXCPSA-N,N=[11C](N)NCCc1cc(O)ccc1F,0.2863036303630363
CSISQILZUHMAJB-UHFFFAOYSA-N,COc1ccc(C(=N)N)cc1,0.16171617161716173
BVGBBSAQOQTNGF-UHFFFAOYSA-N,NC(C(=O)O)c1ccsc1,0.05907590759075907
RUOJZAUFBMNUDX-UHFFFAOYSA-N,CC1COC(=O)O1,0.0297029702970297
JVBJCTDZLAGDTF-UHFFFAOYSA-N,NC(=O)c1nnsc1-c1ccco1,0.10396039603960396
HJZAIMHRCPGGNJ-QMMMGPOBSA-N,O=[N+]([O-])O[C@@H](CO)c1ccccc1,0.0952970297029703
CEXQIXFKTKRYBB-UHFFFAOYSA-N,c1cncc(NC2=NCCN2)c1,0.23514851485148514
KANVIORDKVKQHX-UHFFFAOYSA-N,CP(=O)(O)c1cc(O)cc(O)c1,0.1514026402640264
CWPDWGWHFVCTQM-UHFFFAOYSA-N,CC1CN(N=O)C(=O)O1,0.07054455445544554
KFNRJXCQEJIBER-UHFFFAOYSA-N,NC1C=CC=C(C(=O)O)C1,0.06930693069306931
YLPBKFNURJMKTE-PHDIDXHHSA-N,O=C1C[C@H]2OCCC[C@H]2O1,0.33613861386138616
XMZREPQOKJAWPQ-JXMROGBWSA-O,C=CC[n+]1cccc(/C=N/O)c1,0.15552805280528054
ZLOQOYIWTGOTQI-UHFFFAOYSA-N,CC1Cc2[nH]nc(-c3nn[nH]n3)c2C1,0.2042079207920792
OFGDOKIPNNXVCF-UHFFFAOYSA-N,CCNc1cc(=O)[nH]c(=O)[nH]1,0.2421617161716172
ZXGXTTFJFGHGTL-UHFFFAOYSA-N,O=c1[nH]sc2c1CNCC2,0.1646039603960396
OYKZRWMTIDKLKT-UHFFFAOYSA-N,Cc1cc[n+](CC#N)cc1,0.16666666666666669
HLUIYGVTAGXCRZ-UHFFFAOYSA-N,CN(C)c1ccc(C(N)=O)cn1,0.20297029702970298
QCUPYFTWJOZAOB-UHFFFAOYSA-N,CC=C(CC)C(=O)NC(N)=O,0.051567656765676574
VAUYYPSVXBBKLK-DAFODLJHSA-N,NC/C=C(\CCl)C(=O)O,0.0735973597359736
XLQIGLBALJNHKR-UHFFFAOYSA-N,COC(=O)c1ccncc1N,0.0891089108910891
AYAUWVRAUCDBFR-ONEGZZNKSA-N,CCCOC(=O)/C=C/C(=O)O,0.08374587458745875
FJRIICKTBNVAAY-UHFFFAOYSA-N,Nc1c(Nc2cccnc2)c(=O)c1=O,0.1419141914191419
PTAIFTWNKAGNFS-UHFFFAOYSA-N,CC(C)(C)c1nc(N)[nH]c(=O)n1,0.08580858085808582
KAGGMRWAYDOFES-ZCFIWIBFSA-N,N[C@H](CCSCCCF)C(=O)O,0.19554455445544555
PMRYVIKBURPHAH-UHFFFAOYSA-N,Cn1ccnc1S,0.18821310702498822
UKYSDDJUIYHEHO-UHFFFAOYSA-N,Cc1n[nH]c(=O)n1Nc1ccccc1,0.297029702970297
QBRXAOMAJRIUBJ-UHFFFAOYSA-N,CNC(=O)CCCCCNC(C)=O,0.09405940594059406
ZUXVZGNVGRXENQ-UHFFFAOYSA-N,CCC(=O)n1ncc2c(=O)[nH]cnc21,0.11089108910891088
YICMXCDJSOOXSM-UHFFFAOYSA-N,O=C(O)c1[nH]nc2c1COCC2,0.10891089108910891
TZHVYFBSLOMRCU-YFKPBYRVSA-N,C[C@H](N)C(=O)OC(C)(C)C,0.06724422442244225
NERNEXMEYQFFHU-UHFFFAOYSA-N,O=C1NC(=O)C2(CCCCC2)N1,0.1534653465346535
YLDIYJYSKDFPDJ-ALCCZGGFSA-N,[O-]/[N+](=N\O)N1CCCC1,0.11963696369636964
CBTOHKIGSPTQTO-UHFFFAOYSA-N,Cc1n[nH]c(=O)n1Cc1ccco1,0.3197194719471947
LBZDEGAIDVFUHM-UHFFFAOYSA-N,O=C1COc2ccccc2CN1,0.24752475247524752
RPHZSTQXRNQSIG-UHFFFAOYSA-N,COc1ccc([N+](=O)[O-])c[n+]1C,0.2528052805280528
VHBBMEXIWWKUNY-MRVPVSSYSA-N,C[C@@H]1OCC2(CCN(C)CC2)O1,0.34084158415841587
QAYICIQNSGETAS-UHFFFAOYSA-N,CN1CSC(=S)N(C)C1,0.14365865157944363
XCYWDFDMXREMCT-UHFFFAOYSA-N,CC(C)(C(=O)O)n1cncn1,0.06617161716171617
VIRWKAJWTKAIMA-UHFFFAOYSA-N,CC(=O)OCCCl,0.15997760490334748
WRRMDSARIILZLU-UHFFFAOYSA-N,CC(C)NNC(=O)c1ccccc1N,0.06427392739273928
FDKXTQMXEQVLRF-ZHACJKMWSA-N,CN(C)/N=N/c1[nH]cnc1C(N)=O,0.19554455445544555
GPTBZHNSJACGDU-SNVBAGLBSA-N,C#Cc1cncc(O[C@@H]2CCNC2)c1,0.40222772277227725
PXELSCOPADHBHR-UHFFFAOYSA-N,CSc1nnc(S)n1N,0.12574257425742574
MGAVNXSDVHUDAJ-UHFFFAOYSA-N,C=C1CC(COC(C)=O)OC1=O,0.07087458745874588
QIJPWSGHURHDHJ-ZBHICJROSA-N,CCCC1N[C@H](C(=O)O)CS1,0.11518151815181518
MWNZUHRKNPCRKY-UHFFFAOYSA-N,CC1=NC2CCSCC2C(=O)N1,0.21823432343234325
LAVARTIQQDZFNT-UHFFFAOYSA-N,COCC(C)OCC(C)OC(C)=O,0.23343941537010843
HLOZADHABGBYKE-UHFFFAOYSA-N,NNC(=O)c1cnc2ccccc2n1,0.10148514851485149
HBIYNXFRHGXYNY-BJMVGYQFSA-N,Cc1ccn(C)c1/C=N/NC(=N)NO,0.15627062706270628
FBWPWWWZWKPJFL-UHFFFAOYSA-N,COc1cc(C(O)CO)ccc1O,0.1165016501650165
VRGHSYHERKHVHD-UHFFFAOYSA-N,C[N+](C)(C)CCSS(C)(=O)=O,0.21142739273927394
QUUIEUHVHMNXRT-UHFFFAOYSA-N,CC(C)C(O)C#CC(C)(C)O,0.16163366336633658
JMLWVOVCQLQVJI-UHFFFAOYSA-N,NCC(=O)Nn1ccc2ccccc21,0.27722772277227725
GWKLNCUXOUHWLL-UHFFFAOYSA-N,N=C(N)NCCc1ccccc1,0.27516501650165015
LVGMMVAWLISWJD-UHFFFAOYSA-N,NC1CCN(c2cccnc2)C1,0.23613861386138615
WYMOPTUEZWGCKJ-UHFFFAOYSA-N,O=C(O)CCCc1c[nH]cn1,0.19837340876944837
JHRKPNVDOPKCMX-UHFFFAOYSA-N,CC12CN3CN(C1)CC(C)(C3)C2=NO,0.2549504950495049
JVHGZUMMCUZPHC-UHFFFAOYSA-N,O=c1ccc(O)ccc1O,0.10973597359735975
SNLSQAFFALEHGJ-UHFFFAOYSA-N,NOCc1ccccc1O,0.08003300330033002
SJRPBOIYIJEXKQ-VIFPVBQESA-N,NCc1cncc(OC[C@@H]2CCN2)c1,0.37392739273927394
CMTNHTJUNZPFMW-UHFFFAOYSA-N,Cc1n[nH]c(O)c1C,0.0627062706270627
HTPKGNSSLQBQRI-WEVVVXLNSA-N,O=C(NO)N/N=C/c1cccnc1,0.11056105610561057
HYXWOVSEEKCMOC-WEVVVXLNSA-N,CNC(=S)N/N=C/c1ccco1,0.15107260726072608
CCFAGRVEHSCROQ-UHFFFAOYSA-N,OCC(O)C(O)c1ccccc1,0.11303630363036303
PJDFLNIOAUIZSL-UHFFFAOYSA-N,C=CC(N)CCC(=O)O,0.058745874587458745
ZWUROWZCQQHVIQ-UHFFFAOYSA-N,O=C(NN1CCOCC1)c1ccco1,0.2739273927392739
FZIYKQZBEAJXLJ-UHFFFAOYSA-N,O=c1[nH]c2c(c(O)c1[N+](=O)[O-])CCC2,0.12409240924092407
VEDPMPOSMIIBBR-UHFFFAOYSA-N,CNC(=O)OCCC(C)N(C)C,0.19434229137199435
IHJHBENHAPEINI-SNAWJCMRSA-N,COC(=O)/C=C/C(=O)c1cccnc1,0.1485148514851485
TXILEUYNMYGOLO-UHFFFAOYSA-N,O=C1C=CC(=O)c2c1nc[nH]c2=O,0.21287128712871287
DWWOWEVEYNNOIT-WDSKDSINSA-N,CC(C)OC(=O)[C@H]1C[C@@H]1C(=O)O,0.09735973597359737
KNARVBXGIRZZRK-HTQZYQBOSA-N,C[C@H](C#N)N(C)C(=O)[C@@H](N)C(C)(C)C,0.14942244224422438
ATDGTVJJHBUTRL-UHFFFAOYSA-N,N#CBr,0.05717821782178218
DEYMOQSHMQAAFX-UHFFFAOYSA-N,NC(=O)CCCCCO,0.14356435643564355
GGAWXSMRRDXBKS-UHFFFAOYSA-N,CCCC(O)(CC(=O)O)CC(=O)O,0.06765676567656766
IKLKJTFARODVHU-UHFFFAOYSA-N,O=C1NC2(CCCCO2)CO1,0.22442244224422445
YXXVUCJIQAMZSQ-UHFFFAOYSA-N,Cc1c(CN)o[nH]c1=O,0.10148514851485149
JVVDCSIOVVWLMN-NQMVMOMDSA-N,CC(C)[C@H]1CO[C@@H]2O[C@H](C)CC(=O)N21,0.20412541254125413
VHWSFLJKPUEMJW-UHFFFAOYSA-N,NCc1ccc(C(=O)O)s1,0.06930693069306931
IXOBWMNTICTXOJ-JTQLQIEISA-N,N#CC[C@@]1(O)C(=O)Nc2ccccc21,0.17920792079207923
NMTCCVZABWWGSB-UHFFFAOYSA-N,CN(C)c1nc2ccccc2[nH]1,0.3184818481848185
YFMPSMITLLBENU-UHFFFAOYSA-N,NCc1ccc(O)c(O)c1,0.09900990099009901
XYVILBTXXYZRJG-UHFFFAOYSA-N,CCn1ccc(=O)n2nc(C)cc12,0.2871287128712871
ZGDPMMNCASKHKU-UHFFFAOYSA-N,N#Cc1cnn2cc[nH]c12,0.20544554455445543
SQWYSZZSXTXVLQ-UHFFFAOYSA-N,O=C(O)C(=O)CC(=O)c1nccs1,0.04084158415841584
KYWMCFOWDYFYLV-UHFFFAOYSA-N,O=C(O)c1ncc[nH]1,0.0891089108910891
UBHJGMUGSKDVDO-UHFFFAOYSA-N,C#CCNNCc1ccccc1,0.3234323432343234
JTEWXLMHFCOPAX-UHFFFAOYSA-N,CCC1COC(N)=N1,0.14702970297029702
JFICWBJQMVMQJL-UHFFFAOYSA-N,NC(=O)C1Cc2cc3c(cc21)OCO3,0.23613861386138615
VQZRXBOTCNWNLM-UHFFFAOYSA-N,Cc1nc(C)nc(N)n1,0.07920792079207921
HQGJDZOAHPIJMI-UHFFFAOYSA-N,O=C1OCCN2Oc3ccccc3C12,0.24257425742574257
STFMKRBMUMYLTM-UHFFFAOYSA-N,O=C1NCC2NCCc3cccc1c32,0.26526402640264024
RPHKINMPYFJSCF-UHFFFAOYSA-N,Nc1cc(N)cc(N)c1,0.04125412541254125
YBPAYPRLUDCSEY-UHFFFAOYSA-N,NC(=O)Cc1ccc(O)cc1,0.08415841584158416
CEXQIXFKTKRYBB-UHFFFAOYSA-N,c1cncc(NC2=NCCN2)c1,0.23514851485148514
VADVRIAPCDFQJU-YFKPBYRVSA-N,CC(C)(C)SC[C@H](N)C(=O)O,0.1132013201320132
REUNOXHTPWSRBV-UHFFFAOYSA-N,Nc1nc(N)c2c(N)cccc2n1,0.18811881188118812
UCCVCCAWSDESJE-UHFFFAOYSA-N,CC1=CC(=O)C(N2CC2)=CC1=O,0.12458745874587458
LVPLGMIOSVEITG-RKDXNWHRSA-N,NNC(=O)[C@@H]1C[C@@H]1c1ccccc1,0.11138613861386139
ULDDTFAPYWLDGF-UHFFFAOYSA-N,CCCCN/C(N)=N/O,0.2145214521452145
UGFILLIGHGZLHE-UHFFFAOYSA-N,COC(=O)Cc1ccc(O)c(O)c1,0.17326732673267325
HVNDNXAQURYIMM-UHFFFAOYSA-N,N#Cc1c(-c2ccco2)no[n+]1[O-],0.16584158415841585
ITIIRROMYLIKFO-UHFFFAOYSA-N,COC(C(=O)O)c1c(C)o[nH]c1=O,0.043646864686468646
WOXWUZCRWJWTRT-UHFFFAOYSA-N,NC1(C(=O)O)CCCCC1,0.09900990099009901
BWKMGYQJPOAASG-VIFPVBQESA-N,O=C(O)[C@@H]1Cc2ccccc2CN1,0.15346534653465346
YDXXODUTMJQYED-UHFFFAOYSA-N,O=c1c2c(c1=O)-c1ccccc1CN2,0.22112211221122113
VQYIJHJVYPQOST-UHFFFAOYSA-N,CN1CN2CCCN3CCCC(=N1)C32,0.4104785478547855
BWYSIRTZMFWEOO-UHFFFAOYSA-N,O=C1CN2Cc3ccncc3N=C2N1,0.26485148514851486
TXQWFIVRZNOPCK-UHFFFAOYSA-N,NCc1ccncc1,0.0891089108910891
UORYAOZFMGBGAC-UHFFFAOYSA-N,CN(N)S(=O)(=O)c1ccccc1,0.16930693069306932
HPBPYAVNZRYWLD-ZETCQYMHSA-N,CN1C[C@@H](C[N+](C)(C)C)OC1=O,0.15900518623290902
SBWTUWFTYZFCSZ-UHFFFAOYSA-N,Cc1nc([N+](=O)[O-])c(C(=O)O)n1C,0.041254125412541254
KSPQDMRTZZYQLM-UHFFFAOYSA-N,O=C(O)CNC(=O)c1ccco1,0.08085808580858087
KQTMKEHKXBCEMK-UHFFFAOYSA-N,C=CCOc1ncnc2[nH]cnc12,0.19554455445544555
HBECYYFDLZZMPL-UHFFFAOYSA-N,C=C1C(=O)C2(C)OC2(C)C1C(=O)O,0.06930693069306931
PWHUPFOHNXWYSH-UHFFFAOYSA-N,NC(=O)NCc1cccnc1,0.12665016501650164
COSYQYFCEAMLKE-UHFFFAOYSA-N,N=C(N)c1ccc(CCO)cc1,0.24752475247524752
UXSRDBONEIZHCE-UHFFFAOYSA-N,CNc1ncnc(NC)c1[N+](=O)[O-],0.24702970297029703
HMVFITKXZCNKSS-UHFFFAOYSA-N,COCCN(C)C,0.3193069306930693
VLCFOSLTBCJPAO-UHFFFAOYSA-N,O=C(CCc1ccc(O)cc1)NO,0.09900990099009901
VEWZXPAMIBRPDO-UHFFFAOYSA-N,CC1CN(C)C(=N)S1,0.14860914662894859
IDVVQLXLSWIVFL-UHFFFAOYSA-N,CCN1CC[N+]2(CCCC2)CC1,0.3774752475247524
IZQAUUVBKYXMET-UHFFFAOYSA-N,NCCBr,0.17838283828382842
AXFABVAPHSWFMD-UHFFFAOYSA-N,O=c1cc(Cl)nc[nH]1,0.13861386138613863
VKPPFDPXZWFDFA-UHFFFAOYSA-N,NCCCl,0.15115511551155117
MJHCBNPVMDFHJQ-UHFFFAOYSA-N,CNC(=O)C1=CCCC1,0.06105610561056106
UNEXDAIMKPVMLS-CBAPKCEASA-N,CCOC(=O)[C@]1(C)C[C@H](C)C=[N+]1[O-],0.1325200377180575
SELRRFFYIRYVTM-UHFFFAOYSA-N,N=c1snc(N)n1-c1ccccn1,0.14455445544554454
QCUPYFTWJOZAOB-HYXAFXHYSA-N,C/C=C(/CC)C(=O)NC(N)=O,0.051567656765676574
CVVDYLXTNDBWJC-YFKPBYRVSA-N,N[C@H]1CC=C(C(=O)O)C1,0.039603960396039604
JOICOUCDZBPSHL-UHFFFAOYSA-N,c1cc[n+](C[n+]2ccccc2)cc1,0.1782178217821782
RKVBMQAVJSPNFZ-UHFFFAOYSA-N,C=C1CN(C2=NCCO2)C1,0.1923267326732673
LGNSOKKCXYBTOL-LURJTMIESA-N,CC(C)C[C@H](N)CN,0.14207920792079207
JWPGJSVJDAJRLW-UHFFFAOYSA-N,N=C(N)N1CCc2ccccc2C1,0.19504950495049506
PVWHGWKVBXVRQC-UHFFFAOYSA-N,Nc1ncnc2c1nc1n2CCCC1,0.2306105610561056
DOEFUIMTXWAGKN-KQQUZDAGSA-N,CC(=N\O)/C(CN(C)C)=N/O,0.12698019801980198
HKLZABNBARUZMN-UHFFFAOYSA-N,CNCCOc1cccnc1,0.3826732673267327
JXVOJRFIZVMYKD-UHFFFAOYSA-N,Nc1cc(F)[nH]c(=O)c1,0.1311881188118812
NNNNJRNVSNNCGK-UHFFFAOYSA-N,Cc1noc(C(=O)O)n1,0.13943894389438943
VYFYYTLLBUKUHU-UHFFFAOYSA-N,NCCc1ccc(O)c(O)c1,0.20544554455445543
GVNHOISKXMSMPX-UHFFFAOYSA-N,CCCCN(CCO)CCO,0.38896746817538896
VSRQFTDAABHPFF-UHFFFAOYSA-N,CC(C)Cc1cc(C(=O)NN)ccn1,0.09900990099009901
SRNSUEFQKGIEPL-UHFFFAOYSA-N,CC(=O)OC1CCC2OOC1O2,0.16287128712871282
WFFZGYRTVIPBFN-UHFFFAOYSA-N,O=C1Cc2ccccc2C1=O,0.15924092409240925
SUMFUTVGQFEHRJ-UHFFFAOYSA-N,Nc1nc(-c2ccccn2)no1,0.1759075907590759
CVPLOAPCCDDPGU-UHFFFAOYSA-N,CN1CCN(C2=CC(=O)CC2)CC1,0.2962046204620462
AYGIKKUNSIUPMN-UHFFFAOYSA-N,O=C(O)CCc1nnc(S)[nH]1,0.11669024045261668
PVLUBQFJUMTXOO-UHFFFAOYSA-N,CC(=O)O/N=C(\N)c1cccnc1,0.1188118811881188
AZHGGDCFQPMANU-UHFFFAOYSA-N,O=C1CNC(=O)c2ccccc2N1,0.24752475247524752
UCSCCSDEGMOIQL-UHFFFAOYSA-N,COc1cccc(OC)c1C(=O)NO,0.10066006600660067
JSKWGKQVODJEEJ-UHFFFAOYSA-N,CCN(C)CC#CCN1CCCC1=O,0.4306930693069307
YNDCHCKPYHFVAW-UHFFFAOYSA-N,CN1CCCC1COc1cncnc1,0.4872112211221122
AHHGOBRUDALIPK-QMMMGPOBSA-N,NC[C@H](CC(=O)O)c1ccc(O)cc1,0.12871287128712872
OCTALGFQZRBHBD-UHFFFAOYSA-N,Cn1c(=O)c(=O)oc2ccccc21,0.2623762376237624
LJBWEZVYRBKOCI-UHFFFAOYSA-N,Nc1ccc2nc(N)nc(N)c2c1,0.22731023102310233
XNZJITNOOLAVMB-UHFFFAOYSA-N,CC(C#Cc1ccco1)N(O)C(N)=O,0.09924563884959926
NBMFDNRJHLWVHY-WDEREUQCSA-N,OCC[C@H](O)[C@H](O)Cc1ccccc1,0.13613861386138615
PIFNPHGMSQOHSQ-UHFFFAOYSA-N,COC(=O)C1CCCC(N)=N1,0.08778877887788779
FDBDETBIRVYJIJ-UHFFFAOYSA-N,CCn1cnc2c(N)nc(N)nc21,0.10396039603960396
HDPSONAKHMNQPA-UHFFFAOYSA-N,O=C(O)c1cc(O)c(O)c([N+](=O)[O-])c1,0.08890264026402642
YNDCHCKPYHFVAW-VIFPVBQESA-N,CN1CCC[C@H]1COc1cncnc1,0.4872112211221122
NWIPHMJDAVGBOX-UHFFFAOYSA-N,O=C(NC1CCNCC1)C1CC1,0.12376237623762376
OOJZCXFXPZGUBJ-RITPCOANSA-N,C=C1C[C@@H]1C[C@H](N)C(=O)O,0.034653465346534656
ROCWONVWEMBXNL-UHFFFAOYSA-N,Cc1ccc(OCC(=O)NO)cc1,0.10264026402640264
WMWUQLMRNQGYEY-UHFFFAOYSA-N,CN(C)c1nc(N)nc(CCl)n1,0.11138613861386139
HMWDILXJWAOEJT-GXSJLCMTSA-N,c1cncc(N2C[C@@H]3CCN[C@@H]3C2)c1,0.4121287128712871
PWZFWKUHDMFIAL-UHFFFAOYSA-N,Cn1ncc2c1CCCC2=O,0.24605139085337108
AWHZTVUDUKYSTH-JGVFFNPUSA-N,CCCC[C@@H]1C(=O)N[C@@H]1C(C)=O,0.1556105610561056
PMPQRINMBYHVSP-MDZDMXLPSA-N,NC(=N/Cl)/N=N/C(N)=N\Cl,0.17566006600660067
FSLBEAMEKOKDTN-UHFFFAOYSA-O,C[n+]1ccn(CCC#N)c1/C=N/O,0.17780528052805283
MRKZNCISKCWGLP-KPKJPENVSA-N,C/C(=N\NC(=N)N)c1ccccc1,0.12252475247524752
BVRKOQJETMBIDK-UHFFFAOYSA-N,CNC(=O)C(N)Cc1ccccc1,0.10189768976897691
CWSKYDZRSSRXQA-DTWKUNHWSA-N,C[C@H]1COC[C@@H](C[N+](C)(C)C)O1,0.17772277227722771
NERNEXMEYQFFHU-KWCOIAHCSA-N,O=C1N[11C](=O)C2(CCCCC2)N1,0.1534653465346535
IKMZGACFMXZAAT-UHFFFAOYSA-N,Cc1ccnc(N)c1[N+](=O)[O-],0.10396039603960396
SFLSHLFXELFNJZ-CMIMLBRMSA-N,[3H][C@](O)(CN)c1ccc(O)c(O)c1,0.05627062706270627
BSGKWQAJXQPUTE-UHFFFAOYSA-N,COc1noc2c1C[N+](C)(C)CC2,0.2981848184818482
WHKRHBLAJFYZKF-UHFFFAOYSA-N,COc1ccc(CO)cc1O,0.12623762376237624
MGJSTMLRSUCUET-MLWJPKLSSA-N,CC(C)C[C@H](N)C(C)O,0.09100660066006598
SGASAPRGFSSJCC-UHFFFAOYSA-N,C#CC1Cc2ccccc2C(N)=N1,0.27953795379537955
IABHWYRRXGOAKL-UHFFFAOYSA-N,CCNc1nc(C#N)nc(NCC)n1,0.3415841584158416
VZTGWJFIMGVKSN-UHFFFAOYSA-O,C=C(C)C(=O)NCCC[N+](C)(C)C,0.23696369636963696
LFLOMAIEONDOLV-UHFFFAOYSA-N,O=C(O)C(=O)c1ccccc1C(=O)O,0.019801980198019802
PUCLWILRXDULKY-CLTKARDFSA-N,N#C/C=C(/N)N1CCCC1,0.17244224422442242
NHZMQXZHNVQTQA-UHFFFAOYSA-N,Cc1ncc(CO)c(CN)c1O,0.132013201320132
OBOOPWDQTYAVEJ-UHFFFAOYSA-N,Cn1cc(C(=O)O)c(Cl)n1,0.10660066006600659
XXJSUOZPETWXPH-UHFFFAOYSA-N,COc1cccc(CON)c1O,0.16881188118811882
IOIXDXPZPWZYMM-UHFFFAOYSA-N,O=c1[nH]c2ccncc2cc1O,0.10231023102310231
YHZVXWISURHQRS-UHFFFAOYSA-N,O=C(CC(O)c1cccc(O)c1)NO,0.10313531353135315
VKYNUXVHEIKKND-UHFFFAOYSA-O,C[N+]1(CC(=O)O)CCCC1,0.09488448844884487
USQHEVWOPJDAAX-RITPCOANSA-N,N[C@H]1CCCC[C@H]1C(=O)O,0.07920792079207921
UTMDJGPRCLQPBT-UHFFFAOYSA-N,O=[N+]([O-])c1cccc2[nH]nnc12,0.21287128712871287
LLLPDUXGHXIXIW-UHFFFAOYSA-N,O=CNc1ccccc1C(=O)O,0.10396039603960396
JHKCSRBLMSDCML-UHFFFAOYSA-N,CC(=O)NS(=O)(=O)c1ccccc1,0.12293729372937293
ATMKRNOIEXCWPQ-HTQZYQBOSA-N,Cc1nc([C@@H]2CN3CC[C@@H]2C3)no1,0.4900990099009901
ZINBYEVHNDIYBV-DUXPYHPUSA-N,NC(=O)/C=C/c1ccc(O)c(O)c1,0.08168316831683169
IZDLWDMGIRBDIA-ONNFQVAWSA-N,CO/C=C/C#CC1(O)CCN(C)CC1,0.22590759075907588
PAUJITBZUCOBIJ-UHFFFAOYSA-N,CC1(C)CNc2nc(N)[nH]c(=O)c2N1,0.07178217821782178
QOUDZMWPQSGONB-NTSWFWBYSA-N,N[C@@H]1C=CC[C@H](C(=O)O)C1,0.058745874587458745
KHBQMWCZKVMBLN-UHFFFAOYSA-N,NS(=O)(=O)c1ccccc1,0.0900990099009901
PHNKNJUOTGXFNU-UHFFFAOYSA-N,Cc1nc(C(=O)O)c(C)nc1CO,0.1377887788778878
IWHLYPDWHHPVAA-UHFFFAOYSA-N,O=C(O)CCCCCO,0.09193776520509193
JWYOAMOZLZXDER-UHNVWZDZSA-N,N[C@H]1CCC[C@H]1C(=O)O,0.05544554455445544
DCJAWPYJSRHQRN-UHFFFAOYSA-N,Cc1c(O)c(=O)ccn1CCC(=O)O,0.09034653465346534
ABNFNHUEWPDNCU-UHFFFAOYSA-N,N#CN1C2CCC1CC(=O)C2,0.37656765676567655
ABKWRNOGFQFNRG-UHFFFAOYSA-N,CNC1=NCC(C(=O)O)CC1,0.058580858085808575
RWPYOAUYOSFJQV-JVVVGQRLSA-N,CC(=O)OC1CCN([11CH3])CC1,0.2854785478547855
FNWHLSBILGQQPG-NSCUHMNNSA-N,Cn1c(/C=C/C=O)cnc1[N+](=O)[O-],0.3020744931636021
IKGBJMGGNGHTRK-UHFFFAOYSA-N,C/N=C(\S)NCCCn1ccnc1,0.2846534653465347
VQPCEYJOGDXUFW-UHFFFAOYSA-N,CC1CCCC2(OC(O)C=CC2=O)O1,0.18003300330033004
KCLFMGVQBHTBJW-UHFFFAOYSA-N,NCC(Br)CC(=O)O,0.060396039603960394
PEYGUQISYVTMGO-UHFFFAOYSA-N,CNCCc1c(C)n[nH]c1C,0.39349363507779356
KWHYPGGBFHXFLD-UHFFFAOYSA-N,C=CCc1c(C)[nH]c(=O)[nH]c1=O,0.1641914191419142
QUZIMSUFTNYBSR-RUDMXATFSA-N,Cc1ccsc1/C=N/NC(=O)CO,0.15429042904290427
ZMDWVDOBEGZQJC-UHFFFAOYSA-N,NC(=O)CCN1CCCCC1,0.1848184818481848
CHYIHEFDRMNERM-UHFFFAOYSA-N,C=CCNc1nc(C)nc(OC)n1,0.2717821782178218
FSYKBAWAYYELHH-UHFFFAOYSA-N,CCCc1cc(=O)[nH]c(N)n1,0.3564356435643564
KBUWQCXQODASRJ-UHFFFAOYSA-N,Cc1ccc(O)[nH]c1=O,0.048019801980198014
MKXDCLLPQDWCDQ-UHFFFAOYSA-N,N=C(N)CCCC(=O)O,0.1122112211221122
MHLXKTVVNZEGPG-UHFFFAOYSA-N,O=CC(=O)Nc1ccccc1,0.18316831683168316
HABHUTWTLGRDDU-UHFFFAOYSA-N,O=C(O)CCCCC(=O)C(=O)O,0.019389438943894388
UCTWMZQNUQWSLP-UTDSSMFPSA-N,[11CH3]NC[C@H](O)c1ccc(O)c(O)c1,0.043069306930693066
DTQUBNMARYWEPV-UHFFFAOYSA-N,NCCCC(N)C(=O)N1CCCCC1,0.25082508250825086
MASWIRTUXFZGAF-UHFFFAOYSA-N,O=C1OCc2cc(O)cc(O)c21,0.08432343234323432
ZBCWTLICDDQSBT-UHFFFAOYSA-N,CC(=N)NCCCc1c[nH]cn1,0.35437293729372943
BOTREHHXSQGWTR-UHFFFAOYSA-N,O=C(O)C1CCOC1,0.10495049504950495
WNZDAVHXNPEVHT-UHFFFAOYSA-N,CC(=O)Nc1[nH]c(C#N)nc1C#N,0.21452145214521454
WQBCZTUSIWRNDW-UHFFFAOYSA-N,CC(C)C(C)C(N)=O,0.06467468175388968
XPGJDPLFMWNERF-SSDOTTSWSA-N,CN(CC#N)C(=O)[C@@H](N)C(C)(C)C,0.1783003300330033
ILNYJNNAHWOTDX-UHFFFAOYSA-N,CNC(=O)Nc1cc(C)nn1C,0.16666666666666669
GZAFGMBZLBZENP-UHFFFAOYSA-N,CCSCC(=O)NCC(=O)OC,0.1443894389438944
AIFYCUKWFYJXJO-YFKPBYRVSA-N,CC(C)N[C@@H](CS)C(=O)O,0.021617161716171618
AZUHIVLOSAPWDM-UHFFFAOYSA-N,c1c[nH]c(-c2ncc[nH]2)n1,0.09257425742574257
FZSZKMMXRBDBQI-UHFFFAOYSA-N,CCNC(=O)N1CCC(N(C)C)C1,0.15396039603960396
KOMXDDRATCALPT-AOOOYVTPSA-N,c1cncc(N2C[C@H]3CNC[C@H]3C2)c1,0.2871287128712871
FJVAQPINJBFBLI-UHFFFAOYSA-N,Cn1cnc2ccccc2c1=O,0.4014026402640264
OSAKXIAFCPXTGN-UHFFFAOYSA-N,C#CC1(C#C)C=CC(=O)C(C#N)=C1,0.19306930693069307
VRHPVAHXPQMOJZ-MRVPVSSYSA-N,C[C@@H](N)C(=O)NCc1ccccc1,0.1415016501650165
AEKVVFWCBKEYSC-UHFFFAOYSA-N,CCC1Cn2cc([N+](=O)[O-])nc2O1,0.1608910891089109
DCWBFOYEQOBQRC-UHFFFAOYSA-N,CCOc1nc2cnccc2c(=O)[nH]1,0.1905940594059406
REBREQWNQBGGHA-UHFFFAOYSA-N,N=c1[cH-][n+](-c2ccc(Cl)cc2)no1,0.33462989156058465
BYIORJAACCWFPU-UHFFFAOYSA-N,Nc1cncc(C(=O)O)c1,0.04950495049504951
WXTMDXOMEHJXQO-UHFFFAOYSA-N,O=C(O)c1cc(O)ccc1O,0.057755775577557754
KRCHFWVMXGGVKG-UHFFFAOYSA-N,Cc1ncn(C2CN3CCC2CC3)n1,0.5346534653465347
PNTBLQOLHRQIRT-UHFFFAOYSA-N,N=C(N)Nc1ccccc1N,0.10973597359735972
JYOLNFDUUMHDIP-JTQLQIEISA-N,C[N+]1(C)CCC[C@H]1CN1CCCC1=O,0.3572607260726072
JPKKMFOXWKNEEN-UHFFFAOYSA-N,CC(O)C[N+](C)(C)C,0.09900990099009899
VMSRCTIIPRWCGJ-UHFFFAOYSA-N,NC1(P(=O)(O)O)CCCCC1,0.15998349834983497
ZUUATXHRJFHSGO-UHFFFAOYSA-N,NC(=NO)c1ccncc1,0.12871287128712872
RXFZQWIYCJKAMJ-UHFFFAOYSA-N,C[N+](C)=CCl,0.05198019801980198
DILMDBKVKPVPRX-UHFFFAOYSA-N,NC1=NCCN1c1ccccc1,0.22376237623762374
VYGDBUNFMFHVLJ-RNFRBKRXSA-N,C[C@@H]1C[C@H](c2cc(=O)[nH]o2)CCN1,0.42574257425742573
VQUMBATZKYCPFB-UHFFFAOYSA-N,O=[PH](O)c1cccs1,0.05338283828382838
XXJWXESWEXIICW-UHFFFAOYSA-N,CCOCCOCCO,0.21215228665723718
ULXKXLZEOGLCRJ-BYPYZUCNSA-N,CCSC[C@H](N)C(=O)O,0.04966996699669967
UEUMMYRZUZKMRI-UHFFFAOYSA-N,CCc1n[nH]c(=O)n1CC,0.22475247524752476
OJVAMHKKJGICOG-UHFFFAOYSA-N,CC(=O)CCC(C)=O,0.02103960396039604
ATGXWWBLMHSRBT-UHFFFAOYSA-N,Cc1cc(C)n(-c2ncncn2)n1,0.21782178217821782
HEFDTDAUQOACPX-UHFFFAOYSA-N,O=c1c2ccccc2[nH]n1CCCO,0.3642739273927392
MRABAEUHTLLEML-UHFFFAOYSA-N,CCCCOC(=O)C(C)O,0.18764733616218765
YCCILVSKPBXVIP-UHFFFAOYSA-N,OCCc1ccc(O)cc1,0.22772277227722773
OHNSRYBTSVDDKA-YHYXMXQVSA-N,NC(=S)N/N=C\c1ccccc1O,0.12871287128712872
TXDDMDVTPDDPIM-UHFFFAOYSA-N,N=C(N)NCc1cccc(C(=O)O)c1,0.12128712871287128
WVORFKPUSXTJGQ-KPKJPENVSA-N,C/C(=N\O)C(=O)NCc1ccccn1,0.09900990099009901
BEUOAZQMTOKUSK-UHFFFAOYSA-N,CN(C)c1nc(N)c2nccnc2n1,0.12871287128712872
PVMLJDLTWMGZAH-UHFFFAOYSA-N,c1ccc(-c2nc[nH]n2)nc1,0.18811881188118812
FUHVYJBSPHDDNU-UHFFFAOYSA-N,NCc1ccc(C(=O)O)o1,0.08415841584158416
RPHHSSICXHMIAH-UHFFFAOYSA-N,C#CCSc1n[nH]c(N)n1,0.07920792079207921
QVAXOQASZGMAHE-UHFFFAOYSA-N,Cn1c(N)nc2ncnc-2c1S,0.1188118811881188
OUYCCCASQSFEME-UHFFFAOYSA-N,NC(Cc1ccc(O)cc1)C(=O)O,0.1311881188118812
ACDAPUOXXWLLSC-UHFFFAOYSA-N,Cc1cccnc1CO,0.04092409240924093
BEZMDAXHYKPOKZ-UHFFFAOYSA-N,C=CC1(C)OC(C(=O)O)=CC1=O,0.0655940594059406
SWOXNMHOSSSHGX-UHFFFAOYSA-N,Cc1ccc(C#N)c(N)[n+]1[O-],0.11815181518151815
QETAIGUMYQMEEU-UHFFFAOYSA-N,C/N=C(\N)SCCC(=O)O,0.060396039603960394
XKLVLDXNZDIDKQ-UHFFFAOYSA-N,CCCCNN,0.400990099009901
QOVHHJPYJVDSFZ-VZUCSPMQSA-N,N=C(NO)N/N=C/c1ccccc1F,0.14603960396039606
KTFVTXOFNRNPRW-UHFFFAOYSA-N,CN1CCSCC1=N,0.21032531824611034
VGVLMHYNQBMKKH-UHFFFAOYSA-N,O=C1OC2C=CC1C1(CCOC1=O)C2,0.17698019801980197
INKKUCBCVJHWGB-UHFFFAOYSA-N,COc1c([N+](=O)[O-])ccc(N)c1N,0.08415841584158416
ZZIYLVCIMJMLLL-UHFFFAOYSA-N,COC(=O)C1=CC2CCN(C1)C2,0.22772277227722773
YPEWWOUWRRQBAX-UHFFFAOYSA-N,CC(=O)CC(=O)N(C)C,0.055693069306930694
NPVOJIUIIYMCKF-UHFFFAOYSA-N,O=c1[nH]c2ccccc2n2cnnc12,0.29207920792079206
MSIAFRBGOYFCND-QMMMGPOBSA-N,NC[C@H](O)C1CCCCC1,0.12788778877887788
HEEFKHNBQNJSOD-UHFFFAOYSA-N,NNC(=O)c1ccccc1S,0.10643564356435643
XLUAWXQORJEMBD-HTQZYQBOSA-N,CC(C)[C@H]1NC(=O)[C@H]2CCCN2C1=O,0.23184818481848185
MYUNWHTZYXUCIK-WEVVVXLNSA-N,N/N=C/c1ccccc1O,0.10891089108910891
KNRFNTVMEIIKEB-UHFFFAOYSA-N,O=C1CCC2=C(CCCC2=O)N1,0.13655115511551155
AWGDLJRTHWLHLC-UHFFFAOYSA-N,Cn1cnc(C2CN3CCC2CC3)n1,0.5717821782178217
GCYJJPOBYJQNHH-UHFFFAOYSA-N,COC(=O)CNC(=O)c1cccs1,0.12046204620462046
YQTVZXSITWEQOW-UHFFFAOYSA-N,CCCCNC(=O)C(C)(C)O,0.20255775577557755
QECABVMKPMRCRZ-UHFFFAOYSA-N,COP(=O)(O)C(C)=O,0.047937293729372936
COEMULFSIHJMSY-UHFFFAOYSA-N,Cc1cc2[nH]c(=S)[nH]c(=O)n2n1,0.1891089108910891
IGWFXUHNYJCMLQ-UHFFFAOYSA-N,C#CCCc1c[nH]cn1,0.3572607260726073
RAOAWTKYEHBLHT-ZETCQYMHSA-N,O=C(O)[C@@H](O)Cc1ccccn1,0.06435643564356436
RVIFJBCICWXUDU-UHFFFAOYSA-N,O=C1NC2C=CC=CCC12,0.24752475247524752
NYYRICOQLICPPN-VKHMYHEASA-N,O=C(O)[C@H](CCS)NC(F)F,0.11768033946251767
JTXBXRUUZPKRQY-UHFFFAOYSA-N,CCCCNC1=C2C(=O)NN=C2CO1,0.4603960396039604
RCHYKGVWNCSGEM-UHFFFAOYSA-N,CCc1c(C)c2nncn2[nH]c1=O,0.16336633663366337
VRSAQOMEXLWLBL-UHFFFAOYSA-N,CC(=O)N1C(C)CN(N=O)CC1C,0.12673267326732673
OPBDMDPBJKVMNL-UHFFFAOYSA-N,CCOC(=O)CC(=O)c1cnccn1,0.14521452145214522
LIPRKYKMVQPYPG-UHFFFAOYSA-N,O=c1occcc1O,0.05544554455445544
XIUCEANTZSXBQQ-UHFFFAOYSA-N,C[N+](C)(C)CC(O)CCl,0.24424799622819426
GCQCFUIIUZPJEN-UHFFFAOYSA-N,CCCCN(C)C(=N)NO,0.23467703913248472
YKCAPWJWQQTXTB-UHFFFAOYSA-N,C=CS(=O)(=O)CCC(C)=O,0.08952145214521452
DRIHXDIRNKVFMV-UHFFFAOYSA-N,COc1c(C)n(CCO)ccc1=O,0.13277934936350777
YAOAMZOGXBMLFQ-UHFFFAOYSA-N,N=C(N)NCCCCCCCN,0.42194719471947195
KNARVBXGIRZZRK-JGVFFNPUSA-N,C[C@@H](C#N)N(C)C(=O)[C@@H](N)C(C)(C)C,0.14942244224422438
ITZPACRJRZVNPM-UXBLZVDNSA-O,O=C(O)CC[n+]1cccc(/C=N/O)c1,0.08217821782178218
QMMRASFENXALBB-UHFFFAOYSA-N,NC(=O)c1cccc(C(N)CS)c1,0.34677039132484677
AYKYXWQEBUNJCN-UHFFFAOYSA-N,CC1=CC(=O)OC1=O,0.055280528052805276
SHBYTOJQOCOSPG-UHFFFAOYSA-N,OCC12C3C4C5C3C1C5C42,0.11658415841584158
CKTUXQBZPWBFDX-UHFFFAOYSA-N,NC1CCCC(C(=O)O)C1,0.0594059405940594
YMMXHEYLRHNXAB-RMKNXTFCSA-N,CO/N=C/C1=CCCN(C)C1,0.20933521923620937
JUWXVUUDMQADMC-UHFFFAOYSA-N,O=C1OCC2CCC(O)CC12,0.13465346534653466
PTOLTJFHLFAGNX-UHFFFAOYSA-N,Cc1nccc2nncnc12,0.18118811881188118
LDIJKUBTLZTFRG-UHFFFAOYSA-N,c1cnc2ccnn2c1,0.09405940594059406
RZHOEAGQLCOHEV-XVNBXDOJSA-N,CC1(C)N=C(/C=N/O)C=[N+]1[O-],0.15272277227722775
CDRZRHVVRYSBPD-UHFFFAOYSA-N,O=C(NC1CC1)c1ncc([N+](=O)[O-])[nH]1,0.06930693069306931
NEJBWENICROWTO-SFYZADRCSA-N,COC(=O)[C@@H]1C=C[C@H](NC(C)=O)C1,0.14975247524752475
ZXRLWHGLEJGMNO-UHFFFAOYSA-N,O=Cc1cncs1,0.07772277227722772
DPOREOOGDLINFI-UHFFFAOYSA-N,N=C(N)C(O)c1ccc2c(c1)OCO2,0.1957802923149458
VHGPDNZJZXWUDY-UHFFFAOYSA-N,O=P(O)(O)CCc1cccnc1,0.21658415841584158
NYMDIRYPHOOUDB-UHFFFAOYSA-N,N#Cc1cccc(NC(=O)C(=O)O)c1,0.12871287128712872
QSJNRTCJVPCSHR-FARCUNLSSA-N,C/C=N/c1cc[nH]c(=O)n1,0.12623762376237624
APCAETLUMQRTDK-UHFFFAOYSA-N,COc1cc(C(=O)O)nc(OC)n1,0.13366336633663367
GPDGFLUBBBVCJX-UHFFFAOYSA-N,C#CCN(C)C(=O)c1cccn1C,0.1588283828382838
VCDGTEZSUNFOKA-UHFFFAOYSA-N,O=Cc1ccc(OCCO)cc1,0.19554455445544555
HTWVUABWSVFZBF-UHFFFAOYSA-N,CC(=O)Nc1nnc2n1CCCS2,0.188036303630363
IODGAONBTQRGGG-LURJTMIESA-N,CC[C@@H](C(=O)O)N1CCCC1=O,0.0952970297029703
RLRXYCOJGGRMQS-UHFFFAOYSA-N,CNCCc1[nH]cnc1C,0.41089108910891087
ZDESJBRGHYINNN-UHFFFAOYSA-N,Cn1c(N)cccc1=N,0.11320132013201319
GZBUMTPCIKCWFW-UHFFFAOYSA-N,CC[N+](CC)(CC)CCO,0.24763083451202267
OKJUBHQJVNBSOG-UHFFFAOYSA-N,CC(C)(CN)c1cnc[nH]1,0.14587458745874587
GATNOFPXSDHULC-UHFFFAOYSA-N,CCP(=O)(O)O,0.07566006600660066
LRVLAHKIQWPWCY-UHFFFAOYSA-N,Nc1ccc(C2OC(=O)NC2=O)cc1,0.1844059405940594
RWCMOQXHIDWDDJ-ZETCQYMHSA-N,O=C(O)[C@@H](O)c1ccc(F)cc1,0.054455445544554455
ALLUGGDOETVHSP-UHFFFAOYSA-N,N#Cc1cnc(C#N)c(Cl)n1,0.2961810466760962
PKLPQOJFHFGVBS-UHFFFAOYSA-N,CC(=O)c1c(O)cc(C)oc1=O,0.09777227722772278
QDYMCFLCMGVGMD-UHFFFAOYSA-O,C[N+](C)(CCF)CCCC(=O)O,0.1793965110796794
AYPJVXQBVHCUCJ-UHFFFAOYSA-N,CCOC(=O)CCCO,0.15959453088165962
VTJAFLLRROFQPM-UHFFFAOYSA-N,C[N+]1(C)CC=C(N2CCOCC2)CC1,0.3118811881188119
VHRGRCVQAFMJIZ-UHFFFAOYSA-N,NCCCCCN,0.3415841584158416
AVZOEZMUNZGWLN-UHFFFAOYSA-N,COC1(OC)C=CC(=O)C=C1,0.166996699669967
HSXNXTGUYOUXQI-UHFFFAOYSA-N,OCCCNC(=S)S,0.18358085808580857
MWYPZOYBCYPALN-UHFFFAOYSA-N,CCCCP(=O)(O)CC(=O)CN,0.11633663366336634
OSFDSLRVYKUBOP-UHFFFAOYSA-N,CCCn1cnc2c(=O)[nH]c(N)nc21,0.16831683168316833
BANRXGCIPOQDMR-UHFFFAOYSA-N,Cc1c(O)ccoc1=O,0.05792079207920792
PVOSECZBLPUJLZ-UHFFFAOYSA-N,c1ccc2c(c1)NCC1CNCCN21,0.3056930693069307
AOPRXJXHLWYPQR-UHFFFAOYSA-N,NC(=O)COc1ccccc1,0.09447194719471948
ZHBHKCFTFMIUEB-BJMVGYQFSA-N,Cc1cccc(/C=N/N=C(\N)NO)n1,0.1545025931164545
AEPZRULXCKGTFI-YFKPBYRVSA-N,O=C1N2CCC[C@H]2CS1(=O)=O,0.22541254125412544
GSVFENCKYURWTI-UHFFFAOYSA-N,CCNc1ncnc2[nH]cnc12,0.31683168316831684
QJMFTAWMXPHJTG-UHFFFAOYSA-N,Cc1nsnc1OC(=O)N(C)C,0.09075907590759075
OEUQNXWWSVIUTP-UHFFFAOYSA-N,O=C(O)CCc1ccc(C(=O)O)nc1,0.07054455445544554
DSWLRNLRVBAVFC-UHFFFAOYSA-N,C[S+]([O-])CC(=O)c1ccccn1,0.117986798679868
BCUBVIUYBHOZBQ-UHFFFAOYSA-N,c1ncc2c(n1)C1CCC(C2)N1,0.4141914191419142
XNQIOISZPFVUFG-UHFFFAOYSA-N,CC(N)Cc1cnc[nH]1,0.11320132013201319
UBGHOIDVCMBBEP-UHFFFAOYSA-N,CC(=O)NCc1cccc(CN)c1,0.16336633663366337
UMLBRIIKPQMRIO-UHFFFAOYSA-O,CCOC[n+]1ccn(C)c1/C=N/O,0.21905940594059406
KKLDLTCISAWVLM-UHFFFAOYSA-N,c1cncc(Cc2nn[nH]n2)c1,0.12706270627062705
UYSDSONCNFNDQL-UHFFFAOYSA-N,Cc1cc(NCCO)n2nccc2n1,0.2376237623762376
QGIHERZYTKZKLL-UHFFFAOYSA-N,CCC1(C)SC(N)=NN1C(C)=O,0.059323432343234325
SUYYYBBFOLGROC-UHFFFAOYSA-N,CC1Oc2ccc(N)cc2NC1=O,0.18646864686468645
VTHRQKSLPFJQHN-UHFFFAOYSA-N,N#CCCOCCOCCC#N,0.3910891089108911
MOSFSUKRPKTXFU-UHFFFAOYSA-N,COc1cccnc1C(=O)NO,0.07095709570957096
OUZCWDMJTKYHCA-UHFFFAOYSA-N,Cc1nnc(S)[nH]1,0.10099009900990098
OSCGPKRHGOYTDV-VZUCSPMQSA-N,CC/C=N/OCC(O)CNC(C)C,0.21875294672324377
JOOXCMJARBKPKM-UHFFFAOYSA-N,CC(=O)CCC(=O)O,0.011138613861386138
JBSRTZUQAXYSQB-UHFFFAOYSA-N,NCC1OCCc2c1ccc(O)c2O,0.12747524752475248
POMHUWAQEADJGB-SJEUGXSHSA-N,N[C@]1(C(=O)O)C[C@H](CF)C1,0.09405940594059406
PMNGHOKWUMBSLB-BIIVOSGPSA-N,O=C(O)[C@@H]1[C@H]2CCC[C@@H]1NCC2,0.13613861386138615
ADLADNOVIJYIMA-UHFFFAOYSA-N,O=NN1CCC(=O)CC1,0.13242574257425743
FWJKNZONDWOGMI-UHFFFAOYSA-N,CCC1(CC)C(=O)NC(=O)N(C)C1=O,0.1707920792079208
KXBQNNGKLMZFGJ-UHFFFAOYSA-N,O=c1c2ccccc2[nH]n1CCO,0.2933168316831683
ZGHKBXCWIZHPBZ-PSASIEDQSA-N,c1cncc(N2C[C@H]3C[C@@H]2CN3)c1,0.1966996699669967
AGKYMAODIKREIE-UHFFFAOYSA-N,O=c1[nH]cnc2c1-c1cccn1CC2,0.20833333333333334
SZAYXOZJQJXPTC-IZZDOVSWSA-N,CN(C)/C=N/C(=O)c1cnccn1,0.2466996699669967
HYBZNNIIQAYWEF-UHFFFAOYSA-N,CC(=O)C1=CCCN(C)C1,0.06105610561056106
CAWJAXDBKJJVPC-UHFFFAOYSA-N,CC(C)(C#N)NNC(=O)c1ccco1,0.16006600660066003
LKAHLPBXLNUNQZ-UHFFFAOYSA-N,C#CC[N+](C)(CC#C)CC#C,0.23267326732673269
YDJLYZDTIUKJQI-UHFFFAOYSA-N,CCC1CN=C(N)C1,0.18184818481848186
WJVVPYVGCDWJKB-UHFFFAOYSA-N,NC(=O)c1cccc2c1OCC2,0.14686468646864687
CSGQJHQYWJLPKY-UHFFFAOYSA-N,O=C(O)c1cc(O)[nH]c(=O)c1,0.011138613861386138
SUSIQENTYZSKAW-WEVVVXLNSA-N,Cn1cccc1/C=N/NC(N)=S,0.1687293729372937
FWDROTDBZOBNLC-UHFFFAOYSA-N,Nc1nccc(NC2CCNCC2)n1,0.46534653465346537
DGUCIYYHBBSKNE-UHFFFAOYSA-N,CC1OCC2(CCCNC2)O1,0.34744224422442244
DXRVRACCHWIPJB-UHFFFAOYSA-N,CCOC(=O)c1nnsc1NN,0.16263554926921261
HZBFYDISTFMZTO-UHFFFAOYSA-N,NC(=O)c1cc(F)cc2c1OCC2,0.14768976897689767
ZBIIKTYRXGHZSP-UHFFFAOYSA-N,CC(C)NC(=O)P(=O)(O)O,0.06056105610561056
QNOLKZYYKHPKJQ-UHFFFAOYSA-N,CCON(CC)N=O,0.2644389438943895
PFYCHDZKRMJBFY-UHFFFAOYSA-N,c1cncc(CN2CC3CC2CN3)c1,0.24504950495049505
XQVLSVGTENBRFH-UHFFFAOYSA-N,C/N=C(\NC#N)Nc1cccnc1,0.15965346534653466
QCJUNFLLMLBZLR-UHFFFAOYSA-N,C/N=C(\S)c1ncccc1N,0.11650165016501651
CEMZBWPSKYISTN-YFKPBYRVSA-N,COC(=O)[C@@H](N)C(C)C,0.05123762376237624
MHRDCHHESNJQIS-UHFFFAOYSA-N,CC(CS)C(=O)O,0.027805280528052805
JKNCOURZONDCGV-UHFFFAOYSA-N,C=C(C)C(=O)OCCN(C)C,0.13995756718528995
SVEPUZNLROGYNZ-UHFFFAOYSA-N,NCc1ccc([N+](=O)[O-])cc1[N+](=O)[O-],0.21534653465346534
LMECNVOGESXMGV-UMJHXOGRSA-N,NCC1C[C@]1(C(N)=O)c1ccccc1,0.06724422442244225
RGKLWAHLGYLIKT-UHFFFAOYSA-N,Sc1ncnc2nn[nH]c12,0.1415841584158416
KQEVEDHJIGSXDK-UHFFFAOYSA-N,[O-]c1c[n+](-c2ccccc2)no1,0.2739273927392739
KIUHZRUPPGAVPY-UHFFFAOYSA-N,O=NN1CC=CCC1,0.09405940594059406
ZLEFGZRMMRINET-UHFFFAOYSA-N,Cc1cc(=N)sn1C,0.1812824139556813
PWPOIJNVVZDGIH-VITGYUQNSA-N,CCOC1OC(=O)[C@H]2[C@@H]1[C@@H]1CC[C@H]2O1,0.28094059405940597
DCSDZQBAHAJINH-UHFFFAOYSA-N,NC(=S)NN=C1C=CCCC1,0.1188118811881188
KBXXIYHLBDJZSW-VIFPVBQESA-N,CCCNCC(=O)N1CCC[C@H]1C#N,0.18003300330033004
GSFUNLAUWYNNCT-UHFFFAOYSA-N,Cc1nc2cnccn2c1O,0.1471947194719472
NKSXTZQHEAIDSX-UHFFFAOYSA-N,Nc1n[nH]c(Cc2ccccn2)n1,0.1099009900990099
PRQUBDQDCAULSW-UHFFFAOYSA-N,c1ccc(-c2c[nH]nn2)nc1,0.17326732673267325
QACYJJJFKRYOJD-UHFFFAOYSA-N,CC(O)CC#CCCO,0.13382838283828383
BGLCATULDGAIDO-UHFFFAOYSA-N,Nc1nnc2cncc(Cl)n12,0.07673267326732673
PIDRHKDECUFWTG-UHFFFAOYSA-N,C[n+]1ccsc1,0.12574257425742574
XTWQGFNPJUNTFD-UHFFFAOYSA-N,NC1CCc2n[nH]cc2C1,0.2435643564356436
STZIVELXXMZOFY-UHFFFAOYSA-N,O=c1nc2c3c(ccc2n[nH]1)=CCCC=3,0.16831683168316833
QNLBKZNRCKYYRB-UHFFFAOYSA-N,CNc1nccnc1C,0.2099009900990099
YCQNUDLIFJZIKT-UHFFFAOYSA-N,Cc1cc(=O)n2c(n1)SCOC2,0.19306930693069307
LBVZINOLAFTARU-UHFFFAOYSA-N,CNC(=O)CBr,0.07632013201320133
HZVJFZZXNQLMQB-UHFFFAOYSA-N,CC1CCc2nc(N)[nH]c(=O)c2C1,0.1782178217821782
JIPSHGIBKGDJHE-UHFFFAOYSA-N,Cc1ccn(C)c(=N)c1,0.16593587930221593
DIDVRNLWJBGGQJ-UHFFFAOYSA-N,CCOC(=O)C1=C(C)NC(=O)NC1,0.12574257425742574
XWMLEYINWKGSAC-UHFFFAOYSA-N,CN(C)c1ccc(C(=O)O)cn1,0.10891089108910891
GQEHSBNMBDRPNR-UHFFFAOYSA-N,CC(C)N1CCNC1=S,0.1452145214521452
MYXVAUFDDVSDIF-UHFFFAOYSA-N,Cc1nc2[nH]c3c(c(=O)n2n1)CCC3,0.26732673267326734
HWINKOAWQWLCBL-UHFFFAOYSA-N,COc1cccc2c1[nH]c(=O)n2O,0.1891796322489392
LVRFTAZAXQPQHI-UHFFFAOYSA-N,CC(C)CC(O)C(=O)O,0.043894389438943894
DABFKTHTXOELJF-UHFFFAOYSA-N,CCCN1C(=O)C=CC1=O,0.27121640735502117
KHDDBIBKNPILFG-UHFFFAOYSA-N,O=C(O)CC(CC(=O)O)n1cccc1,0.0231023102310231
SDNBIUWXOAETLE-UHFFFAOYSA-N,CNC1Cc2ccc(O)c(O)c2C1,0.19405940594059407
WOFFHNPACQWVAV-UHFFFAOYSA-N,Nc1ccnc(-c2cc[n+]([O-])cc2)n1,0.2755775577557756
JVUOHGAGHQZZJW-UHFFFAOYSA-N,CNC(=O)CCc1ccc(O)c(O)c1,0.15216878830740216
OSCTXCOERRNGLW-SREVYHEPSA-N,O=C(/C=C\c1ccccc1)NCCO,0.059818481848184814
DCUKVUVLSDGDEZ-UHFFFAOYSA-N,CCN(N=O)C(C)OC,0.18696369636963697
NDVNHAJMXQWLSL-UHFFFAOYSA-N,CCNc1ncnc2c1nnn2CC,0.42326732673267325
ALYNCZNDIQEVRV-UHFFFAOYSA-N,Nc1ccc(C(=O)O)cc1,0.019801980198019802
COAVYXJTHCOFKX-UHFFFAOYSA-N,CC(C)C(O)(CCO)CC(=O)O,0.12510608203677512
JUZLMRLZYMOOMY-XQRVVYSFSA-N,CN(C)/C=C1/C=C(C=O)OC1=O,0.1386963696369637
